Name,Class,IP Address/Full Name,Type/Home,State/Profile,Type/Description
!HDAH,User,Helpdesk Admin,,,CSC - Helpdesk Admin account for after Hrs,66113
_!POWERC,User,*,,,,515
_AHRENSG,User,Genny Ahrens,,\\moj141srv001\data\profiles\ahrensg,HR Personnel - disabled 2/5/01,515
_ALDERSOC,User,Carol Alderson,\\banj98227\aldersoc,\\banj98227\profile$\aldersoc,Group Worker - disabled 17/01/01,515
_ALLENK,User,*,,,,515
_ALLENT,User,Tracey Allen,\\band98268\allent,\\band98268\profile$\allent,Prison Officer - Bandyup - disabled 17/01/01,515
_ALLOTTY,User,Yadge Allott,,\\moj141srv001\data\profiles\allotty,Personal Assistant- disabled 2/5/01,515
_ANDERSOD,User,,\\banj98227\andersod,\\banj98227\profile$\andersod,,515
_ANDERSOJ,User,Judith Anderson,,\\mojfcsrv001\data\profiles\AndersoJ,Family Court Collector of maint - dis 28/2/1,66051
_ANDRESH,User,,\\casu98264\andresh,\\casu98264\profile$\andresh,,515
_ANSELLJ,User,Juanita Ansell,\\kunc98337\AnsellJ,\\kunc98337\profile$\AnsellJ,Kununurra CBS - disabled 29/6/01,515
_ANSTEYB,User,Brenden Anstey,,\\moj141srv001\data\profiles\ansteyb,ISD FMIS - Disabled 9/04/2001,515
_ARNDTM,User,Mike Arndt,,,ISD level 18, x1366 - disabl 22/5/01,515
_ASHA,User,*,,,,515
_AXFORDK,User,,,\\clc95896\axfordk,,515
_AYRED,User,Denis Ayre,\\eago98223\AyreD,\\eago98223\profile$\AyreD,Prison Officer - disabled 17/01/01,515
_AYRESD,User,Debbie Ayres,\\karn98218\AyresD,\\karn98218\profile$\AyresD,Typist - disabled 17/01/01,515
_BABBP,User,,\\wsq98263\babbp,\\wsq98263\profile$\babbp,,515
_BACKR,User,Ronald Back,\\casu98264\backr,\\casu98264\profile$\backr,Industrial Officer - disabled 17/01/01,515
_BACKSHAG,User,Gemma Backshall,\\meec98347\backshag,\\meec98347\profile$\backshag,Meekatharra CBS Clerical Officer - dis 17/01/01,515
_BAHNAMY,User,Yara Bahnam,\\benc_res\bahnamy,\\benc_res\profile$\bahnamy,Bentley CBS User - disabled 18/6/01,515
_BAILLIEI,User,Ivan Baillie,\\bunb98262\bailliei,\\bunb98262\profile$\bailliei,Prison Officer - disabled 17/01/01,515
_BAINESM,User,,,\\moj141srv001\data\profiles\bainesm,,515
_BAKERL,User,Lisa Baker,,,OM P.I.P. already disabled 23/7/01,515
_BAKERLI,User,Lisa Baker,\\wsq98263\BakerLi,\\wsq98263\profiles$\BakerLi,Mgr Workforce Transition - lalready disbld 23/7,515
_BAKERRON,User,Ron Baker,,\\mojopasrv001\data\profiles\BakerRon,disabled 16/05/2001,515
_BALESK,User,,,\\clc95896\profile$\balesk,,515
_BARBERL,User,Linda Barber,\\wsq98263\barberl,,Clerk - disabled 17/01/01,515
_BARKERKE,User,,,\\clc95896\barkerke,,515
_BARKERSA,User,,,\\opa96706\roaming\barkersa,,515
_BARKERT,User,Toni Barker,\\CASU98264\BarkerT,\\CASU98264\profile$\BarkerT,Reception - Disabled 9/04/2001,515
_BARKWITR,User,Robert Barkwith,\\band98268\barkwitr,\\band98268\profile$\barkwitr,Prison Officer - disabled 22/2/1,515
_BARNESM,User,Melanie Barnes,,,HR Personnel Services Officer - dis 17/01/01,515
_BARNSA,User,,\\kill98208\barnsa,\\kill98208\Profile$\barnsa,,515
_BARRETTP,User,Patrick Barrett,\\ranj98224\BarrettP,\\ranj98224\profile$\BarrettP,Group Worker deleted 26/02/2001,515
_BARROWA,User,,\\alba98266\barrowa,\\alba98266\profile$\barrowa,,515
_BARTLETB,User,Brian Bartlett,\\alba98266\bartletb,\\alba98266\profile$\bartletb,Prison Officer - disabled 18/06/01,515
_BARTLETV,User,Valerie Bartlett,,\\clc95896\bartletv,Court Officer - disabled 25/07/01,515
_BASKERVM,User,Melissa Baskerville,\\wsq98263\baskervm,\\wsq98263\profile$\baskervm,A/Admin Support Office - disabled 17/01/01,515
_BATESL,User,Leanne Bates,,,disabled 16/05/2001,515
_BATHR,User,*,,,,515
_BATTILAB,User,Bevan Battilana,,\\armacrtibm1\battilab,Armadale Court - disabled 1/6/01,66051
_BAZE,User,,\\benc_res\baze,\\benc_res\profile$\baze,,515
_BEANC,User,,\\woor98267\BeanC,\\woor98267\profile$\BeanC,,515
_BEDFORDG,User,Grant Bedford,,\\moj141srv001\data\profiles\bedfordg,Internal Audit - disabled 28/2/1 *,515
_BELLA,User,Adam Bell,\\moj141srv001\data\users\bella,\\moj141srv001\data\profiles\bella,CSC SOE Design disabled 7/3/01,515
_BELLANOL,User,,,\\clc95896\bellanol,,515
_BELLEWJ,User,Jillian Bellew,\\casu98264\bellewj,\\casu98264\profile$\bellewj,Prison Officer - disabled 17/01/01,515
_BELLGA,User,,\\jooc98201\bellga,\\jooc98201\profile$\bellga,,515
_BELLVI,User,,\\cann98265\BellVi,\\cann98265\profile$\BellVi,,515
_BENTLEYM,User,Mariann Bentley,\\GREE98261\bentleym,\\GREE98261\Profile$\bentleym,Greenough Industrial Officer - dis 30/03/01,515
_BERTRAMR,User,Robert Bertram,\\casu98264\bertramr,\\casu98264\profile$\bertramr,Senior Hospitial Officer - * disabled 28/2/1,515
_BESWICKD,User,Derryl Beswick,\\casu98264\beswickd,\\casu98264\profile$\beswickd,Senior Officer Casurina - disabled 23/03/01,515
_BICKNELJ,User,,\\perc95846\bicknelj,\\perc95846\profile$\bicknelj,,515
_BISLEYJ,User,John Bisley,\\Frec98207\BisleyJ,\\Frec98207\profile$\BisleyJ,A/CCO - Joondalup CBS - disabled 18/06/01,515
_BISLEYJO,User,,\\JOOC98201\BisleyJo,\\JOOC98201\profile$\BisleyJo,,515
_BLACKL,User,,\\wsq98263\blackl,\\wsq98263\profile$\blackl,,515
_BLOOMERA,User,Anthony Bloomer,\\FREC98207\BloomerA,\\FREC98207\profile$\BloomerA,CCO - disabled 28/2/1,515
_BLUNTP,User,Philomena Blunt,,\\moj141srv001\data\profiles\bluntp,Registrar General's Office - disabled 29/3,515
_BLYTHP,User,*,,,,515
_BOLANC,User,Christopher Bolan,\\moj141srv001\data\users\bolanc,\\moj141srv001\data\profiles\BolanC,Project Officer - disabled 04/05/01,515
_BOLTONN,User,Natalya Botlon,,,Human Resources - disabled 17/01/01,515
_BOROWIEC,User,*,,,,515
_BOWDENY,User,Yvonne Bowden,,,PCO - disabled 2/5/01,515
_BOWENV,User,Valerie Bowen,\\ranj98224\BowenV,\\ranj98224\profile$\BowenV,Group Worker - disabled 17/01/01,515
_BOWLESD,User,David Bowles,\\bunb98262\BowlesD,\\bunb98262\data\profiles\BowlesD,Industrial Officer - Bunbury - disabled 17/01/01,515
_BOYLEC,User,Christopher Boyle,,,Acting Registrar - disabled 17/01/01,515
_BRADDONM,User,Maxine Braddon,,,Finance   Cashier - disabled 17/01/01,515
_BRADLEYR,User,Ross Bradley,,,Executive Officer - disabled 17/01/01,515
_BRADLEYV,User,Victoria Bradley,\\cann98265\BradleyV,\\cann98265\profile$\BradleyV,Prisoner Support - disabled 18/06/01,515
_BRADYC,User,Colleen Brady,\\woor98267\BradyC,\\woor98267\profile$\BradyC,Education Officer - Disabled 18/7/01,515
_BRAEKTM,User,Megan in de Braekt,\\wsq98263\braektm,,Health Services - disabled 2/5/01,515
_BRANCHL,User,Lyndall Branch,\\cann98265\branchl,\\cann98265\profile$\branchl,Clerical Assistant - disabled 23/03/01,515
_BRANKLEP,User,Peter Brankley,,,Courts Developer - Disabled 22/5/01,515
_BRENNANC,User,Charles Brennan,\\casu98264\brennanc,\\casu98264\profile$\brennanc,Officer - disabled 17/01/01,515
_BRILLD,User,,,\\opa96706\roaming\brilld,,515
_BRINDC,User,Carolyn Brind,,,Court Officer - disabled 17/01/01,515
_BROOKSBJ,User,John Brooksbank,\\midc98212\brooksbj,\\midc98212\profile$\brooksbj,A/CCO,515
_BROWNI,User,Irosha Brown,,\\clc95896\browni,Local Court - disabled 25/07/01,515
_BROWNINB,User,Barry Browning,\\cann98265\browninb,\\cann98265\profile$\browninb,Hospital Officer - disabled 18/06/01,515
_BROWNP,User,Paulette Brown,,\\mojavssrv001\data\profiles\Brownp,AVS - disabled 21/6/01,515
_BROWNTA,User,Tara Brown,,\\mojavssrv001\data\profiles\Brownta,Admin Assistant - disabled 17/01/01,515
_BRUSSI,User,Ines Bruss,\\midc98212\BrussI,\\midc98212\profile$\BrussI,JJO - disabled 17/01/01,515
_BRYANTJ,User,Joel Bryant,\\perc95846\bryantj,\\perc95846\profile$\bryantj,File Clerk - disabled 17/01/01,515
_BRYSONK,User,Katie Bryson,\\moj141srv001\data\users\brysonk,\\moj141srv001\data\profiles\brysonk,Personal Assistant disabled 16/01/2001,515
_BURGED,User,,\\woor98267\BurgeD,\\woor98267\profile$\BurgeD,,515
_BURKETTG,User,Greg Burkett,\\GREE98261\burkettg,\\GREE98261\Profile$\burkettg,Greenough Prison Prison Officer - dis 17/01/01,515
_BURMAZS,User,Sonja Burmaz,,,Travel Services Co-ordinator - disabled 17/01/01,515
_BURNETTG,User,,\\casu98264\burnettg,\\casu98264\profile$\burnettg,,515
_BURROWSJ,User,,\\cann98265\BurrowsJ,\\cann98265\profile$\BurrowsJ,,515
_BURTONM,User,Murray Burton,\\banj98227\burtonm,\\banj98227\profile$\burtonm,Unit Manager - disabled 17/01/01,515
_BURTONS,User,,\\benc95807\public$\burtons,\\benc95807\profiles$\burtons,,515
_BUTCHARJ,User,,\\casu98264\butcharj,\\casu98264\profile$\butcharj,,515
_BYKERKBI,User,,\\wsq98263\BykerkBi,\\wsq98263\profiles$\BykerkBi,,515
_BYRNET,User,,\\casu98264\byrnet,\\casu98264\profile$\byrnet,,515
_BYRNETH,User,,\\msu98213\ByrneTh,\\msu98213\profile$\ByrneTh,,515
_CABOTM,User,,\\gree98261\cabotm,\\gree98261\Profile$\cabotm,,515
_CADAMYK,User,Kym Cadamy-Thompson,,,Prisons - ren 17/01/01,515
_CADDYD,User,Dean Caddy,,\\moj141srv001\data\profiles\caddyd,Records Officer - disabled 17/01/01,515
_CALLOWM,User,Monica Callow,,\\moj141srv001\data\profiles\callowm,Registrar General's Office disabled 20/04/01,66051
_CAMERONB,User,Barry Cameron,\\banj98227\CameronB,\\banj98227\profile$\CameronB,Abor. W/fare Officer - disabled 17/01/01,515
_CAMEROND,User,*,,,,515
_CAMISAP,User,Pruscilla Camisa,\\roec98206\CamisaP,\\roec98206\profile$\CamisaP,WOO - disabled 17/01/01,515
_CARBONEN,User,Nancy Carbone,\\ROCC98222\CarboneN,\\ROCC98222\profile$\CarboneN,ACCO - Disabled 9/04/2001,515
_CARLICKS,User,Sarah Carlick,\\MIRC98215\CarlickS,\\MIRC98215\Profile$\CarlickS,CCO - disabled 17/01/01,515
_CARLSOND,User,,\\wsq98263\CarlsonD,\\wsq98263\profile$\CarlsonD,,515
_CARRG,User,Gill Carr,\\bunb98262\CarrG,\\bunb98262\profile$\CarrG,Prison Officer - disabled 17/01/01,515
_CARROLLE,User,Leigh Carroll,,\\moj141srv001\data\profiles\carrolle,Contractor - Disabled 22/5/01,515
_CARROLLL,User,Laurie Carroll,\\casu98264\carrolll,\\casu98264\profile$\carrolll,Senior Officer - disabled 17/01/01,515
_CARSLAKJ,User,Jo Carslake,,,Parlimentary Counsel Office - disabled 17/01/01,515
_CARTERJ,User,,\\cann98265\carterj,\\cann98265\profile$\carterj,,515
_CARTERP,User,,\\cann98265\CarterP,\\cann98265\profile$\CarterP,,515
_CAVILLY,User,Yvonne Cavill,\\jooc98201\cavilly,\\jooc98201\profile$\cavilly,Education Officer - disabled 8/6,515
_CHALLISJ,User,John Challis,\\ranj98224\ChallisJ,\\ranj98224\profile$\ChallisJ,Group Worker - disabled 18/01/01,515
_CHAMBEKE,User,Kerry Chamberlain,\\banj98227\Chamberk,\\ranj98224\profile$\chambeke,Medical Records Officer - Disabled 13/02/01,515
_CHAMBKER,User,Kerry Chamberlain,\\BENC_RES\Chambker,\\BENC_RES\Profile$\Chambker,Medical Records Officer - Disabled 13/02/01,515
_CHAPMANJ,User,Jessie Chapman,\\pard98214\chapmanj,\\pard98214\profile$\chapmanj,Administration Assistant - disabled 17/01/01,515
_CHEEE,User,Esabella Chee,\\ranj98224\cheee,\\ranj98224\profile$\cheee,Group Worker-Rangeview Remand - Disabled 9/04/01,515
_CHINNERK,User,Ken Chinnery,\\wsq98263\chinnerk,\\wsq98263\profile$\chinnerk,HR Personnel, Recruitment - Disabled 9/04/2001,515
_CHIPPM,User,Maureen Chipp,\\madc98210\chippm,\\madc98210\profile$\chippm,CCO - disabled 18/01/01,515
_CHUAA,User,Ann Chua,,,HR Contractor - disabled 22/5/01,515
_CHUAHR,User,Raymond (Teong Teng) Chuah,,,Accounting Officer - disabled 18/01/01,515
_CHURNSIJ,User,,\\porc500036\ChurnsiJ,\\porc500036\profile$\ChurnsiJ,,515
_CLARENCH,User,*,,,,515
_CLARKL,User,Lynn Clark,\\band98268\clarkel,\\band98268\profile$\clarkel,Prison Officer - already disabled @ 22/2/1,515
_CLEMENTD,User,,\\ranj98224\ClementD,\\ranj98224\profile$\ClementD,,515
_COCKMANK,User,,\\woor98267\cockmank,\\woor98267\profile$\cockmank,,515
_COLER,User,*,,,,515
_CONROYT,User,,\\clc95896\conroyt,\\clc95896\conroyt,,515
_CONTRAC2,User,Contractor 2,,,CSC 2nd level support contractor,515
_CONTRACTOR,User,Contractor,,,Contractor,515
_COOKCH,User,Charlie Cook,\\cann98265\CookCH,\\cann98265\profile$\CookCH,Transport Officer - Disabled 9/04/2001,515
_COOKSONP,User,Penny Cookson,,,Consultant - Level 18 - disabled 22/5/01,515
_COPES,User,*,,,,515
_COPPENDB,User,Brian Coppendale,,,HR Officers - disabled 18/01/01,515
_COWIEH,User,Hilary Cowie,\\banj98227\cowieh,\\banj98227\profile$\cowieh,Group Worker - disabled 18/01/01,515
_COXBO,User,Bobbie Cox,\\mirc98215\CoxBo,\\mirc98215\profile$\CoxBo,CCO,513
_COXJ,User,John Cox,\\midc98212\coxj,\\midc98212\profile$\coxj,Co-ordinator - disabled 18/01/01,515
_COXR,User,*,,,,515
_COYLEM,User,Mick Coyle,\\cann98265\CoyleM,\\cann98265\profile$\CoyleM,Prison Officer - disabled 18/06/01,515
_CRAIGEG,User,Graham Craige,\\cann98265\profile$\craigeg,\\cann98265\profile$\craigeg,Mental Health Nurse Specialist - disbld 18/01/01,515
_CRISAFUL,User,Luise Crisafulli,,,Library Assistant - disabled 18/01/01,515
_CROCKERK,User,Kerry Crocker,\\manc98219\CrockerK,\\manc98219\profile$\CrockerK,A/WOO - disabled 18/01/01,515
_CROSSMAA,User,Adrian Crossman,,,Mandurah CBS - disabled 8/3/01,66051
_CROSSMANA,User,Adrian Crossman,\\manc98219\CrossmanA,\\manc98219\profile$\CrossmanA,CCO - disabled 28/2/1,515
_CROWEA,User,Alan Crowe,\\bunb98262\CroweA,\\bunb98262\profile$\CroweA,Prison Officer - disabled 18/01/01,515
_CROWES,User,Sandy Crowe,\\rive_res\crowes,\\rive_res\Profile$\crowes,Riverbank Prison - Cashier - Disabled 01/03/01,515
_CURKOD,User,*,,,,515
_CUSENSD,User,Doug Cusens,,\\moj141srv001\data\profiles\cusensd,Communications,515
_DANIELST,User,,\\alba98266\danielst,\\alba98266\profile$\danielst,,515
_DANNA,User,Anthony Dann,\\gerc98200\danna,\\gerc98200\profile$\danna,Geraldton CBS A/SJJO - Disabled 9/04/2001,515
_DANNP,User,Paula Dann,,,Records Officer - disabled 18/01/01,515
_DANZEYL,User,,,\\mojfcsrv001\data\profiles\DanzeyL,,515
_DARCEYT,User,Tom Darcey,\\pard98214\DarceyT,\\pard98214\profile$\DarceyT,Industrial Officer - disabled 18/01/01,515
_DASILVAJ,User,,\\perc95846\dasilvaj,\\perc95846\profile$\dasilvaj,,515
_DAVIESA,User,Alison Davies,\\band98268\daviesa,\\band98268\profile$\daviesa,Nurse - disabled 28/2/1,515
_DAVIESB,User,*,,,,515
_DAYC,User,Christine Day,\\RANJ98224\DayC,\\RANJ98224\profile$\DayC,Group Worker - Disabled 24/5/01,515
_DAYL,User,Lowell Day,\\casu98264\dayl,\\casu98264\profile$\dayl,Prison Officer - Disabled 17/01/01,515
_DEHAANLI,User,Linda DeHaan,,,Forensic Case Manager - disabled 18/01/0,515
_DEMARTIJ,User,Jaala Demarti,\\cann98265\DemartiJ,\\cann98265\profile$\DemartiJ,Data Entry Officer - disabled 18/01/01,515
_DESILVAM,User,Maria De Silva,\\jardomddig1\desilvam,\\jardomddig1\profile$\desilvam,Clerical Officer - disabled 31/05/01,515
_DETERMEL,User,,\\alba98266\determel,\\alba98266\profile$\determel,,515
_DEUTSCHS,User,Shirley Deutscher,,,ISD 15th Library - disabled 18/01/01,515
_DEVERAXN,User,Nik Deverax,\\madc98210\deveraxn,\\madc98210\profile$\deveraxn,Community Corrections Officer - disabl 18/01/01,515
_DIFABIOS,User,Samantha Difabio,,\\midlcrtibm1\difabios,Senior Information Officer - Disabled 12/2/01,515
_DIXONC,User,Claire Dixon,\\clc95896\dixonc$,\\freo95623\dixonc,Fremantle court - disabled 25/07/01,515
_DOBBIEN,User,Norm Dobbie,\\woor98267\DobbieN,\\woor98267\profile$\DobbieN,FCPO - disabled 9/7/01,515
_DONALDSJ,User,Jane Donaldson,\\band98268\donaldsj,\\band98268\profile$\donaldsj,Clinical Nurse - disabled 18/01/01,515
_DONANTIM,User,Melissa Donati,\\band98268\donatim,\\band98268\profile$\donatim,Prison Officer - disabled 18/01/01,515
_DOORNBUJ,User,Janine Doornbusch,\\rive_res\DoornbuJ,\\rive_res\Profile$\DoornbuJ,Medical Records Officer - disabled 18/01/01,515
_DOUGLASC,User,Coralie Douglas,,,Reception,515
_DOVET,User,,\\casu98264\dovet,\\casu98264\profile$\dovet,,515
_DOWLINGT,User,Therese Dowling,\\MOJ141SRV001\data\users\DowlingT,\\MOJ141SRV001\data\profiles\DowlingT,Personal Assistant- disabled 2/5/01,515
_DRAGICEM,User,,,\\mojfcsrv001\data\profiles\DragiceM,,515
_DRISCOLK,User,Keith Driscoll,\\CANN98265\DriscolK,\\CANN98265\data\profiles\DriscolK,Prison Officer - disabled 28/2/1,515
_DSOUZAA,User,Ann Dsouza,\\MOJ141SRV001\data\users\DsouzaA,\\MOJ141SRV001\data\profiles\DsouzaA,Typist Officer - disabled 18/01/01,515
_DSOUZALL,User,,,\\rgosrv1\dsouzall,,515
_DSOUZAV,User,Veronica D'Souza,,\\opa96706\roaming\dsouzav,Receptionist - disabled 18/01/01,515
_DUCKHAMR,User,Rod Duckham,\\woor98267\DuckhamR,\\woor98267\profile$\DuckhamR,Prison Officer - disabled 18/01/01,515
_DUNNER,User,,\\banj98227\dunner,\\banj98227\profile$\dunner,,515
_DUPREEM,User,Manon Dupree,\\BUNB98262\DupreeM,\\BUNB98262\Profile$\DupreeM,Registered Nurse - disabled 28/2/1,515
_DWYERJ,User,Jacqueline Dwyer,\\kalc98221\DwyerJ,\\kalc98221\profile$\DwyerJ,Admin Officer,515
_EACOTTD,User,,,\\moj141srv001\data\profiles\eacottd,,515
_EATONJ,User,Janice Eaton,\\mojvppsrv01\EatonJ,\\mojvppsrv01\profile$\EatonJ,Clin.&Foren.Psych. - disabled 21/6/01,515
_EDGEJ,User,Jenny Edge,\\RANJ98224\data\users\EdgeJ,\\RANJ98224\data\profiles\EdgeJ,Group Worker - disabled 18/01,515
_EDLANDR,User,Roger Edland,,,Contractor - IT - Disabled 22/5/01,515
_EDMONDSG,User,,\\perc95846\edmondsg,\\perc95846\profile$\edmondsg,,515
_EDWARDJO,User,Johanna Edwards,,\\mojfcsrv001\data\profiles\EdwardJo,Family Court Judges chambers - disabled 18/01/01,515
_EDWARDSK,User,*,,,,515
_EDWARDSKA,User,,\\banj98227\edwardska,\\banj98227\profile$\edwardska,,515
_EDWARDSKE,User,,\\karn98218\EdwardsKe,\\karn98218\profile$\EdwardsKe,,515
_EDWARDSR,User,Roger Edwards,,,CSC - disabled 3/4/01,515
_ELLIOTTGU,User,,\\woor98267\ElliottGu,\\woor98267\profile$\ElliottGu,,515
_ELLIOTTK,User,Kathy Elliott,\\cann98265\elliottk,\\cann98265\profile$\elliottk,FCMT - CW Campbell Remand - disabld 18/01/01,515
_ENSTONR,User,,,\\rgosrv1\enstonr,,515
_EVANSDA,User,Daniel Evans,,,Clerk of the Court - disabled 18/06/01,515
_EVANSJ,User,,\\perc95846\evansj,\\perc95846\profile$\evansj,,515
_EVANSL,User,*,,,,515
_EVANSLE,User,Leonie Evans,\\ranj98224\EvansLE,\\ranj98224\profile$\EvansLE,Group Worker - disabled 18/01/01,515
_EVANSO,User,,\\cann98265\EvansO,\\cann98265\profile$\EvansO,,515
_FAIRCLOR,User,,\\casu98264\fairclor,\\casu98264\profile$\fairclor,,515
_FARLEYJ,User,Julian Farley,,\\moj141srv001\data\profiles\farleyj,Purchasing Section - disabled 18/01/01,515
_FARRE,User,Edward Farr,\\eago98223\FarrE,\\eago98223\profile$\FarrE,Superintendent - disabled 19/01/01,515
_FARRELLB,User,Brian Farrell,\\cann98265\FarrellB,\\cann98265\profile$\FarrellB,Senior Officer - disabled 19/01/01,515
_FELLOWSD,User,Dianne Fellows,,\\moj141srv001\data\profiles\fellowsd,Librarian - disabled 19/01/01,515
_FEMIAJ,User,,\\WSQ98263\Femiaj,\\WSQ98263\Profile$\Femiaj,,515
_FERRISA,User,,\\cann98265\ferrisa,\\cann98265\profile$\ferrisa,,515
_FIGGINSK,User,,\\bunb98262\FigginsK,\\bunb98262\profile$\FigginsK,,515
_FINLAYL,User,Lorna Finlay,\\ranj98224\FinlayL,\\ranj98224\profile$\FinlayL,Group Worker - Disabled 19/01/01,515
_FINLAYS,User,Samantha Finlay-Nottman,\\casu98264\finlays,\\casu98264\profile$\finlays,Hospital Officer - disabled 19/01/01,515
_FISHERB,User,Bernie Fisher,\\benc_res\fisherb,\\benc_res\profile$\fisherb,Manager Community Development - dis 19/01/01,515
_FISHERJI,User,Jill Fisher,,,Temp PA @ Courts,515
_FITZGERB,User,Bob Fitzgerald,,\\moj141srv001\data\profiles\fitzgerb,Executive Director Policy & Legislation-dis 10/7,515
_FITZGIBC,User,Catherine Fitzgibbon,\\MOJ141SRV001\data\users\FitzgibC,\\MOJ141SRV001\data\profiles\FitzgibC,Manager - Disabled 9/04/2001,515
_FITZPATJ,User,*,,,,515
_FLEMINGK,User,,\\pard98214\Flemingk,\\pard98214\profile$\Flemingk,,515
_FLYNNKA,User,Kathryn Flynn,\\alba98266\flynnka,\\alba98266\profile$\flynnka,Nurse - disabled 18/06/01,515
_FORDR,User,Rosemary Ford,\\alba98266\fordr,\\alba98266\profile$\fordr,Nurse Manager - disabled 18/06/01,515
_FOSTERDA,User,,\\roeb98205\FosterDa,\\roeb98205\profile$\FosterDa,,515
_FOSTERR,User,Richard Foster,,,Courts - disabled 19/01/01,515
_FOSTERW,User,Warren Foster,\\msu98213\FosterW,\\msu98213\profile$\FosterW,Prison Officer - disabled 19/01/01,515
_FOUQUED,User,David Fouque,\\MOJ141SRV001\data\users\FouqueD,,it support engineer - 20/02/2001,515
_FOXP,User,,\\bunb98262\foxp,\\bunb98262\profile$\foxp,,515
_FREWENP,User,Peter Frewen,\\vmuc98225\FrewenP,\\vmuc98225\profile$\FrewenP,Mediation Officer - disabled 19/01/01,515
_FULLERD,User,Diane Fuller,,,Child Witness Officer,515
_GAFFNEY1,User,Sharon Gaffney,\\BUNB98262\Gaffney1,\\BUNB98262\profile$\Gaffney1,Senior Court Officer,515
_GAITSKEM,User,Marie Gaitskell,\\kalc98221\gaitskem,\\kalc98221\profile$\gaitskem,A/CCO - disabled 19/01/01,515
_GAMBLEP,User,Paul Gamble,,\\MOJ141SRV001\data\profiles\GambleP,Support Engineer,515
_GANGELLJ,User,,\\cann98265\GangellG,\\cann98265\profile$\GangellG,,515
_GARGANI,User,,\\perc95846\gargani,\\perc95846\profile$\gargani,,515
_GASMIERD,User,,\\WSQ98263\GasmierD,\\WSQ98263\Profile$\GasmierD,,515
_GATERS,User,Sandy Gater,,\\moj141srv001\data\profiles\GaterS,Public Affairs - disabled 18/06/01,515
_GAVRANIM,User,Maria Gavranic,,\\moj141srv001\data\profiles\gavranim,FMIS Consultant- disabled 2/5/01,515
_GERTYS,User,Samantha Gerty,\\wsq98263\gertys,\\wsq98263\profile$\gertys,Management Support - disabled 19/01/01,515
_GIBBSR,User,,\\band98268\gibbsr,\\band98268\profile$\gibbsr,,515
_GIBSONP,User,,\\cann98265\gibsonp,\\cann98265\profile$\gibsonp,,515
_GIERK,User,Kasia Gier,,\\moj141srv001\data\profiles\GierK,Public Affairs - - disabled 2/5/01,515
_GILLIESG,User,Graeme Gillies,,\\moj141srv001\data\profiles\gilliesg,Change & Knowledge Manager - disabled 13/7,515
_GIUFFREP,User,Paul Giuffre,,\\midlcrtibm1\giuffrep,Courts Officer - disabled 11/6/01,515
_GORMANMI,User,Michael Gorman,,,IT Support Contractor,515
_GOULDL,User,*,,,,515
_GOVANV,User,,\\casu98264\govanv,\\casu98264\profile$\govanv,,515
_GRAFE,User,Elke Graf,\\banj98227\grafe,\\banj98227\profile$\grafe,A/Psychologist - disabled 19/01/01,515
_GRANTHAM,User,Michelle Grantham,\\ranj98224\GranthaM,\\ranj98224\profile$\GranthaM,Group Worker - disabled 19/01/01,515
_GRANTM,User,Mary Grant,\\woor98267\GrantM,\\woor98267\profile$\GrantM,Registered Nurse -.,513
_GRAYC,User,Colin Gray,\\band98268\grayc,\\band98268\profile$\grayc,Prison Officer - disabled 22/2/1,515
_GREERF,User,Frank Greer,\\eago98223\GreerF,\\eago98223\profile$\GreerF,Prison Officer - Disabled 9/04/2001,515
_GRIFFITD,User,,\\banj98227\griffitd,\\banj98227\profile$\griffitd,,515
_GRIMBLYA,User,*,,,,515
_GTEST1,User,Test1,,,Test1 for Geoff Hunter - Disabled - MK - 5/4/01,515
_GTEST2,User,Test2,,,Test2 for Geoff Hunter - Disabled - MK - 5/4/01,515
_GTEST3,User,Test3,,,Test3 for Geoff Hunter - Disabled - MK - 5/4/01,515
_GUSTEVSS,User,,\\madc98210\gustevss,\\madc98210\profile$\gustevss,,515
_GVOZDINN,User,,\\wsq98263\GvozdinN,\\wsq98263\profile$\GvozdinN,,515
_HACKETTC,User,,\\midc98212\hackettc,\\midc98212\profile$\hackettc,,515
_HACKETTT,User,,\\broo98202\hackettt,\\broo98202\profile$\hackettt,,515
_HAINESB,User,Ben Haines,\\banj98227\hainesb,\\banj98227\profile$\hainesb,Clinical Psychologist - B/Hill JJ- dis 19/01/01,515
_HALLTH,User,Thomas Hall,,\\moj141srv001\data\profiles\hallth,Senior Projct Officer - disabled 19/01/01,515
_HALPINS,User,,\\kalc98221\halpins,\\kalc98221\profile$\halpins,,515
_HAMILTOG,User,,\\kunc98337\hamiltog,\\kunc98337\profile$\hamiltog,,515
_HAMILTOR,User,Richard Hamilton,,,CSC - Disabled 12/04/01,515
_HAMILTRO,User,,\\JOOC98201\data\users\HamiltRo,\\JOOC98201\data\profiles\HamiltRo,,515
_HAMPSONJ,User,Julie Hampson,\\casu98264\hampsonj,\\casu98264\profile$\hampsonj,Hospital Officer - disabled 19/01/01,515
_HANCOCKA,User,Alison Hancock,\\midc98212\hancocka,\\midc98212\profile$\hancocka,Community Correctoins Officer - disad 19/01/01,515
_HANCOCKD,User,Denise Hancock,,,JJD JJ Officer - disabled 30/4/01,515
_HANLONH,User,Henry Hanlon,\\cann98265\HanlonH,\\cann98265\profile$\HanlonH,Prison Officer - Disabled 9/04/2001,515
_HANSENB,User,,\\jooc98201\hansenb,\\jooc98201\profile$\hansenb,,515
_HANSENR,User,*,,,,515
_HARPERR,User,,,\\moj141srv001\data\profiles\harperr,,515
_HARPURC,User,Chris Harpur,\\CANN98265\HarpurC,\\CANN98265\profile$\HarpurC,Prison Officer - disabled 30/03/01,515
_HARRINGP,User,*,,,,515
_HARRISCR,User,Crispin Harris,,,CSC IT Support - Disabled 26/03/2001,515
_HARRISGA,User,Gary Harrison,,\\MOJ141SRV001\data\profiles\HarrisGa,Officer - disabled 23/7/01,515
_HARRISOK,User,Kim Harrison,,\\moj141srv001\data\profiles\harrisok,Public Affairs - Disabled 31/01/01,515
_HAWKERC,User,Christy Hawker,\\jardomddig1\HawkerC,\\jardomddig1\profile$\hawkerc,AADRS - Senior Mediation Off - disabled 19/6/1,515
_HAYWARDR,User,,\\alba98266\haywardr,\\alba98266\profile$\haywardr,,515
_HAYWARDR_,User,Russell Hayward,\\kunc98337\HaywardR,\\kunc98337\profile$\HaywardR,Clerical Officer - disabled 28/2/1,515
_HEADH,User,,\\cann98265\headh,\\cann98265\profile$\headh,,515
_HEALYP,User,Paul Healy,,,CSC Account for - disabled 22/03/2001,513
_HENRYD,User,,\\banj98227\henryd,\\banj98227\profile$\henryd,,515
_HERBERTL,User,Leslie Herbert,\\roeb98205\HerbertL,\\roeb98205\profile$\HerbertL,Prison Officer - Disabled 01/02/01,515
_HERMANP,User,,,\\mojfcsrv001\data\profiles\HermanJ,,515
_HIGGINSR,User,,\\perc95846\higginsr,\\perc95846\profile$\higginsr,,515
_HIGGSD,User,David Higgs,\\inal_res\HiggsD,\\inal_res\profile$\HiggsD,Internal Investigator - disabled 30/03/01,515
_HILLCO,User,Colin Hill,\\banj98227\hillco,\\banj98227\profile$\hillco,Group Worker - Disadbled 01/02/01,515
_HODGKING,User,,\\wsq98263\hodgking,\\wsq98263\profiles$\hodgking,,515
_HOLLANDA,User,Andrew Hollander,\\CLC95896\HollandA,\\CLC95896\roaming$\HollandA,diabled 26/04/2001,515
_HOWARDJ,User,Justin Howard,\\kunc98337\HowardJ,\\kunc98337\profile$\HowardJ,CCO  - disabled 7/6,515
_HOWET,User,Timothy Howe,\\banj98227\howet,\\banj98227\profile$\howet,Groupworker - Disabled 01/02/01,515
_HOWLETTL,User,Logan Howlett,,\\moj141srv001\data\profiles\howlettl,Mgr. Contracts and Services - disabled 2/5/01,515
_HOYESC,User,,\\woor98267\HoyesC,\\woor98267\profile$\HoyesC,,515
_HUDSONS,User,,\\warm98344\HudsonS,\\warm98344\profile$\HudsonS,,515
_HUDSONSI,User,,\\PERC95846\HudsonSi,\\PERC95846\profile$\HudsonSi,,515
_HUGHEST,User,,\\perc95846\hughest,\\perc95846\profile$\hughest,,515
_HULLDEB,User,Debra Hull,,,Court Officer - Busselton - disabled 29/3,515
_HULLK,User,Kylie Hull,\\CASU98264\HullK,\\CASU98264\profile$\HullK,Medic,515
_HUNTB,User,Brett Hunt,\\rive_res\huntb,\\rive_res\profile$\huntb,Riverbank Prison disabled 14/05/01,515
_HUNTERA,User,Andrew Hunter,,,IT - Supreme Court - disabled 31/01/2001,515
_HUTCHINC,User,Christine Hutchinson,\\roeb98205\HutchinC,\\roeb98205\profile$\HutchinC,Nurse Sister,515
_HYDEP,User,Pamela Hyde,\\MOJ141SRV001\data\users\HydeP,\\MOJ141SRV001\data\profiles\HydeP,Librarian - Disabled 01/02/01,515
_IBRAHIML,User,Leonie Ibrahim,\\perc95846\IbrahimL,\\perc95846\profile$\IbrahimL,Programmes Officer - Disabled 01/02/01,515
_IMGRUNDF,User,Frank Imgrund,\\banj98227\imgrundf,\\banj98227\profile$\imgrundf,Group Worker - Disabled 01/02/01,515
_INGRAMP,User,,\\casu98264\ingramp,\\casu98264\profile$\ingramp,,515
_JACOBSE,User,*,,,,515
_JAHANA,User,Akhter Jahan,\\PERC95846\JahanA,\\PERC95846\profile$\JahanA,Clerical Officer - disabled 19/06/01,515
_JJDIFS1,User,JJDIFS testing,,,JJDIFS WSQ - disabled 26/03/2001,66051
_JJDIFS2,User,JJDIFS testing,,,JJDIFS WSQ - disabled 26/03/2001,66051
_JJDIFS3,User,JJDIFS testing,,,JJDIFS WSQ- disabled 26/03/2001,66051
_JJDIFS4,User,JJDIFS testing,,,JJDIFS WSQ- disabled 26/03/2001,66051
_JJDIFS5,User,JJDIFS testing,,,JJDIFS WSQ- disabled 26/03/2001,66051
_JJDIFS6,User,JJDIFS testing,,,JJDIFS WSQ- disabled 26/03/2001,66051
_JJDIFS7,User,JJDIFS testing,,,JJDIFS WSQ- disabled 26/03/2001,66051
_JOHNE,User,Eric JOHN,\\cann98265\johne,\\cann98265\profile$\johne,Medical Centre - Disabled 01/02/01,515
_JOHNSG,User,Glenice Johns,\\mirc98215\JohnsG,\\mirc98215\profile$\JohnsG,CCO - Disabled 01/02/01,515
_JOHNSOS,User,Scott Johnson,\\mtlc98217\johnsos,\\mtlc98217\profile$\johnsos,Officer,515
_JOHNSTOK,User,Kathy Johnston,\\banj98227\johnstok,\\banj98227\profile$\johnstok,Group Worker - disabled 30/03/01,515
_JOINESB,User,Beryl Joines,\\GREE98261\JoinesB,\\GREE98261\profile$\JoinesB,Registered Nurse - Disabled 01/02/01,515
_JONESD,User,,\\bunb98262\jonesd,\\bunb98262\profile$\jonesd,,515
_JONESJE,User,,\\woor98267\JonesJe,\\woor98267\profile$\JonesJe,,515
_JONESJE_,User,Jennifer Jones,\\BUNB98262\JonesJe,\\BUNB98262\profile$\JonesJe,Medical Records Officer - disabled 28/2/1,515
_JONESNA,User,Nanette Jones,\\band98268\jonesna,\\band98268\profile$\jonesna,Prison Officer - Disabled 01/02/01,515
_JONESST,User,Stuart Jones,\\RANJ98224\JonesSt,\\RANJ98224\Profile$\JonesSt,Groupworker - Rangeview - disabled 18/06/01,515
_JORDANJ,User,Jason Jordan,,,Network Consultant - Disabled 21/02/2001,515
_JORDANP,User,Peter Jordan,\\CASU98264\JordanP,\\CASU98264\profile$\JordanP,Shift Officer - disabled 28/2/1,515
_JOSEPHB,User,Babu Joseph,,,Courts - disabled 18/06/01,515
_KALLANEM,User,Marcel Kallane,\\woor98267\KallaneM,\\woor98267\profile$\KallaneM,Prison Officer - disabled 10/07,515
_KASSIMK,User,Kalsom Kassim,,\\moj141srv001\data\profiles\kassimk,Purchasing - Disabled 01/02/01,515
_KASZANSL,User,Lani Kaszanski,\\BANJ98227\KaszansL,\\BANJ98227\Profile$\KaszansL,Case Planning Officer - Disabled 01/02/01,515
_KATTLERL,User,Lancia Kattler,\\msu98213\KattlerL,\\msu98213\profile$\KattlerL,Clerical Officer - Disabled 01/02/01,515
_KAVANAA,User,Anne Kavanagh,,\\mojfcsrv001\data\profiles\kavanaa,Family Court Registry - disabled 24/05/01,515
_KELLEHES,User,Stephen Kelleher,\\cann98265\KelleheS,\\cann98265\profile$\KelleheS,Industrial Officer - Disabled 01/02/01,515
_KEMPSA,User,,\\jooc98201\kempsa,\\jooc98201\profile$\kempsa,,515
_KEYSR,User,Roger Keys,\\band98268\keysr,\\band98268\profile$\keysr,Industrial Officer,515
_KINGLO,User,Lorraine King,\\ranj98224\KingLO,\\ranj98224\profile$\KingLO,Clerical Officer - Disabled 01/02/01,515
_KINGMI,User,,\\MOJ141SRV001\data\users\KingMi,\\MOJ141SRV001\data\profiles\KingMi,,515
_KINGSTOK,User,,,\\MOJ141SRV001\data\profiles\KingstoK,,515
_KINNISHA,User,Alan Kinnish,\\cann98265\KinnishA,\\cann98265\profile$\KinnishA,Senior Officer - Disabled 9/04/2001,515
_KIRKWOOJ,User,Joe Kirkwood,\\band98268\kirkwooj,\\band98268\profile$\kirkwooj,Store/canteen off. - disabled 22/2/1,515
_KLEINMAM,User,*,,,,515
_KLUCKH,User,Heather Kluck,,,ISD Records - disabled 2/5/01,515
_KLUGEA,User,Alex Kluge,,\\MOJ141SRV001\data\profiles\KlugeA,Cashier - disabled  ,515
_KNIBBSD,User,David Knibbs,\\band98268\Knibbsd,\\band98268\profile$\Knibbsd,Prison Officer - retired,515
_KRIKSTOS,User,Stephen Krikstolaitis,\\BAND98268\data\users\krikstos,,Senior Officer a/c disabled, incorrect spelling,515
_LAMBK,User,,\\MOJ141SRV001\data\users\LambK,\\MOJ141SRV001\data\profiles\LambK,,515
_LAWF,User,*,,,,515
_LAWSONJO,User,,,\\mojfcsrv001\data\profiles\LawsonJo,,515
_LAZAROUD,User,Diana Lazarou,\\BENC_RES\LazarouD,\\BENC_RES\profile$\LazarouD,CCO - disabled 28/2/1,515
_LEANEYS,User,Sharon Leaney,\\MOJ141SRV001\data\users\LeaneyS,\\MOJ141SRV001\data\profiles\LeaneyS,PA to Director of Finance,515
_LEEC,User,Constantina Lee,\\perc95846\leec,\\perc95846\profile$\leec,Perth CBS disabled 12/02/2001,515
_LEEGRE,User,Gregory Lee,\\inal_res\LeeGre,\\inal_res\profile$\LeeGre,Internal Investigator - disabled 5/7/01,515
_LEEJ,User,,,\\moj141srv001\data\profiles\leej,,515
_LEEJE,User,Jennifer Lee,\\frec98207\leeje,\\frec98207\profile$\leeje,A/Clerical Officer - Disabled 01/02/01,515
_LENNARDK,User,,\\woor98267\lennardk,\\woor98267\profile$\lennardk,,515
_LEONARDC,User,*,,,,515
_LETCHT,User,,\\jooc98201\letcht,\\jooc98201\profile$\letcht,,515
_LINGARDJ,User,Janie Lingard,\\woor98267\LingardJ,\\woor98267\profile$\LingardJ,Education Officer - Disabled 01/02/01,515
_LLOPISH,User,Hugo Llopis,,,Prison Operations WSQ 16 - disabled 22/5/01,66051
_LONGMIRM,User,Marianna Longmire,\\MOJ141SRV001\data\users\LongmirM,\\MOJ141SRV001\data\profiles\LongmirM,Acting Media Projects Officer-Disabled 18/01/01,515
_LORRAINW,User,,\\norc98226\lorrainw,\\norc98226\profile$\lorrainw,,515
_LOURENSD,User,David Lourensz,\\casu98264\lourensd,\\casu98264\profile$\lourensd,Prison Officer - Disabled 18/01/01,515
_LOWG,User,,\\alba98266\lowg,\\alba98266\profile$\lowg,,515
_LUCKHURV,User,,\\GREE98261\luckhurv,\\GREE98261\profile$\luckhurv,,515
_LUPTONL,User,Ian Lupton,\\cann98265\LuptonI,\\cann98265\profile$\LuptonI,Prison Officer - Disabled 18/01/01,515
_LUSCOMBJ,User,Jarrod Luscombe,\\ranj98224\LuscombJ,\\ranj98224\profile$\LuscombJ,Group Worker - Disabled 18/01/01,515
_LYNCHJ,User,,,\\moj141srv001\data\profiles\lynchj,,515
_LYNNC,User,Claire Lynn,\\band98268\lynnc,\\band98268\profile$\lynnc,Milligan CBS Clerical Officer - Disabled 9/04/01,515
_MACNAMAD,User,,\\mtlc98217\MacNamaD,\\mtlc98217\profile$\MacNamaD,,515
_MADDENZ,User,Zak Madden,,,ISD Consultant - disabled 2/5/01,515
_MALLABYD,User,,\\bunb98262\MallabyD,\\bunb98262\profile$\MallabyD,,515
_MALONES,User,Sally Malone,\\alba98266\malones,\\alba98266\profile$\malones,Programmes Officer disabled 12/01/2001,515
_MANC,User,manc setup,,,disabled 26/03/2001,66051
_MARKSJ,User,Justin Marks,\\woor98267\marksj,\\woor98267\profile$\marksj,Wooroloo Prison Farm-Disabled 18/01/01,515
_MARRETTA,User,,\\casu98264\marretta,\\casu98264\profile$\marretta.cmd,,515
_MARSHALK,User,Katie Marshall,,,Reception 12th Floor,515
_MARTINM,User,Michael Martin,\\broo98202\MartinM,\\broo98202\profile$\MartinM,Prison Officer - Disabled 18/01/01,515
_MASTERSL,User,Lynn Masters,\\mtlc98217\MastersL,\\mtlc98217\profile$\MastersL,JJO - Disabled 18/01/01,515
_MATHERB,User,*,,,,515
_MATTHEWT,User,*,,,,515
_MATTHEWTE,User,Terry Matthews,\\cann98265\MatthewTE,\\cann98265\profile$\MatthewTE,,515
_MAUKS,User,Sally Mauk,,\\moj141srv001\data\profiles\mauks,Office Assistant - Disabled 18/01/01,515
_MAYNARDJ,User,Jennifer Maynard,\\CANN98265\MaynardJ,\\CANN98265\profile$\MaynardJ,Typist A+O- Hakea-Disabled 18/01/01,515
_MCALLISL,User,,\\cann98265\McAllisI,\\cann98265\profile$\McAllisI,,515
_MCAULIFS,User,Suzanne McAuliffe,\\ranj98224\McAulifS,\\ranj98224\profile$\McAulifS,Group Worker - Disabled 18/01/01,515
_MCCARNED,User,*,,,,515
_MCCARTRO,User,Rosheen Mccarthy,\\jooc98201\mccartro,\\jooc98201\profile$\mccartro,Clerical Officer - Disabled 18/01/01,515
_MCCOLLA,User,Alan McColl,\\GREE98261\mccolla,\\GREE98261\profile$\mccolla,Greenough Prison - Disabled 18/01/01,515
_MCCOMBEJ,User,Judith McCombe,\\msu98213\McCombeJ,\\msu98213\profile$\McCombeJ,Manager, TSS - disabled 18/01/01,515
_MCCRUMJ,User,,\\woor98267\mccrumj,\\woor98267\profile$\mccrumj,,515
_MCFARLAN,User,Nola McFarland,\\banj98227\Mcfarlan,\\banj98227\profile$\Mcfarlan,Group Worker - Disabled 18/01/01,515
_MCGHEEV,User,Vanessa McGhee,\\CASU98264\McGheeV,\\CASU98264\profile$\McGheeV,Occupational Therapist FCMT - disabled 30/03/01,515
_MCGREGOR,User,Robin McGregor,\\GREE98261\mcgregor,\\GREE98261\profile$\mcgregor,Greenough Prison - Disabled 18/01/01,515
_MCINTYRC,User,Colleen McIntyre,\\KUNC98337\McIntyrC,\\KUNC98337\profile$\McIntyrC,CCOO - disabled 06/06/01,513
_MCINTYRJ,User,Julia McIntyre,,\\clc95896\mcintyrj,Court Officer - disabled 25/07/01,515
_MCKENZII,User,*,,,,515
_MCLAINL,User,Linda McLain,,\\moj141srv001\data\profiles\mclainl,Org. Performance L.3 - Disabled 9/04/2001,515
_MCNAMARD,User,,\\roeb98205\McnamarD,\\roeb98205\profile$\McnamarD,,515
_MCNAMARJ,User,Joanne McNamara,\\midc98212\mcnamarj,\\midc98212\profile$\mcnamarj,Midland JJ - Disabled 18/01/01,515
_MCQUADEJ,User,,\\cann98265\McquadeJ,\\cann98265\profile$\McquadeJ,,515
_MERRYFUL,User,,\\GREE98261\merryful,\\GREE98261\profile$\merryful,,515
_MICHAELC,User,Cheryle Michael,\\madc98210\michaelc,\\madc98210\profile$\michaelc,Trainee - Disabled 18/01/01,515
_MILESJ,User,,\\kalc98221\MilesJ,\\kalc98221\profile$\MilesJ,,515
_MILLARDRO,User,,\\casu98264\MillardRO,\\casu98264\profile$\MillardRO,,515
_MILLERA,User,Astrid Miller,,\\moj141srv001\data\profiles\millera,diabled 3/1/01 by MD @ security,515
_MILLERM,User,Matthew Miller,\\rive_res\millerm,\\rive_res\profile$\millerm,Storesperson - Riverbank Prison - disabled 27/04,515
_MILLERR,User,Rachel Miller,\\banj98227\MillerR,\\banj98227\profile$\MillerR,Group Worker - Disabled 19/01/01,515
_MITCHECG,User,Clint Mitchell,,,FER - Disabled 19/01/01,515
_MITCHELJ,User,*,,,,515
_MITCHELK,User,Karen Mitchell,\\lawc98204\mitchelk,\\lawc98204\profile$\mitchelk,Court Officer - disabled 29/03/01,513
_MOJADMIN,User,Administration Account,,,MOJ Employess Admin Acc - Disabled 21/02/2001,515
_MOLLICAS,User,Stephen Mollica,,,SBS - Disabled 22/5/01,515
_MOORES,User,*,,,,515
_MOORET,User,Tom Moore,\\cann98265\MooreT,\\cann98265\profile$\MooreT,Prison Officer - disabled 18/06/01,515
_MORGANJ,User,Janine Morgan,,,Public Affairs - disabled 2/5/01,515
_MORRISOI,User,*,,,,515
_MUHLFAIP,User,Petra Muhlfait,\\PERC95846\MuhlfaiP,\\PERC95846\Profile$\MuhlfaiP,Clinical Supervisor - disabled 28/04/01,515
_MULLENP,User,,\\midc98212\mullenp,\\midc98212\profile$\mullenp,,515
_MUNDAYE,User,Emma Munday,,\\clc95896\mundaye,Court Services Receptionist,515
_MURRAYH,User,Heather Murray,\\WSQ98263\MurrayH,\\WSQ98263\profile$\MurrayH,Project Officer - Asked to Delete 13/7/01,513
_NALDERC,User,,\\roeb98205\NalderC,\\roeb98205\profile$\NalderC,,515
_NALDERS,User,Stephen Nalder,\\roeb98205\NalderS,\\roeb98205\profile$\NalderS,Prison Officer - disabled 28/2/1,515
_NELLIGAL,User,Larry Nelligan,\\banj98227\nelligal,\\banj98227\profile$\nelligal,Group Worker - Disabled 19/01/01,515
_NETTLETD,User,Darryl Nettleton,\\kalc98221\nettletd,\\kalc98221\profile$\nettletd,Juvenile Justice Officer - disab 19/06/01,515
_NETWIZ1,User,*,,,,515
_NETWIZARD,User,*,,,,515
_NGA,User,Amy Ng,\\LAWC98204\NgA,\\LAWC98204\profile$\NgA,Judge's Associate - Disabled,515
_NICHOLLB,User,Bruce Nicholls,\\ranj98224\NichollB,\\ranj98224\profile$\NichollB,Group Worker - Disabled 19/01/01,515
_NIDESJOM,User,,\\madc98210\NidesjoM,\\madc98210\profile$\NidesjoM,,515
_NORMANG,User,Graham Norman,,\\wsq98263\profiles\normang,Contractor - SOE Project - Disabled 22/5/01,515
_NORRISH,User,Helen Norris,,\\moj141srv001\data\profiles\norrish,Policy and Legislation - Disabled 11/01/01,515
_NUNISG,User,Giles Nunis,,,Director Courts Development,515
_NUNNJ,User,Janet Nunn,\\bunb98262\nunnj,\\bunb98262\profile$\nunnj,Education Officer - - disabled 2/5/01,515
_OBEIRNED,User,Denice O'Beirne,,,Coroners Court - Disabled 19/01/01,515
_OBRIENG,User,Graham O'Brien,\\GREE98261\obrieng,\\GREE98261\profile$\obrieng,Prison Officer - Disabled 19/01/01,515
_OCALLAGS,User,Scott O'Callaghan,\\casu98264\ocallags,\\casu98264\profile$\ocallags,Prison Officer - Disabled 19/01/01,515
_OCONNORS,User,Steve O'Connor,,,IT, 18th Floor - Disabled 19/01/01,515
_ODWYERV,User,Vicki O'Dwyer,\\wsq98263\odwyerv,\\wsq98263\profile$\odwyerv,Correspondence Officer - Disabled 12/12/2000,515
_OFFERP,User,Peter Offer,\\bunb98262\OfferP,\\bunb98262\profile$\OfferP,Prison Officer - Disabled 19/01/01,515
_OHALLOM,User,Maurice O'Halloran,\\ranj98224\O'HalloM,\\ranj98224\profile$\O'HalloM,Group Worker - Disabled 19/01/01,515
_OKEEFEM,User,Monica O'Keefe,\\wsq98263\okeefem,\\wsq98263\profile$\okeefem,Policy - Disabled 19/01/01,515
_OKEEFFEN,User,Noelle Okeeffe - disabled 18/9/00,\\perc95846\okeeffen,\\perc95846\profile$\okeeffen,Research Officer - SURU,515
_OLDUSER,User,Patricia Vaughan,\\CASU98264\VaughanP,\\CASU98264\profile$\VaughanP,Education Officer,513
_OMTOMS,User,Offender Management TOMS,\\wsq98263\omtoms,\\wsq98263\Profiles$\OMTOMS,TOMS test account- disabled 26/03/2001,66051
_ONEILLH,User,Hugh O'Neill,\\ranj98224\O'NeillH,\\ranj98224\profile$\O'NeillH,Group Worker - Disabled 19/01/01,515
_OSULLIRO,User,*,,,,515
_OXENHAMD,User,Dwyane Oxenham,\\gree98261\oxenhamdW$,\\gree98261\oxenhamdP$,Carnvn CBS Sessional - already disabled 28/2/1,515
_PADMANAS,User,Sonia Padmanabham,,\\moj141srv001\data\profiles\padmanas,Project Officer - Disabled 19/01/01,515
_PALONISC,User,Corina Palonis,\\alba98266\palonisc,\\alba98266\profile$\palonisc,Albany Prison - disabled 18/06/01,515
_PANAHIR,User,Ramin Panahi,,,SBS - Disabled 14/02/2001,515
_PARAMESA,User,Annasamy Iyer Parameswaran,,\\moj141srv001\data\profiles\paramesa,Budgeting Analyst - Disabled 23/01/01,515
_PARKERE,User,,\\woor98267\ParkerE,\\woor98267\profile$\ParkerE,,515
_PARRIMAJ,User,,\\broc98203\ParrimaJ,\\broc98203\profile$\ParrimaJ,,515
_PATTERSJ,User,,\\woor98267\pattersj,\\woor98267\profile$\pattersj,,515
_PATTERSK,User,,\\carc98346\pattersk,\\carc98346\profile$\pattersk,,515
_PAULAN,User,Angela Paul,,\\moj141srv001\data\profiles\paulan,Public Affairs - disabled 2/5/01,515
_PAYNER,User,,\\mtlc98217\payner,\\mtlc98217\profile$\payner,,515
_PEARCEMARJA,User,Marja Pearce,,,TOMS Test account- disabled 26/03/2001,515
_PEARCES,User,Simon Pearce,\\band98268\pearces,\\band98268\profile$\pearces,Prison Officer - already disabled @ 22/2/1,515
_PEDEFERA,User,,\\casu98264\pedefera,\\casu98264\profile$\pedefera,,515
_PELKAW,User,Wendy Pelka,,,Registry Secretarial Support - Disabled 9/04/01,515
_PEPPRELP,User,,,\\mojfcsrv001\data\profiles\PepprelP,,515
_PEPPRELT,User,Terrence Pepprell-Fletcher,\\ranj98224\PepprelT,\\ranj98224\profile$\PepprelT,Senior Officer - Disabled 23/01/01,515
_PERGUNAP,User,,\\msu98213\PergunaP,\\msu98213\profile$\PergunaP,,515
_PERKINA,User,Alison Perkin,\\kalc98221\perkina,\\kalc98221\profile$\perkina,Clerical Officer- disabled 19/06/01,515
_PETIOTD,User,,\\band98268\petiotd,\\band98268\profile$\petiotd,,515
_PHILLIPC,User,,\\banj98227\phillipc,\\banj98227\profile$\phillipc,,515
_PHILLIPP,User,,,\\moj141srv001\data\profiles\phillipp,,515
_PINKERTR,User,Ryan Pinkerton,,,CLC Support Officer - disabled by MD IT Sec,515
_PISARSKM,User,Mark Pisarskis,,\\clc95896\pisarskm,Court Officer - disabled 18/06/01,515
_POCOCKP,User,Pauline Pocock,,\\mojfcsrv001\data\profiles\PocockP,Family Court Magistrates chambers - dis 28/2/1,515
_POPAR,User,,\\band98268\popar,\\band98268\profile$\popar,,515
_PORTERN,User,Nicolette Porter-Smith,\\banj98227\portern,\\banj98227\profile$\portern,Psychologist - Disabled 23/01/01,515
_POWERC,User,*,,,,513
_POWERM,User,,,\\mojfcsrv001\data\profiles\PowerM,,515
_PRIORM,User,,\\casu98264\priorm,\\casu98264\profile$\priorm,,515
_PROSSERW,User,Wayne Prosser,\\casu98264\prosserw,\\casu98264\profile$\prosserw,FCPO - Disabled 23/01/01,515
_PULKERG,User,Gerry Pulker,\\cann98265\PulkerG,\\cann98265\profile$\PulkerG,Prison Officer - Hakea - Disabled 9/04/2001,515
_QUARTERM,User,Milton Quartermaine,\\ranj98224\QuarterM,\\ranj98224\profile$\QuarterM,Group Worker - Disabled 23/01/01,515
_QUINNCORP,User,*,,,,515
_QUINNMA,User,Maree Quinn,\\alba98266\quinnma,\\alba98266\profile$\quinnma,Nurse - disabled 18/06/01,515
_QUINNTOMS,User,Lee Quinn,\\WSQ98263\Quinntoms,\\WSQ98263\profile$\Quinntoms,Test Account for Lee Quinn- disabled 26/03/2001,515
_RADICAR,User,*,,,,515
_RADICIM,User,Maria Radici,,,Child Witness Service - Disabled 9/04/2001,515
_RADUSINM,User,Melissa Radusin,,\\moj141srv001\data\profiles\radusinm,Clerk - RBDM - disabled 12/5/01,515
_RAIMONDK,User,Kerry-Ann Raimondi,\\cann98265\RaimondK,\\cann98265\profile$\RaimondK,Visits Booking Officer - Disabled 23/01/01,515
_RANBIRK,User,,\\wsq98263\RanbirK$,\\wsq98263\profile$\ranbirk,,515
_RANELLIN,User,Nick Ranelli,,,CSC - Disabled 12/04/01,515
_RASMUSSL,User,,,\\mojfcsrv001\data\profiles\RasmussI,,515
_RAXWORTN,User,Neville Raxworthy,\\banj98227\raxwortn,\\banj98227\profile$\raxwortn,Group Worker - Disabled 23/01/01,515
_RAYNEYHA,User,,\\jooc98201\rayneyha,\\jooc98201\profile$\rayneyha,,515
_REAYJ,User,Juliette Reay,,\\MOJ141SRV001\data\profiles\ReayJ,Personal Assistant,515
_RECHICHP,User,Pascoe Rechichi,,\\moj141srv001\data\profiles\rechichp,A/Manager Accounting Services - disabled 2/5/01,515
_RECYCLE,User,,\\ROCC98222\FlowersN,\\ROCC98222\profile$\FlowersN,,515
_RENFREYS,User,Sharon Renfrey,,,Listings Officer - Disabled 23/01/01,515
_RETZLAFV,User,Valerie Retzlaff,,\\moj141srv001\data\profiles\retzlafv,Registrar General's Office - disabled 29/03/01,515
_RHOOKJ,User,Janice Rhook,\\band98268\rhookj,\\band98268\profile$\rhookj,Prison Officer - Disabled 23/01/01,515
_RICHARDK,User,*,,,,515
_RICHARDY,User,Yvonne Richardson,\\gerc98200\richardy,\\gerc98200\profile$\richardy,Court Officer - Disabled 23/01/01,515
_RICHMONW,User,,\\roeb98205\RichmonW,\\roeb98205\profile$\RichmonW,,515
_RICJARLI,User,,\\cann98265\richarli,\\cann98265\profile$\richarli,,515
_ROADSP,User,Peter Roads,,,Clerk of Courts - disabled 17/7,515
_ROBERTSE,User,Evelyn Roberts,,\\moj141srv001\data\profiles\RobertsE,Data Entry Operator - Disabled 9/04/2001,515
_ROBERTSP,User,,\\GREE98261\robertsp,\\GREE98261\profile$\robertsp,,515
_ROEY,User,Yasmin Roe,,\\clc95896\roey,Court Officer - disabled 25/07/01,515
_ROLLINSD,User,David Rollinson,\\roeb98205\RollinsD,\\roeb98205\profile$\RollinsD,Prison Officer - Disabled 23/01/01,515
_RONCONA,User,,\\banj98227\roncona,\\banj98227\profile$\roncona,,515
_RONCONY,User,Yvonne Roncon,\\banj98227\roncony,\\banj98227\profile$\roncony,Group Worker - Disabled 23/01/01,515
_ROSSR,User,Rebecca Ross,\\perc95846\rossr,\\perc95846\profile$\rossr,Perth CBS Clerical Officer - disabled 19/6/1,515
_RYANA,User,Andrew Ryan,,\\moj141srv001\data\profiles\ryana,Support Officer - Disabled 23/01/01,515
_RYANJ,User,June Ryan,,,Personal Secretary - Disabled 12/01/01,515
_RYDERB,User,,\\roec98206\RyderB,\\roec98206\profile$\RyderB,,515
_SANDILAS,User,Steve Sandilands,,\\moj141srv001\data\profiles\sandilas,HR Senior Workers Comp Officer - disabled 2/5/01,515
_SANDYM,User,Mary Sandy,\\BANJ98227\SandyM,\\BANJ98227\profile$\SandyM,Receptionist - Disabled 6/4/01,515
_SARAIVAV,User,Victor Saraiva,,,Programmer/Analyst - disabled 2/5/01,515
_SAUNDERD,User,,\\carc98346\saunderd,\\carc98346\profile$\saunderd,,515
_SCHAARSE,User,Elizabeth Schaarschmidt,\\pabo98220\schaarse,\\pabo98220\profile$\schaarse,Board Transcriber - Disabled 23/01/01,515
_SCHELLEA,User,Akisi Shellekens,\\cann98265\schellea,\\cann98265\profile$\schellea,CVP - Grats - Disabled 23/01/01,515
_SCHERPER,User,Renee Scherpenzell,\\rgosrv1\scherper$,\\rgosrv1\scherper,RGO,515
_SCHORERM,User,Mark Schorer,\\RANJ98224\SchorerM,\\RANJ98224\Profile$\SchorerM,Groupworker -Disabled 23/01/01,515
_SCHURMAE,User,Emily Schurmann,,\\MOJ141SRV001\data\profiles\schurmae,Court Officer - disabled ,515
_SELKIRKS,User,,,\\clc95896\selkirks,,515
_SHANNONR,User,Ron Shannon,\\woor98267\ShannonR,\\woor98267\profile$\ShannonR,Contractor - Disabled 23/01/01,515
_SHARMAA,User,Andrew Jim Sharma,\\bunb98262\Sharmaa,\\bunb98262\profile$\Sharmaa,Prison Officer,515
_SHEILDS,User,*,,,,515
_SHEPHERD,User,*,,,,515
_SHINEE,User,Ellen Shine,\\band98268\shinee,\\band98268\profile$\shinee,Recreation Officer - Disabled 23/01/01,515
_SHIPSI,User,*,,,,515
_SHUARDJA,User,,\\banj98227\shuardja,\\banj98227\profile$\shuardja,,515
_SHUTTJ,User,,\\cann98265\ShuttJ,\\cann98265\profile$\ShuttJ,,515
_SIBOSADG,User,Glynis Sibosado,\\MOJ141SRV001\data\users\SibosadG,\\MOJ141SRV001\data\profiles\SibosadG,Aboriginal Justice Council - disabled 21/6/01,515
_SIMMY,User,Yvette Simm - disabled 26/9/00,,\\moj141srv001\data\profiles\simmy,Clerk - Accounting Services,513
_SIMPSONL,User,,\\madc98210\simpsonl,\\madc98210\profile$\simpsonl,,515
_SIMSGR,User,Gregory Sims,\\roeb98205\SimsGr,\\roeb98205\profile$\SimsGr,Prison Officer - Disabled 23/01/01,515
_SKUJAS,User,Shane Skuja,\\kill98208\skujas,\\kill98208\profile$\skujas,TOMS Master Trainer - Disabled 23/01/01,515
_SLYW,User,Wayne Sly,\\roeb98205\SlyW,\\roeb98205\profile$\SlyW,Prison Officer - Disbaled 23/01/01,515
_SMEDLEYK,User,Kathleen Smedley,\\eago98223\SmedleyK,\\eago98223\profile$\SmedleyK,Nurse - Disabled 23/01/01,515
_SMITHCA,User,*,,,,515
_SMITHDA,User,David Smith,\\cann98265\SmithDa,\\cann98265\profile$\SmithDa,Prison Officer - deactivated 13Mar01,515
_SMITHED,User,Langley Smith,\\casu98264\smithed,\\casu98264\profile$\smithed,Prison Officer - Disabled 09/04/2001,515
_SMITHGRA,User,,\\alba98266\smithgra,\\alba98266\profile$\smithgra,,515
_SMITHJE,User,Jennifer Smith,,,Records - Disabled 23/01/01,515
_SMITHSH,User,,\\banj98227\smithsh,\\banj98227\profile$\smithsh,,515
_SMITHT,User,*,,,,515
_SOLTWISR,User,Roland Soltwisch,\\woor98267\SoltwisR,\\woor98267\profile$\SoltwisR,Industrial Officer - Disabled 9/04/2001,515
_STADDONR,User,Rod Staddon,\\madc98210\StaddonR,\\madc98210\profile$\StaddonR,CCO - Disabled 23/01/01,515
_STEARNSS,User,,,\\moj141srv001\data\profiles\stearnss,,515
_STEELES,User,Sonya Steele,\\ALBA98266\SteeleS,\\ALBA98266\profile$\SteeleS,Cashier - Albany Regional Prison deleted 8/2/01,513
_STEERNA,User,,\\cann98265\steerna,\\cann98265\profile$\steerna,,515
_STEPHERO,User,Rod Stephens,,\\moj141srv001\data\profiles\stephero,Contractor, ISD - disabled 2/5/01,515
_STEVENSA,User,Alexandra Stevens,\\roeb98205\stevensa,\\roeb98205\stevensa,Medical Records Officer - Disabled 9/04/2001,515
_STEWARTJO,User,Jolanta Stewart,,,OPA disabled and replaced - Disabled 05/04/2001,515
_STEWARTP,User,,\\ranj98224\StewartP,\\ranj98224\profile$\StewartP,,515
_STEWARTS,User,*,,,,515
_STOKELDR,User,Ross Stokeld,\\casu98264\stokeldr,\\casu98264\profile$\stokeldr,Mental Health Nurse - disabled 7/6/01,515
_STRAKERP,User,Paula Straker,,,Courts Directorate - Disabled 26/03/2001,515
_SULLIVAV,User,,\\band98268\sullivav,\\band98268\profile$\sullivav,,515
_SUMMERTD,User,David Summerton,\\perc95846\summertd,\\perc95846\profile$\summertd,Milligan CBS Clinical Super - disabled 12/1/01,515
_SUTHERLT,User,Tony Sutherland,,,ISD 16th - disabled 22/5/01,515
_SWEENYE,User,,\\perc95846\sweenye,\\perc95846\profile$\sweenye,,515
_TALBOTD,User,Denise Talbot,,,IT Judiciary Teacher - Disabled 18/12/2000,515
_TANN,User,Nick Tan,,\\moj141srv001\data\profiles\tann,Office Systems - ISD - Disabled 23/01/01,515
_TAYLORLI,User,Lisa Taylor,,\\moj141srv001\data\profiles\taylorli,MLU - Disabled 23/01/01,515
_TCHORZEA,User,Adam Tchorzewski,\\inal_res\TchorzeA,\\inal_res\profile$\TchorzeA,Internal Investigator - disabled 18/06/01,515
_TCROFTJ,User,Jennine Croft,,\\milligansrv\profiles$\croftj,Education - Perth CBS,515
_TEHL,User,Lynette Teh,\\LAWC98204\TehL,\\LAWC98204\profile$\TehL,Judges Personal Secretary - Disabled 23/01/01,515
_TENNENTR,User,Rocky Tennent,\\bunb98262\TennentR,\\bunb98262\profile$\TennentR,Prison Officer - Disabled 12/12/2000,515
_TERRYR,User,Robert Terry,\\cann98265\TerryR,\\cann98265\profile$\TerryR,Senior Officer - Disabled 12/12/2000,515
_TERTULLP,User,Portia Tertullien,,\\MOJ141SRV001\data\profiles\TertullP,A/Media Projects Officer - disabled 2/5/01,515
_TESTACCT,User,Simon Cope,,,Test Account - Disabled 26/03/2001,515
_TESTK,User,Karnet test,,\\wsq98263\profile$\testk,Test user- disabled 26/03/2001,513
_TESTK2,User,karnet test,\\KARN98218\testk2,\\KARN98218\profile$\testk2,Test Login for Karnet- disabled 26/03/2001,515
_TESTPAULG,User,test account,,,disabled 22/02/2001,515
_TESTTOMS,User,testtoms,\\casu98264\testtoms,\\casu98264\profile$\testtoms,testtoms- disabled 26/03/2001,515
_TESTTOMS2,User,testtoms2,\\wsq98263\testtoms2,\\wsq98263\profile$\testtoms2,testtoms2- disabled 26/03/2001,515
_TFOLEYH,User,Helen Foley,,\\milligansrv\profiles$\foleyh,Perth CBS,515
_THOMASA,User,Adrianne Thomas,,,VSS - disabled 28/2/1,66051
_THOMASH,User,Helen Thomas,,\\moj141srv001\data\profiles\thomash,HR Consultancy - disabled 18/06/01,515
_THOMASI,User,Ian Thomas,\\casu98264\thomasi,\\casu98264\profile$\thomasi,Prison Officer - Disabled 23/01/01,515
_THOMASJ,User,Joy Thomas,\\woor98267\thomasJ,\\woor98267\profile$\ThomasJ,Enrolled Nurse - Disabled 12/12/2000,515
_THOMPSOD,User,Debra Thompson,\\porc500036\thompsod,\\porc500036\profile$\thompsod,Work Order Officer - Disabled 12/12/2000,515
_THORLEYI,User,Ivor Thorley,\\casu98264\thorleyi,\\casu98264\profile$\thorleyi,Prison Officer - Disabled 23/01/01,515
_TIMMSR,User,Ronald Timms,\\KARN98218\TimmsR,\\KARN98218\profile$\TimmsR,Driver - disabled 18/06/01,515
_TLEER,User,Romana Lee,,\\milligansrv\profiles$\leer,Disabled 23/04/2001,66051
_TOMSTEST,User,,\\wsq98263\tomstest,\\wsq98263\profile$\tomstest,TOMS test account- disabled 26/03/2001,66051
_TRAINING,User,Temporary Training account for Banksia Hill,,,Banksia Hill- disabled 26/03/2001,66051
_TREWENAD,User,Doug Trewenack,,,SBS Data Warehouse, - disabled 2/5/01,515
_TRITTONS,User,Sharon Tritton,\\alba98266\trittons,\\alba98266\profile$\trittons,Clerical Assistant - Disabled 12/12/2000,515
_TROTTIE,User,Elly Trotti,\\madc98210\trottie,\\madc98210\profile$\trottie,JJO - Disabled 23/01/01,515
_TURNERJ,User,Julie Turner,,,Court Officer - Disabled 23/01/01,515
_TURNERR,User,Roy Turner,\\broo98202\TurnerR,\\broo98202\profile$\TurnerR,Prison Officer - Disabled 23/01/01,515
_TURVEYR,User,Roger Turvey,\\banj98227\turveyr,\\banj98227\profile$\turveyr,Officer - Disabled 12/12/2000,515
_TWORTD,User,David Twort,\\cann98265\TwortD,\\cann98265\profile$\TwortD,Senior Officer - Disabled 12/12/2000,515
_UCHINOM,User,Mathieu Uchino,,,Support Officer - disabled 10/05/01,515
_UPTONDAP,User,Peter Upton-Davis,\\perc95846\uptondap,\\perc95846\profile$\uptondap,Milligan CBS Manager - disabled 15/1/01,515
_USERT,User,Toms User,\\WSQ98263\users\UserT,\\WSQ98263\Profile$\UserT,- disabled 26/03/2001,515
_VANDEVEV,User,Vincent Van de Ven,\\msu98213\Vandevev,\\msu98213\profile$\Vandevev,Police Liaison Officer - Disabled 12/12/2000,515
_VANEGGHP,User,Peter Vanegghen,\\ranj98224\VanegghP,\\ranj98224\profile$\VanegghP,Group Worker - Disabled 12/12/2000,515
_VANNIED,User,Dirk Van Niekerk,\\cann98265\VanNieD,\\cann98265\profile$\VanNieD,Prison Officer - Disabled 23/01/01,515
_VAZL,User,Lavinia Vaz,\\banj98227\vazl,\\banj98227\profile$\vazl,Psychologist - Disabled 23/01/01,515
_VERNOND,User,Dennis Vernon,\\MTLC98217\VernonD,\\MTLC98217\Profile$\VernonD,Education Officer - deleted 17/8/2000,515
_VINEJ,User,Jane Vine,,,Purchasing Section - disabled 02/05/2001,66051
_VIVIANE,User,Evan Vivian,,,Children's Court - disabled 04/04,515
_WAIR,User,Robyn Wai,,,HR Payrol Officer  - disabled 2/5/01,515
_WALKERK,User,Karl Walker,,,Contractor - Disabled 22/5/01,515
_WALTERSA,User,Aaron Walters,,,Contractor - Disabled 21/02/2001,515
_WANSBROC,User,Cheryl Wansbrough,\\ranj98224\WansbroC,\\ranj98224\profile$\WansbroC,Group Worker - Disabled 12/12/2000,515
_WANSBROK,User,Kerri Wansbrough,\\banj98227\wansbrok,\\banj98227\profile$\wansbrok,Self Care Officer - Disabled 12/12/2000,515
_WARDJ,User,Jill Ward,\\bunc98216\wardj,\\bunc98216\profile$\wardj,A/JJO Bunbury CBS - disabled 28/2/1,515
_WARTHMAG,User,Gerda Warthmann,\\mtlc98217\warthmag,\\mtlc98217\profile$\warthmag,A/Juvenile Justice Officer - Disabled 12/12/2000,515
_WATERHOD,User,Don Waterhouse,\\bunb98262\WaterhoD,\\bunb98262\profile$\WaterhoD,Prison Officer - Bunbury,515
_WATERSO,User,Ormonde Waters,\\band98268\waterso,\\band98268\profile$\waterso,Prison Officer - disabled 23/2/01,515
_WATSOND,User,David Watson,\\wsq98263\WatsonD,\\wsq98263\profile$\WatsonD,Manager - Disabled - 31/07/01,515
_WEARINGC,User,Clinton Wearing,\\woor98267\WearingC,\\woor98267\profile$\WearingC,Prison Officer - Disabled 23/01/01,515
_WEBBE,User,Elvern Webb,\\wsq98263\webbe,\\wsq98263\profile$\webbe,Clerical Officer - Disabled 12/12/2000,515
_WEIHSJ,User,Jeff Weihs,,,CSC Support - disabled 02/3/1,515
_WESTC,User,Clinton West,,\\moj141srv001\data\profiles\westc,GE End User Support - Disabled 21/02/2001,515
_WESTJA,User,,,,TOMS test account- disabled 26/03/2001,515
_WETHERAS,User,Suzanne Wetherall,,,A/Court Officer - Disabled 23/01/01,515
_WHEADONR,User,Ron Wheadon,,,JJD JJ Officer - disabled 4/7/01,515
_WHELANA,User,Anthony Whelan,\\kalc98221\WhelanA,\\kalc98221\profile$\WhelanA,JJO - disabled 27 Nov 2000,515
_WHITEE,User,Emma White,\\milligansrv\whitee,\\milligansrv\profile$\whitee,Milligan CBS - Disabled 12/12/2000,515
_WHITEHEJ,User,John Whitehead,\\banj98227\whitehej,\\banj98227\profile$\whitehej,Group Worker - Disabled 23/01/01,515
_WILFORDP,User,Paul Wilford,,,Amcon Contractor - disabled 2/5/01,515
_WILLIAMA,User,Alfred Williams,\\eago98223\WilliamA,\\eago98223\profile$\WilliamA,Industrial Officer - EAGO - disabled 18/06/01,515
_WILLIAMB,User,Ben Williams,\\moj141srv001\data\users\williamb,\\moj141srv001\data\profiles\williamb,Court Officer - disabled 2/5/01,515
_WILLIAMGE,User,Geoff Williams,\\cann98265\williamge,\\cann98265\profile$\williamge,Officer - Disabled 12/12/2000,515
_WILLIAMP,User,Peter Williams,\\woor98267\WilliamP,\\woor98267\profile$\WilliamP,Information Analyst disabled 2/4/01,515
_WILLIAST,User,Steven Williams,\\gree98261\WilliaSt,\\gree98261\profile$\WilliaSt,Registered Nurse - Diasbled 23/01/01,515
_WILLISE,User,Elizabeth Willis,\\band98268\willise,\\band98268\profile$\willise,Registered Nurse - Disabled 23/01/01,515
_WILLISLY,User,Lynda Willis,\\madc98210\willisly,\\madc98210\profile$\willisly,Maddington Officer - Disabled 12/12/2000,515
_WILSONWJ,User,Jamie Wilson-Webster,\\banj98227\wilsonwj,\\banj98227\profile$\wilsonwj,Groupworker - Disabled 23/01/01,515
_WILSOROB,User,Robert Wilson,\\wsq98263\WilsoRob,\\wsq98263\profile$\WilsoRob,Crown Prosecutor - Disabled 12/12/2000,515
_WIMBUSHG,User,Gary Wimbush,\\ALBA98266\WimbushG,\\ALBA98266\profile$\WimbushG,disabled 28/05/2001,515
_WINMARG,User,Geoff Winmar,\\RANJ98224\WinmarG,\\RANJ98224\Profile$\WinmarG,Groupworker - Rangeview - disabled 18/06/01,515
_WONGE,User,Elaine Wong,\\perc95846\wonge,\\perc95846\profile$\wonge,ASOI - Disabled 12/12/2000,515
_WOODAGET,User,Thomas Woodage,\\ranj98224\WoodageT,\\ranj98224\profile$\WoodageT,Group Worker - Disabled 23/01/01,515
_WOODHOUM,User,Michael Woodhouse,\\ranj98224\WoodhouM,\\ranj98224\profile$\WoodhouM,Group Worker - Disabled 12/12/2000,515
_WOODLEYR,User,Rachele Woodley,\\MOJ141SRV001\data\users\WoodleyR,\\MOJ141SRV001\data\profiles\WoodleyR,Executive Assistant - Disabled 23/01/01,515
_WORTHR,User,Reginald Worth,,\\JOONCRTIBM1\roaming$\WorthR,Should have been worthj - 19Mar01,513
_WRIGHTT,User,Trevor Wright,\\cann98265\WrightT,\\cann98265\profile$\WrightT,Prison Officer - Disabled 23/01/01,515
_WYNNEG,User,Gail Wynne,\\banj98227\WynneG,\\banj98227\profile$\WynneG,Aboriginal Officer - Disabled 23/01/01,515
_YEOH1,User,yeoh test account,,\\wsq98263\profile$\walkerv,disabled 03/05/2001,515
_YEOH2,User,yeoh finance test account,,\\moj141srv001\data\profiles\yeoh2,disabled 03/05/2001,515
_YEOH3,User,yeoh ISD test account,,\\moj141srv001\data\profiles\yeoh3,disabled 03/05/2001,515
_YEOH4,User,yeoh IMB test account,,\\moj141srv001\data\profiles\yeoh4,disabled 03/05/2001,515
_YEOH5,User,yeoh org perf test account,,\\moj141srv001\data\profiles\yeoh5,disabled 03/05/2001,515
_YVONNEB,User,*,,,,515
_ZUINC,User,Cinzia Zuin,\\perc95846\zuinc,\\perc95846\profile$\zuinc,Milligan CBS Clinical Supervisor - Disabled 9/04,515
10LIBINT,User,10 Floor Library Generic Internet Logon,,,10 Floor Library Generic Internet Logon,513
AARGO,User,Generic RGO Login,,,Registrar General's Office,66049
ABBITG,User,Gary Abbit,\\karn98218\abbitg,\\karn98218\Profile$\abbitg,Prison Officer,513
ABBOTTL,User,Lyndon Abbott,\\casu98264\abbottl,\\casu98264\profile$\abbottl,Prison Officer,513
ABBOTTT,User,Terry Abbott,\\cann98265\AbbottT,\\cann98265\profile$\AbbottT,Prison Officer,513
ABERHARS,User,Sonja Aberhard,\\eago98223\AberharS,\\eago98223\profile$\AberharS,CCO,513
ABRAHAMD,User,Dianne Abrahamsen-Kraljevich,,,Midland CBC Officer,513
ABRAHAMM,User,Matthew Abrahamson,,\\moj141srv001\data\profiles\AbrahamM,Officer,513
ACKROYDL,User,Lorraine Ackroyd,\\lawc98204\AckroydL,\\lawc98204\profile$\AckroydL,FCMT Student ,513
ADAIRJ,User,James Adair,,,Relieving Clerk of Courts,66049
ADAIRM,User,Martin Adair,\\casu98264\adairm,\\casu98264\profile$\adairm,Industrial Officer,513
ADAMSC,User,Carmel Adams,,\\clc95896\adamsc,Court Officer,513
ADAMSGA,User,Garry Adams,\\CLC95896\private$\AdamsG$,\\CLC95896\roaming$\AdamsG,Auditor,513
ADAMSJ,User,John Adams,\\rocc98222\adamsj,\\rocc98222\profile$\adamsj,Community Correction Officer,513
ADAMSK,User,Ken Adams,\\clc95896\adamsk$,\\clc95896\adamsk,Clerk - Local Court,66049
ADAMSS,User,Steve Adams,\\RIVE_RES\AdamsS,\\RIVE_RES\profile$\AdamsS,Prison Officer,513
ADAMST,User,Theodora Adams,\\lawc98204\adamst,\\lawc98204\profile$\adamst,Central Law Courts Clerical Officer,513
ADLAMC,User,Cassandra Adlam,\\cann98265\adlamc,\\cann98265\profile$\adlamc,Mediation Officer,513
ADMINISTRATOR,User,,,,Built-in account for administering the computer/domain,66113
ADRIANSA,User,Allison Adriansz,,,OM Client Team,513
AFFAIRSP,User,Public Affairs,,,Public Affairs, Exchange PC,66049
AGARJ,User,Jason Agar,\\wsq98263\agarj,\\wsq98263\profile$\agarj,Internal Investigator,513
AHERND,User,Denise Ahern,\\cann98265\ahernd,\\cann98265\profile$\ahernd,Prison Officer,513
AHMADS,User,Siti Ahmad,,\\mojfcsrv001\data\profiles\AhmadS,Family Court Orders,513
AHMATB,User,Barbara Ahmat,\\MOJ141SRV001\data\users\AhmatB,\\MOJ141SRV001\data\profiles\AhmatB,Research officer,513
AINGES,User,Sheila Ainge,,,Parlimentary Counsel Office,66049
AIREYM,User,Michelle Airey,,\\moj141srv001\data\profiles\AireyM,Drug Court - Paralegal - CHIPS AND DVD ONLY,513
AIREYS,User,Stephen Airey,\\woor98267\aireys,\\woor98267\profile$\aireys,Prison Officer,513
AIZELWOL,User,Lester Aizelwood,\\alba98266\aizelwol,\\alba98266\profile$\aizelwol,Prison Officer,513
AKERSJ,User,Jillian Akers,\\LAWC98204\AkersJ,\\LAWC98204\profile$\AkersJ,Clerical Officer - disabled 23/7/01,515
AKERSTRE,User,Ellery Akerstrom,\\pard98214\AkerstrE,\\pard98214\profile$\AkerstrE,Industrial Officer,513
ALBERTM,User,Margaret Albert,\\band98268\albertm,\\band98268\profile$\albertm,Prison Officer,513
ALEXANDC,User,Colin Alexander,\\cann98265\alexandc,\\cann98265\profile$\alexandc,Prison Officer,513
ALEXANDR,User,Robin Alexander,\\band98268\alexandr,\\band98268\profile$\alexandr,Senior Officer,513
ALGEFSKA,User,Anne-Marie Algefski,\\clc95896\algefska$,\\clc95896\algefska,Court Officer,513
ALKHYONA,User,Abdul Alkhyon,,\\MOJ141SRV001\data\profiles\AlkhyonA,Vacation Accountant,513
ALKINSP,User,Paul Alkins,\\moj141srv001\data\users\alkinsp,\\moj141srv001\data\profiles\alkinsp,Work Camp Co-ordinator,66049
ALLANB,User,Barbera Allan,\\bunb98262\allanb,\\bunb98262\profile$\allanb,Prison Officer,513
ALLARDIL,User,Leanne Allardice,\\karn98218\allardil,\\karn98218\profile$\allardil,Clinical Nurse - Karnet,513
ALLEND,User,David Allen,\\PERC95846\AllenD,\\PERC95846\profile$\AllenD,Clerical Officer,513
ALLENJ,User,Janette Allen,\\cann98265\AllenJ,\\cann98265\profile$\AllenJ,FCPO,513
ALLENM,User,Michelle Allen,\\clc95896\AllenM$,\\clc95896\AllenM,Court Officer,513
ALLENR,User,Ross Allen,,\\moj141srv001\data\profiles\allenr,Co-Oridinator Property Services,513
ALLETD,User,Doreen Allet,\\MOJ141SRV001\data\users\AlletD,\\MOJ141SRV001\data\profiles\AlletD,Human Resource Officer,513
ALLINSOM,User,Michelle Allinson,\\MOJ141SRV001\data\users\AllinsoM,\\MOJ141SRV001\data\profiles\AllinsoM,Personnel Services Officer,513
ALLISONP,User,Paul Allison,\\mtlc98217\allisonp,\\mtlc98217\profile$\allisonp,JJT Coordinator - Mandurah,513
ALLISONR,User,Robert Allison,\\eago98223\AllisonR,\\eago98223\profile$\AllisonR,Industrial Officer - Eastern Goldfields,513
ALONEJ,User,Joanne Alone,\\kunc98337\alonej,\\kunc98337\profile$\alonej,Admin Clerical,513
ALTMANNP,User,Paul Altmann,,\\MOJ141SRV001\data\profiles\AltmannP,Executive Officer,513
ALVARICM,User,Maynardo Alvarico,\\JARDOMDDIG1\AlvaricM,\\JARDOMDDIG1\profile$\AlvaricM,records officer,513
ALWYND,User,Derek Alwyn,\\CANN98265\AlwynD,\\CANN98265\profile$\AlwynD,Officer Video Link Court,513
AMATON,User,Nola Amato,\\wsq98263\amaton,\\wsq98263\profile$\amaton,CSC - TOMS CONSULTANT,515
AMBROSEG,User,Gail Ambrose,,,Sectretary to Director Financial Service,66049
AMBROSIS,User,S. Ambrosini,\\cann98265\ambrosis,\\cann98265\profile$\ambrosis,Prison Officer,513
AMIDZICM,User,Mirko Amidzic,\\clc95896\amidzicm$,\\clc95896\amidzicm,Supervising Court Officer,513
AMINATHE,User,Eenas Aminath,\\PERC95846\AminathE,\\PERC95846\profile$\AminathE,Social Work Student,513
AMOUROUW,User,William Amourous,\\banj98227\amourouw,\\banj98227\profile$\amourouw,Group Worker,513
ANDERPAT,User,Patricia Anderson,\\GREE98261\AnderPat,\\GREE98261\profile$\AnderPat,Education Officer ,513
ANDERPAU,User,Paul Anderson,\\MOJ141SRV001\data\users\AnderPau,\\MOJ141SRV001\data\profiles\AnderPau,Acting Manager for Planning and Performance,513
ANDERSCL,User,Cliff Anderson,,\\moj141srv001\data\profiles\anderscl,Personnel Services Officer,513
ANDERSEM,User,Max Andersen,,\\mojfcsrv001\data\profiles\AnderseM,Family Court Collector of maintenance,513
ANDERSOA,User,Alice Anderson,,,Family Court,66049
ANDERSOC,User,Clare Anderson,,\\moj141srv001\data\profiles\andersoc,Personnel Services - 9264 1010,513
ANDERSOK,User,Karen Anderson,\\band98268\AndersoK,\\band98268\profile$\AndersoK,Prison Officer,513
ANDERSOL,User,Lori Anderson,\\band98268\andersol,\\band98268\profile$\andersol,Nursing Clerk - Bandyup,513
ANDERSON,User,Emma Anderson,,,HR Reception,66049
ANDERSONCL,User,Claire Anderson,\\BANJ98227\AndersonCl,\\BANJ98227\profile$\AndersonCl,Librarian,513
ANDERSOP,User,Phillip Anderson,\\banj98227\AndersoP,\\banj98227\profile$\AndersoP,Group Worker,513
ANDERSOS,User,Sue Anderson,,\\mojfcsrv001\data\profiles\AndersoS,Family Court Magistrates chambers,513
ANDERSOT,User,Tracey Anderson,,,CWS Counsellor,513
ANDERSPA,User,Pam Anderson,,,Senior Court Officer,513
ANDERSPE,User,Peter Anderson,\\ALBC98211\AndersPe,\\ALBC98211\data\profiles\AndersPe,A/CCO,513
ANDERSSA,User,Alan Andersson,,\\moj141srv001\data\profiles\anderssa,Finance,513
ANDERSSA2,User,SOE Pilot Account,,\\moj141srv001\data\profiles\anderssa2,Finance,66049
ANDERTOC,User,Christine Anderton,\\wsq98263\andertoc,\\wsq98263\profile$\andertoc,Co-Ordinator CDS,513
ANDERTOS,User,Stan Anderton,\\cann98265\AndertoS,\\cann98265\profile$\AndertoS,Senior Officer,513
ANDREWME,User,Melinda Andrews,\\MOJVPPSRV01\AndrewMe,\\MOJVPPSRV01\profile$\AndrewMe,Psychology Student,513
ANDREWS,User,Sheila Andrew,\\CASU98264\AndrewS,\\CASU98264\Profile$\AndrewS,Medical Records Assistant,513
ANDREWSA,User,Annette Andrews,,\\mojfcsrv001\data\profiles\AndrewsA,Family Court Magistrates chambers,513
ANDREWSM,User,Mark Andrews,,\\mojfcsrv001\data\profiles\AndrewsM,Family Court Orders,513
ANDREWSN,User,Neil Andrews,,\\MOJFCSRV001\data\profiles\andrewsn,Records Officer,513
ANDREWSR,User,Robin Andrews,\\karn98218\AndrewsR,\\karn98218\profile$\AndrewsRobin,Prison Officer - Karnet,513
ANDREWSS,User,Sue Andrews,,,Records,513
ANDREWST,User,Steve Andrews,\\RIVE_RES\AndrewSt,\\RIVE_RES\profile$\AndrewSt,Prison Officer,513
ANGELESJ,User,Josh Angeles,\\JARDOMDDIG1\AngelesJ,\\JARDOMDDIG1\profile$\AngelesJ,Admin Asst,513
ANGELESM,User,Marie Angeles,,\\moj141srv001\data\profiles\angelesm,Officer HR,513
ANGWIND,User,David Angwin,\\LAWC98204\AngwinD,\\LAWC98204\profile$\AngwinD,Clerical Officer,513
ANGWINT,User,Trudi Angwin,\\wsq98263\angwint,\\wsq98263\Profile$\angwint,Senior Programs Officer,513
ANNESEPI,User,Pia Annese,\\WSQ98263\AnnesePi,\\WSQ98263\profile$\AnnesePi,Student,513
ANSELLG,User,Gavin Ansell,\\casu98264\ansellg,\\casu98264\profile$\ansellg,Probationery Prison Officer,513
ANSPACHD,User,Danny Anspach,\\bunb98262\AnspachD,\\bunb98262\profile$\AnspachD,Prison Officer,513
ANSPACHR,User,Richard Anspach,\\casu98264\anspachr,\\casu98264\profile$\anspachr,Prison Officer,513
ANSTIEL,User,Lara Anstie,,\\MOJFCSRV001\data\profiles\AnstieL,Legal Associate,513
ANTHONYT,User,Tricia Anthony,\\WSQ98263\anthonyt,\\WSQ98263\profile$\anthonyt,CCA - Head Office Operations,513
ANTONELS,User,Sabatino Antonelli,,\\jooncrtibm1\antonels,Court Officer - Joondalup Court,513
APELGRED,User,Delia Apelgren,\\jardomddig1\ApelgreD,\\jardomddig1\Profile$\ApelgreD,Information Officer - Jardine,513
APPLETOH,User,Hamish Appleton,,,CSC - IT Support Analyst,513
APPLETOJ,User,Judith Appleton,\\BANJ98227\AppletoJ,\\BANJ98227\profile$\AppletoJ,Registered Nurse,513
APPSM,User,Michael Apps,\\roeb98205\AppsM,\\roeb98205\profile$\AppsM,Senior Officer TOMS,513
ARBUCKLD,User,Dorothy Arbuckle,\\lawc98204\arbuckld,\\lawc98204\profile$\arbuckld,Magistrates Court,66049
ARCHERG,User,Gerry Archer,\\bunb98262\ArcherG,\\bunb98262\profile$\ArcherG,HR Coordinator - Bunbury,513
ARCHERK,User,Kathy Archer,\\mojwarsrv01\ArcherK,\\mojwarsrv01\profile$\ArcherK,CCO Madington,513
ARCHERR,User,Robert Archer,\\cann98265\archerr,\\cann98265\profile$\archerr,Prison Officer - Hakea,513
ARCHERY,User,Yvonne Archer,\\casu98264\archery,\\casu98264\profile$\archery,Personnel Officer,513
ARCHL,User,Lever Arch,\\CASU98264\data\users\ArchL,\\CASU98264\profile$\ArchL,Education Officer,513
ARFUSOA,User,Anthony Arfuso,,\\MOJ141SRV001\data\profiles\ArfusoA,Telecommunications Officer,513
ARKEVELK,User,Karen Arkeveld,,,JJD-Perth Officer,66049
ARKEVELKA,User,Karen Arkeveld,\\manc98219\ArkevelKa,\\manc98219\profile$\ArkevelKa,Admin Assist,513
ARKINSTJ,User,Jacqueline Arkinstall,\\woor98267\arkinstj,\\woor98267\profile$\arkinstj,Prison Officer - Wooraloo,513
ARKUTUC,User,Corol Arkutu,\\GREE98261\ArkutuC,\\GREE98261\Profile$\ArkutuC,Receptionist,66049
ARMSTROG,User,Gary Armstrong,\\casu98264\armstrog,\\casu98264\profile$\armstrog,Probationery Prison Officer,513
ARMSTROJ,User,Jeff Armstrong,\\cann98265\ArmstroJ,\\cann98265\profile$\ArmstroJ,FCPO Canningvale,513
ARMSTRON,User,Nicola Armstrong,,,Parlimentary Counsel Office,66049
ARNOLDD,User,Dave Arnold,\\cann98265\ArnoldD,\\cann98265\profile$\ArnoldD,Bail Coordinator,513
ARNOLDDE,User,Debbie Arnold,\\CLC95896\private$\ArnoldDe,\\CLC95896\roaming$\ArnoldDe,A/CCO,513
ARNOLDM,User,Mark Arnold,\\cann98265\ArnoldM,\\cann98265\profile$\ArnoldM,Library/Activities,513
ARTHURM,User,Michael Arthur,\\roeb98205\ArthurM,\\roeb98205\profile$\ArthurM,Prison Officer,513
ARTHURSE,User,Eugene Arthurs,\\perc95846\arthurse,\\perc95846\profile$\arthurse,Programmes Facilitator,513
ARTHURT,User,Tina Arthur,,\\moj141srv001\data\profiles\arthurt,A/Manager (Courts),513
ASAMAA,User,Annalyn Asama,,,OM Support Officer,66049
ASHERM,User,Marc Asher,\\WSQ98263\AsherM,\\WSQ98263\profile$\AsherM,Admin Assistant,513
ASHMOLEC,User,Christianne Ashmole,,\\mojavssrv001\data\profiles\Ashmolec,AADRS,513
ASHTONK,User,Kristen Ashton,\\lawc98204\AshtonK,\\lawc98204\user$\profile\AshtonK,CATS,513
ASHTONT,User,Terry Ashton,\\bunb98262\AshtonT,\\bunb98262\profile$\AshtonT,Prison Officer,513
ASHWORTS,User,Sue Ashworth,,\\clc95896\ashworts,CLC - Accounts,66049
ASKOM,User,Mike Asko,\\woor98267\AskoM,\\woor98267\profile$\AskoM,Prison Officer - Wooroloo,513
ASPLINM,User,Michelle Asplin,\\ranj98224\asplinm,\\ranj98224\profile$\asplinm,Registered Nurse - Rangeview,513
ASSETS,User,Project Officer,,\\moj141srv001\data\profiles\assets,Asset Management,513
ASSUMPTK,User,Keith Assumption,,,CSO Records,66049
ASTONS,User,Sandra Aston,\\bunb98262\astons,\\bunb98262\profile$\astons,Registered Nurse - Bunbury Prison,513
ATHANASG,User,Gaylene Athanasou,,\\clc95896\athanasg,,66049
ATHERTOJ,User,Jenny Atherton,\\band98268\athertoj,\\band98268\profile$\athertoj,Education Officer - ,513
ATHERTOL,User,Lynda Atherton,,,VSS,513
ATHERTOR,User,Roy Atherton,\\cann98265\AthertoR,\\cann98265\profile$\AthertoR,Prison Officer,513
ATKINSD,User,Dave Atkins,\\cann98265\atkinsd,\\cann98265\profile$\atkinsd,Prisons Officer,513
ATKINSM,User,Melinda Atkins,\\BUNC98216\data\users\AtkinsM,\\BUNC98216\data\profiles\AtkinsM,Level 2 - secretary,513
ATTIWELS,User,Steven Attiwell,\\cann98265\Attiwels,\\cann98265\profile$\Attiwels,Prison Officer,513
AUCKETTM,User,Mark Auckett,\\casu98264\auckettm,\\casu98264\profile$\auckettm,Prison Officer,513
AUDASB,User,Brian Audas,\\casu98264\audasb,\\casu98264\profile$\audasb,Senior Officer,513
AUGUSTEB,User,Brigitte August,,\\moj141srv001\data\profiles\augusteb,Organizational  Performance,513
AUSBURNK,User,Keith Ausburn,\\pard98214\AusburnK,\\pard98214\profile$\AusburnK,Probationery Officer,513
AUSTINB,User,Belinda Austin,\\mirc98215\austinb,\\mirc98215\profile$\austinb,Community Based Education Officer,513
AXTENK,User,Kate Axten,,\\opa96706\axtenk\profile,Social Work Student,513
AYERSU,User,Ursula Ayers,\\band98268\ayersu,\\band98268\profile$\ayersu,Prob Prison Officer,513
AYRESJ,User,Julie Ayres,\\CASU98264\AyresJ,\\CASU98264\profile$\AyresJ,Registered Nurse - Casuarina,513
AZZOPARJ,User,Jason Azzopardi,\\woor98267\azzoparj,\\woor98267\profile$\azzoparj,Prison Officer - Wooroloo,513
BACKUPEXEC,User,BackUp Exec Account,,,Network Backups,66113
BADHAMV,User,Vin Badham,,,Records,66049
BAILEYC,User,Catherine Bailey,\\mojnyasrv01\BaileyC,\\mojnyasrv01\profile$\BaileyC,Prison Officer,513
BAILEYL,User,Leslie Bailey,\\broo98202\BaileyL,\\broo98202\profile$\BaileyL,Prison Officer,513
BAILEYR,User,Robert Bailey,\\roeb98205\BaileyR,\\roeb98205\profile$\BaileyR,Prison Officer,513
BAILLIEJ,User,John Baillie,,,HR Policy,66051
BAINBRIA,User,April Bainbridge,\\ccou98209\BainbriA,\\ccou98209\BainbriA,Trainee,513
BAIRDR,User,Roxanne Baird,,,Financial Systems Officer,513
BAIRSTOM,User,Mary Bairstow,,\\MOJOPASRV001\data\profiles\BairstoM,OPA,66049
BAKERA,User,Audrey Baker,\\PERC95846\bakera,\\PERC95846\Profile$\bakera,Milligan CBS STAC Co-ordinator,513
BAKERC,User,Colin Baker,\\pard98214\BakerC,\\pard98214\profile$\BakerC,Prison Officer,513
BAKERE,User,Elizabeth Baker,\\MTLC98217\BakerE,\\MTLC98217\profile$\BakerE,woo/compliance officer,513
BAKERJ,User,Janet Baker,\\wsq98263\bakerj,\\wsq98263\profile$\bakerj,Acting Director of Nursing - Westralia Square,513
BAKERM,User,Michael Baker,,\\midlcrtibm1\bakerm,Managing Registrar,66049
BAKERMA,User,Marie Baker,\\CANN98265\BakerMa,\\CANN98265\profile$\BakerMa,Visits Officer,513
BAKERR,User,Robyn Baker,,\\mojopasrv001\data\profiles\bakerr,Investigator,513
BAKERRO,User,Ross Baker,\\CANN98265\BakerRo,\\CANN98265\profile$\BakerRo,Cook Instructor,513
BAKERT,User,Terry Baker,\\woor98267\BakerT,\\woor98267\profile$\BakerT,Prison Officer,513
BAKERTE,User,Teresa Baker,\\roeb98205\BakerTe,\\roeb98205\profile$\BakerTe,Prison Officer,513
BAKERW,User,William Baker,\\casu98264\bakerw,\\casu98264\profile$\bakerw,Industrial Officer,513
BAKSASA,User,Amanda Baksas,,\\clc95896\baksasa,Customer service Officer,513
BAKSASR,User,Raina Baksas,,\\clc95896\baksasr,Sheriff Office Worker,66049
BALAKUMN,User,Nalayini Balakumar,,\\mojfcsrv001\data\profiles\BalakumN,Family Court Registry,513
BALCOMBD,User,Dorothy Balcombe,\\casu98264\balcombd,\\casu98264\profile$\balcombd,Senior Officer,513
BALDOCKD,User,Debbie Baldock,,\\clc95896\baldockd,Court Officer - Local Court,513
BALDWINJ,User,John Baldwin,\\alba98266\baldwinj,\\alba98266\profile$\baldwinj,Prison Officer,513
BALLANTA,User,Ann Ballantyne,\\wsq98263\BallantA,\\wsq98263\profiles$\BallantA,Personal Assistant,513
BALLANTP,User,Phillip Ballantyne,\\mojnyasrv01\ballantp,\\mojnyasrv01\profile$\ballantp,Prison Officer (shift),513
BALLARDR,User,Roger Ballard,\\cann98265\BallardR,\\cann98265\profile$\BallardR,Prison Officer,513
BALLM,User,Melvin Ball,,\\moj141srv001\data\profiles\ballm,Project Manager - PW no expire - KC,66049
BAMESST,User,Trevor Bamess,\\BUNb98262\BamessT,\\BUNb98262\data\profiles\BamessT,Prison officer,513
BANASZCM,User,Mick Banaszcyk,,,Director,513
BANDYD,User,Denis Bandy,\\cann98265\BandyD,\\cann98265\profile$\BandyD,Coord Staff Res.,513
BANKSB,User,Barry Banks,\\cann98265\BanksB,\\cann98265\profile$\BanksB,Prison Officer,513
BANKSK,User,Kirrily Anne Banks,,\\moj141srv001\data\profiles\banksk,ISD Records,513
BANNISTB,User,Benjamin Bannister,\\ranj98224\bannistb,\\ranj98224\profile$\bannistb,GroupWorker - Rangeview,513
BANNISTJA,User,Janet Bannister,\\benc_res\BannistJa,\\benc_res\profile$\BannistJa,Clerical Officer,513
BANTONC,User,Caroline Banton,\\kunc98337\BantonC,\\kunc98337\profile$\BantonC,Kununurra CBS,513
BARBAGAC,User,Carmel Barbagallo,,,DPP - Internet Access,66049
BARBAROD,User,Domenica Barbaro,\\MOJ141SRV001\data\users\BarbaroD,\\MOJ141SRV001\data\profiles\BarbaroD,disabled 27/04/2001,515
BARBAROR,User,Rina Barbaro,,,Supervisor Information Services,66049
BARBASS,User,Sheryl Barbas,,,IT Support,513
BARBERAK,User,Karen Barbera,\\CANN98265\BarbaraK,\\CANN98265\profile$\BarbaraK,Education Assessment Officer,513
BARBERD,User,Diane Barber,\\lawc98204\BarberD,\\lawc98204\profile$\BarberD,Student on Placement,513
BARBOURJ,User,John Barbour,\\broo98202\BarbourJ,\\broo98202\profile$\BarbourJ,Prison Officer,513
BARBUZZD,User,Daniela Barbuzza,\\PERC95846\barbuzzd,\\PERC95846\profile$\barbuzzd,Milligan CBS Snr Program Officer,513
BARCODE,User,Base Barcode Reader,,\\moj141srv001\data\profiles\barcode,ISD Records,513
BARENTIL,User,Lynn Barentine,\\alba98266\BarentiL,\\alba98266\Profile$\BarentiL,Program Officer,513
BARGAINL,User,Lisa Bargain,\\rocc98222\bargainl,\\rocc98222\profile$\bargainl,JJT Police Officer,513
BARKERA,User,Alan Barker,\\banj98227\barkera,\\banj98227\profile$\barkera,Group Worker,513
BARKERAD,User,Aden Barker,\\PERC95846\BarkerAd,\\PERC95846\profile$\BarkerAd,Social Work Student,513
BARKERR,User,Rodger Barker,\\ROEB98205\BarkerR,\\ROEB98205\profile$\BarkerR,Admin Trainee,513
BARKERS,User,Sylvia Barker,\\madc98210\BarkerS,\\madc98210\profile$\BarkerS,SCCO,513
BARLOWJ,User,Justice John Barlow,,,Family Court Judges chambers,513
BARLOWP,User,Penny Barlow,,\\clc95896\barlowp,Court Officer,513
BARLOWW,User,Wendy Barlow,\\banj98227\BarlowW,\\banj98227\profile$\BarlowW, Financial Admin Officer,513
BARNARDT,User,Tanja Barnardini,\\mtlc98217\BarnardT,\\mtlc98217\profile$\BarnardT,JJO,513
BARNESC,User,Chris Barnes,,\\moj141srv001\data\profiles\barnesc,HR Recruitment,513
BARNESD,User,David Barnes,\\cann98265\barnesd,\\cann98265\profile$\barnesd,Prison Officer,513
BARNESKIX,User,Kix Test Account,,,Rob Barnes Kix Test Account,513
BARNESR,User,Robert Barnes,\\moj141srv001\data\users\BarnesR,,CSC - IT Support Analyst,513
BARNETTG,User,Gwenda Barnett,,\\clc95896\barnettg,Secretary - May Holman Centre,66049
BARNETTGR,User,Graeme Barnett,\\kill98208\barnettgr,\\kill98208\Profile$\barnettgr,Killara Support Services Case Worker,513
BARNETTJ,User,Jason Barnett,\\eago98223\barnettj,\\eago98223\profile$\barnettj,Prison Officer,513
BARNETTK,User,Keith Barnett,\\casu98264\barnettk,\\casu98264\profile$\barnettk,Industrial Officer,513
BARRATTP,User,Paul Barratt,\\broo98202\BarrattP,\\broo98202\profile$\BarrattP,Prison Officer,513
BARRETJO,User,John Barrett,,,IT Consultant - Courts Technology Group,513
BARRETTJ,User,Jennifer Barrett,\\mirc98215\barrettj,\\mirc98215\profile$\barrettj,CCO - Mirrabooka,513
BARRETTK,User,Kenneth Barrett,\\roeb98205\BarrettK,\\roeb98205\profile$\BarrettK,Prison Officer,513
BARRETTR,User,Richard Barrett,\\MOJ141SRV001\data\users\BarrettR,\\MOJ141SRV001\data\profiles\BarrettR,Public Affairs Officer,513
BARRETTT,User,Terence Barrett,\\cann98265\barrettt,\\cann98265\profile$\barrettt,Hospital Officer,513
BARRETTV,User,Victor Barrett,,,ISD Offender Management,513
BARRIEB,User,Bruce Barrie,\\bunb98262\barrieb,\\bunb98262\profile$\barrieb,Prison Officer,513
BARRONS,User,Stephen Barron,\\jardomddig1\barrons,\\jardomddig1\Profile$\barrons,Officer Offenders in Custody Team - Jardine,513
BARRYE,User,Evan Barry,\\mojnyasrv01\barrye,\\mojnyasrv01\profile$\barrye,Prison Officer - Nyandi,513
BARRYM,User,Maeve Barry,\\wsq98263\barrym,\\wsq98263\profile$\barrym,Police/Justice Core Functions,66049
BARTHOLC,User,Carol Bartholomew,\\cann98265\BartholC,\\cann98265\profile$\BartholC,Prison Officer,513
BARTLEYT,User,Toni Bartley,\\cann98265\BartleyT,\\cann98265\profile$\BartleyT,Prison Officer,513
BARTONN,User,Neil Barton,\\GREE98261\bartonn,\\GREE98261\Profile$\bartonn,Greenough Prison Prison Officer,513
BASKEYFS,User,Simon Baskeyfield,\\GREE98261\baskeyfs,\\GREE98261\Profile$\baskeyfs,Greenough Prison Prison Officer,513
BASTONA,User,Allan Baston,\\KARN98218\BastonA,\\KARN98218\profile$\BastonA,Abbattoir,513
BASTOWE,User,Edward Bastow,,\\clc95896\bastowe,Registrar,513
BATEMANA,User,Aislinn Bateman,,\\MOJFCSRV001\data\profiles\BatemanA,Records Officer,513
BATEMANB,User,Bradley Bateman,,,IT Support - CLC,513
BATEMAND,User,Dianne Bateman,\\cann98265\batemand,\\cann98265\profile$\batemand,Treatment Assessment Pilot Project - Hakea,513
BATEMANL,User,Lee Bateman,,\\mojfcsrv001\data\profiles\BatemanL,Family Court Registry,513
BATEMANS,User,Steven Bateman,,\\MOJFCSRV001\data\profiles\BatemanS,Records Offier,513
BATESK,User,Karen Bates,,\\mojfcsrv001\data\profiles\BatesK,Family Court Registry,513
BATESS,User,Susan Bates,,,Transition Operator,513
BATHB,User,Brian Bath,\\bunb98262\BathB,\\bunb98262\profile$\BathB,FCPO,513
BATTALN,User,Nabil Battal,\\casu98264\battaln,\\casu98264\profile$\battaln,Prison Officer,513
BATTALNA,User,Nasser Battal,\\casu98264\battalna,\\casu98264\profile$\battalna,Prison Officer,513
BATTENK,User,Kerrynne Batten,\\MOJ141SRV001\data\users\BattenK,\\MOJ141SRV001\data\profiles\BattenK,Internal Auditor,513
BATTENS,User,Scott Batten,\\casu98264\battens,\\casu98264\profile$\battens,Prison Officer,513
BAXTERB,User,Brian Baxter,\\casu98264\baxterb,\\casu98264\profile$\baxterb,Prison Officer,513
BAYAKLYL,User,Lisa Bayakly,,\\moj141srv001\data\profiles\bayaklyl,Contract Internal Auditor,513
BAYLEYA,User,Ainslie Bayley,\\CASU98264\BayleyA,\\CASU98264\profile$\BayleyA,Foresnic Case Manager,513
BAYMANP,User,Peter Bayman,\\benc_res\Baymanp,\\benc_res\profile$\Baymanp,Manager Bentley CBS,513
BEACALLS,User,Shane Beacall,\\banj98227\beacalls,\\banj98227\profile$\beacalls,Groupworker,513
BEAND,User,Donna Bean,,,3rd flr Finance,66051
BEARDR,User,Rebecca Beard,\\GREE98261\beardr,\\GREE98261\Profile$\beardr,Greenough Prison Resource Coord.,513
BEASLEYS,User,Sally Beasley,,\\mojfcsrv001\data\profiles\BeasleyS,Family Court Counselling,513
BEATONL,User,Laurence Beaton,\\cann98265\BeatonL,\\cann98265\profile$\BeatonL,Senior Officer,513
BEATTIEJ,User,Joanne Beattie,\\bunb98262\beattiej,\\bunb98262\profile$\beattiej,Secretary,513
BEATTYR,User,Ronald Beatty,\\banj98227\beattyr,\\banj98227\profile$\beattyr,Unit Manager,513
BEAZLEYJ,User,Jenice Beazley,,,Officer (TEMP),66049
BEAZLEYP,User,Peter Beazley,\\cann98265\BeazleyP,\\cann98265\profile$\BeazleyP,Senior Officer,513
BECHELLL,User,Les Bechelli,,\\moj141srv001\data\profiles\bechelll,Financial Planner,513
BECKK,User,Karen Beck,\\cann98265\beckk,\\cann98265\profile$\beckk,Prison Officer,513
BECKL,User,Lee Beck,\\frec98207\beckl,\\frec98207\profile$\beckl,Home Detention Officer,515
BECKTONP,User,Paul Beckton,\\cann98265\BecktonP,\\cann98265\profile$\BecktonP,Senior Officer,513
BEDEKARS,User,Satish Bedekar,,,Finance Contractor,66049
BEECHJ,User,Julie Beech,\\ccou98209\beechjW$,\\ccou98209\beechjP$,A/Project Officer - Court Services,513
BEECHJA,User,Jane Beech,\\cann98265\BeechJa,\\cann98265\profile$\BeechJa,A/Typist,513
BEERA,User,Anne Beer,\\PERC95846\beera,\\PERC95846\profile$\beera,Milligan CBS Clerical Officer,513
BEESTONG,User,Gary Beeston,\\bunb98262\BeestonG,\\bunb98262\profile$\BeestonG,Prison Officer,513
BEESTONK,User,Kevin Beeston,\\karn98218\beestonk,\\karn98218\profile$\beestonk,Industrial Officer,513
BEETONA,User,April Beeton,\\mojnyasrv01\beetona,\\mojnyasrv01\profile$\beetona,Nyandi,513
BEGUTTEW,User,Wolfgang Begutter,\\pard98214\BegutteW,\\pard98214\profile$\BegutteW,Prison Officer,513
BEHARIS,User,Sergarie Behari,,,Counsellor,513
BEIKENG,User,Graham Beiken,\\casu98264\beikeng,\\casu98264\profile$\beikeng,Industrial Officer,513
BEILKENG,User,Graham Beilken,\\CASU98264\BeilkenG,\\CASU98264\profile$\BeilkenG,Bakery Instructor,513
BEISLEYJ,User,John Beisley,\\msu98213\BeisleyJ,\\msu98213\profile$\BeisleyJ,Senior Officer,513
BELLC,User,Christopher Robin Bell,\\casu98264\bellc,\\casu98264\profile$\bellc,Senior Officer,513
BELLCH,User,Christopher Royden Bell,\\casu98264\bellch,\\casu98264\profile$\bellch,FCPO,513
BELLETTS,User,Shannon Bellett,,,Child Witness Service,513
BELLG,User,Gabrielle Bell,\\mojwatsrv01\bellg,\\mojwatsrv01\profile$\bellg,Wangara JJ Team Coordinator,513
BELLI,User,Ines Bell,,,Finance ?,66049
BELLJ,User,Jeff Bell,\\perc95846\bellj,\\perc95846\profile$\bellj,Milligan CBS Clerical Officer,513
BELLK,User,Kerryn Bell,\\bunb98262\bellk,\\bunb98262\profile$\bellk,Nurse,513
BELLMAIJ,User,Jacqueline Bellmaine,\\perc95846\bellmaij,\\perc95846\profile$\bellmaij,Community Corrections Officer,513
BELLN,User,Nola Bell,\\rocc98222\BellN,\\rocc98222\profile$\BellN,Clerical Officer,513
BELLPAT,User,Trish Bell-Pavelka,\\roeb98205\BellPaT,\\roeb98205\profile$\BellPaT,Head Nurse,513
BELLR,User,Ray Bell,\\band98268\bellr,\\band98268\profile$\bellr,Prison Officer,513
BELLT,User,Terry Bell,,\\moj141srv001\data\profiles\bellt,project Manager,513
BELLTR,User,Tracey Bell,\\MEEC98347\BellTr,\\meec98347\profile$\BellTr,A/Clerical Officer,513
BELLV,User,Vicki Bell,,\\moj141srv001\data\profiles\bellv,A/ Manager Policy + Services,513
BENCSCRIPT1,User,Bentley CBS Script 1,,,Bentley CBS PSR movement script 1,66049
BENDERS,User,Sue Bender,\\cann98265\BenderS,\\cann98265\profile$\BenderS,Personnel Officer,513
BENEDETA,User,Anna Benedetto,,\\mojfcsrv001\data\profiles\BenedetA,Family Court Counselling,513
BENHAMK,User,Kay Benham,,,VSS Counselor,513
BENNETDE,User,Debra Bennett-Borlase,,,Magistrates,66049
BENNETTA,User,Alan Bennett,,\\MOJ141SRV001\data\profiles\BennettA,Consultant,513
BENNETTB,User,Brian Bennett,\\CLC95896\BennettB$,\\CLC95896\BennettB,Executive Assistant,513
BENNETTC,User,Caroline Bennett,\\WOOR98267\BennettC,\\WOOR98267\profile$\BennettC,Childcare Activity Worker,513
BENNETTD,User,Douglas Bennett,\\ranj98224\BennettD,\\ranj98224\profile$\BennettD,Group Worker - Rangeview,513
BENNETTE,User,Eion Bennett,\\narc98339\BennettE,\\narc98339\profile$\BennettE,CCO,513
BENNETTL,User,Lyn Bennett,\\band98268\bennettl,,Assistant Superintendent,513
BENNETTL2,User,Lyn Bennett,\\BAND98268\Bennettl,\\BAND98268\profile$\Bennettl2,Second Login - Assistant Superintendent,513
BENNETTR,User,Roslyn Bennett,\\perc95846\bennettr,\\perc95846\profile$\bennettr,Milligan - SOTU Senior Program Officer,513
BENNETTRO,User,Ros Bennett,\\manc98219\BennettRo,\\manc98219\profile$\bennettro,A/SMO,513
BENNETTS,User,Sharon Bennett,\\banj98227\bennetts,\\banj98227\profile$\bennetts,Group Worker,513
BENNINGS,User,Stuart Bennington,,\\mojfcsrv001\data\profiles\BenningS,Family Court Registry,513
BENNK,User,Keith Benn,,\\mojfcsrv001\data\profiles\BennK,Family Court Counselling,513
BENTONG,User,Glenn Benton,\\cann98265\bentong,\\cann98265\profile$\bentong,Cook Instructor - Hakea,513
BERCOVY,User,Yvonne Bercov,\\kill98208\bercovy,\\kill98208\Profile$\bercovy,Killara Support Services Case Worker,513
BERGB,User,Bob Berg,,\\moj141srv001\data\profiles\bergb,Director -  Information Services Directorate,513
BERGERC,User,Colin Berger,\\alba98266\bergerc,\\alba98266\profile$\bergerc,Storeman,513
BERGINL,User,Linda Bergin,\\woor98267\berginl,\\woor98267\profile$\berginl,Medical Records Officer,513
BERKOVIT,User,Tiya Berkovic,\\madc98210\BerkoviT,\\madc98210\profile$\BerkoviT,Clerical Officer,513
BERNHARN,User,Nadine Bernhardt,,,Courts Accounts Officer,66049
BEROSS,User,Shaun Beros,\\espc98342\beross,\\espc98342\profile$\beross,JJ Esperance,513
BESSANTJ,User,Judy Bessant,\\lawc98204\bessantj,\\lawc98204\profile$\bessantj,Central Law Courts Admin Assistant,513
BESSERW,User,William Besser,\\banj98227\besserw,\\banj98227\profile$\besserw,Group Worker,513
BESTONA,User,Anthony Beston,\\casu98264\bestona,\\casu98264\profile$\bestona,PPO Priosn Officer,513
BEVISG,User,Gary Bevis,\\bunb98262\BevisG,\\bunb98262\profile$\BevisG,Senior Officer,513
BEZICHB,User,Belinda Bezich,\\MADC98210\BezichB,\\MADC98210\profile$\BezichB,CCO,513
BHTRAIN1,User,Banksia Hill Train 1,,,OM,66049
BIBBYB,User,Bruce Bibby,\\cann98265\BibbyB,\\cann98265\profile$\BibbyB,ASPM,513
BIDDLEG,User,Gemma Biddle,,\\moj141srv001\data\profiles\BiddleG,Revenue Officer,513
BIDWELLR,User,Robert Bidwell,\\band98268\bidwellr,\\band98268\profile$\bidwellr,FCPO,513
BIENKOWN,User,Nick Bienkowski,\\wsq98263\Bienkown,\\wsq98263\profile$\bienkown,Level 12 OM Exec Coord resources,513
BIGGSR,User,Robert Biggs,\\cann98265\BiggsR,\\cann98265\profile$\BiggsR,Prison Officer,513
BILLINGD,User,Dave Billings,\\woor98267\BillingD,\\woor98267\profile$\BillingD,Prison Officer,513
BILLINGM,User,Mary Billings,\\band98268\billingm,\\band98268\profile$\billingm,FCPO,513
BILSONM,User,Mark Bilson,\\casu98264\bilsonm,\\casu98264\profile$\bilsonm,Prison Officer,513
BINGHAMP,User,Pauline Bingham,\\jardomddig1\binghamp,\\jardomddig1\profile$\binghamp,Level 12 OM Exec Clerical Assistant,513
BINNEVER,User,Ronald Binneveld,\\roeb98205\BinneveR,\\roeb98205\profile$\BinneveR,Senior Officer,513
BINNIEM,User,Marian Binnie,\\PERC95846\BinnieM,\\PERC95846\profile$\BinnieM,Program Officer,513
BINOMARR,User,Rasidah Bin Omar,,,Aboriginal Liaison Officer,513
BIRDCATH,User,Catherine Bird,\\CARC98346\data\users\BirdCath,\\CARC98346\profile$\BirdCath,Court Officer,513
BIRKIND,User,Debra Birkin,\\broo98202\birkind,\\broo98202\profile$\birkind,Clinical Nurse - Broome,513
BIRKINJ,User,Jennifer Birkin,\\BROO98202\BirkinJ,\\BROO98202\Profile$\BirkinJ,Medical Records Officer,513
BISHOPDE,User,Deanne Bishop,,\\clc95896\bishopde,Court Officer, Perth,513
BISHOPH,User,Helen Bishop,,\\mojavssrv001\data\profiles\bishoph,Supervisor - AADRS,66049
BISHOPJ,User,Jennifer Bishop,,,Court Services - Consultant,513
BISHOPK,User,Kerri Bishop,\\band98268\bishopk,\\band98268\profile$\bishopk,Prison Officer,513
BISHTV,User,Vimal Bisht,\\LAWC98204\BishtV,\\LAWC98204\profile$\BishtV,Unisys Contractor,513
BISSETJ,User,Jenni Bisset,\\BAND98268\BissetJ,\\BAND98268\profile$\BissetJ,Nursing Sister,513
BLACKBUR,User,Martin Blackburn,\\casu98264\blackbur,\\casu98264\profile$\blackbur,Prison Officer,513
BLACKJ,User,Jean Black,\\perc95846\blackj,\\perc95846\profile$\blackj,CC Officer - Perth CBS,513
BLACKK,User,Kate Black,,,DPP Records,66049
BLACKR,User,Robert Black,,,Joondalup Court,66049
BLACKWOD,User,Delson Blackwood,\\CANN98265\BlackwoD,\\CANN98265\profile$\BlackwoD,Prison Officer,513
BLACKWOK,User,Kursty Blackwood,\\banj98227\blackwok,\\banj98227\profile$\blackwok,Groupworker,513
BLAIRA,User,Anne Blair,\\cann98265\Blaira,\\cann98265\profile$\Blaira,Psychologist,513
BLAIRAA,User,Aaron Blair,\\CASU98264\BlairAa,\\CASU98264\profile$\BlairAa,Industrial Officer,513
BLAIRR,User,Rod Blair,\\WSQ98263\BlairR,\\WSQ98263\profile$\BlairR,A/Manager Business Improvement,513
BLAKEP,User,Peter Blake,\\BUNb98262\BlakeP,\\BUNb98262\data\profiles\BlakeP,Prison officer,513
BLAKEYS,User,Sue Blakey,,\\clc95896\blakeys,Criminal Injuries,66049
BLANKETM,User,Marrilyn Blanket,,,Aboriginal Fines Liaison Officer - Roebourne Crt,513
BLANKLEJ,User,Jenny Blankley,\\MOJ141SRV001\data\users\BlankleJ,\\MOJ141SRV001\data\profiles\BlankleJ,Enquiries Officer,513
BLASGUNL,User,Lynette Blasgund,\\rive_res\blasgunl,\\rive_res\public$\blasgunl,Superintendant Riverbank Prison,513
BLAYD,User,Donna Blay,\\banj98227\BlayD,\\banj98227\profile$\BlayD,Group Worker,513
BLAZEM,User,Monica Blaze,\\MOJ141SRV001\data\users\BlazeM,\\MOJ141SRV001\data\profiles\BlazeM,A / Personnel Assist,513
BLAZEYM,User,Mark Blazey,\\CASU98264\BlazeyM,\\CASU98264\profile$\BlazeyM,Printshop,513
BLENKINS,User,Stephen Blenkinsopp,\\cann98265\BlenkinS,\\cann98265\profile$\BlenkinS,Prison Officer,513
BLENNERD,User,Douglas Blennerhassett,\\clc95896\blennerd$,,Clerk of the Court,513
BLEWETTD,User,Don Blewett,\\casu98264\blewettd,\\casu98264\profile$\blewettd,Senior Officer,513
BLIGHTK,User,Kaye Blight,\\ranj98224\BlightK,\\ranj98224\profile$\BlightK,Group Worker,513
BLITZS,User,Sharon Blitz,\\JARDOMDDIG1\BlitzS,\\JARDOMDDIG1\profile$\BlitzS,Records Officer,513
BLOEMENA,User,Antoine Bloemen,,,Magistrate,66049
BLOFFWIL,User,Louise Bloffwitch,\\PERC95846\BloffwiL,\\PERC95846\profile$\BloffwiL,Student Placement,513
BLOGGD,User,Darren Blogg,,,Senior Officer, Database Administration,513
BLOWERI,User,Ian Blower,,,CSC - Security  Analyst - disabled 06/01,515
BLOWERSN,User,Nicole Blowers,,,HR Personnel Services,66049
BLOXSIDP,User,Peter Bloxsidge,\\GREE98261\bloxsidp,\\GREE98261\Profile$\bloxsidp,Greenough Prison Prison Officer,513
BLUNTK,User,Karin Blunt,\\eago98223\bluntk,\\eago98223\profile$\bluntk,Medical Records Officer,513
BLURTOND,User,Desmond Blurton,\\ranj98224\BlurtonD,\\ranj98224\profile$\BlurtonD,Group Worker,513
BLYTHEP,User,Peter Blythe,\\cann98265\BlytheP,\\cann98265\profile$\BlytheP,Transport Officer ,513
BOAGR,User,Robert Boag,\\casu98264\boagr,,Finance Manager,513
BOBUSICM,User,Magdalena Bobusic,\\WSQ98263\BobusicM,\\WSQ98263\profile$\BobusicM,Analyst/Programmer,513
BODDISS,User,Simon Boddiss,,,Jardine House ,66049
BODECOTM,User,Micheal Bodecott,\\banj98227\bodecotm,\\banj98227\profile$\bodecotm,Group Worker,513
BODELG,User,Geoff Bodel,\\perc95846\bodelg,\\perc95846\profile$\bodelg,Milligan CBS Manager,513
BODENHAR,User,Ronald Bodenham,\\casu98264\bodenhar,\\casu98264\profile$\bodenhar,Prison Officer,513
BOGIEL,User,Lynelle Bogie,,,Registrar General's Office,66049
BOGLEG,User,Geoff Bogle,\\band98268\bogleg,\\band98268\profile$\bogleg,Senior Officer,513
BOHLINGJ,User,John Bohling,\\casu98264\bohlingj,\\casu98264\profile$\bohlingj,Prison Officer,513
BOLANDJ,User,James Boland,\\pard98214\BolandJ,,Assistant Supt,513
BOLANDJL,User,James Boland,,,Laptop login,513
BOLANDP,User,Paul Boland,,\\moj141srv001\data\profiles\bolandp,HR Quality Assessor - Personnel ,513
BOLDISOG,User,Graham Boldison,\\casu98264\boldisog,\\casu98264\profile$\boldisog,Senior Officer,513
BOLSTERA,User,Aengus Bolster,\\ROEB98205\BolsterA,\\ROEB98205\profile$\BolsterA,Prison Officer,513
BOLTOND,User,Desley Ann Bolton,\\bunb98262\boltond,\\bunb98262\profile$\boltond,Registered Nurse,513
BOLTONPA,User,Pauline Bolton,\\casu98264\boltonpa,\\casu98264\profile$\boltonpa,Prison Officer,513
BONARM,User,Maria Bonarm,,,JJD JJ Officer,66049
BONDG,User,Graham Bond,\\woor98267\bondg,\\woor98267\profile$\bondg,Wooroloo Prison Senior Officer,513
BONDI,User,Isobel Bond.,,,PCO,66049
BONDK,User,Kerry-lynn Bond,\\woor98267\bondk,\\woor98267\profile$\bondk,Greenough Prison Prison Officer,513
BONDKA,User,Kathy Bond,\\cann98265\BondKa,\\cann98265\profile$\BondKa,Clerical Officer,513
BONDN,User,Neil Bond,,,Senior Court Officer,513
BONNERC,User,Carolina Bonner,\\banj98227\BonnerC,\\banj98227\profile$\BonnerC,Group Worker,513
BOONE,User,Enrika Boon,,,Contractor,513
BOOTHMAK,User,Kieran Boothman,,,Magistrates,66049
BOOTHMAL,User,Liz Boothman,\\band98268\boothmal,\\band98268\profile$\boothmal,Education Officer,513
BORDICM,User,Melisa Bordic,\\EAGO98223\BordicM,\\EAGO98223\profile$\BordicM,Typist,513
BORGA,User,Alistair Borg,\\wsq98263\borga,\\wsq98263\profile$\borga,A/Executive Officer,513
BORLASEL,User,Laureen Borlase,,,Associate to President,66049
BOROWSKY,User,Yvonne Borowski,,\\opa96706\roaming\borowsky,Data Management Officer,66049
BORWICKJ,User,Jill Borwick,\\banj98227\borthwij,\\banj98227\profile$\borthwij,Nursing sister,513
BOSENBEV,User,Vanessa Bosenberg,,\\MOJOPASRV001\data\profiles\BosenbeV,Student Social Worker,513
BOSMANM,User,Melanie Bosman,,\\moj141srv001\data\profiles\bosmanm,Personnel Officer,513
BOTICAAM,User,Amanda Botica,,,Sheriffs Officer,513
BOUGOURJ,User,John Bougourd,,,OM Client Team - Technical Support Officer,513
BOULTA,User,Anthony Boult,\\casu98264\boulta,\\casu98264\profile$\boulta,Prison Officer,515
BOUQUETK,User,Kerry Bouquet,\\cann98265\BouquetK,\\cann98265\profile$\BouquetK,Prison Officer,513
BOURKEM,User,Michael Bourke,,\\moj141srv001\data\profiles\bourkem,Registrar General's Office,513
BOURNED,User,David Bourne,\\cann98265\BourneD,\\cann98265\profile$\BourneD,Catering Coord,513
BOURNEE,User,Eleanor Bourne,,\\rocc98222\data\profiles\BourneE,Court Officer - Rockingham,513
BOURNEJ,User,Jodie Bourne,,,Programmer,513
BOURNER,User,Richard Bourne,\\kalc98221\BourneR,\\kalc98221\profile$\BourneR,JJO,515
BOUSEK,User,Kirstin Bouse,\\ROCC98222\BouseK,\\ROCC98222\profile$\BouseK,Visiting Specialist (Psych),513
BOWDENT,User,Tom Bowden,\\MOJ141SRV001\data\users\BowdenT,\\moj141srv001\data\profiles\bowdent,CSC SOE Design,513
BOWEL,User,Lisa Bowe,,\\mojfcsrv001\data\profiles\BoweL,Maternity Leave - Family Court Registry,515
BOWEND,User,David Bowen,\\banj98227\bowend,\\banj98227\profile$\bowend,Group Worker,513
BOWENG,User,Gordon Bowen,,\\moj141srv001\data\profiles\boweng,HR,513
BOWLESB,User,Blanche Bowles,\\broo98202\bowlesb,\\broo98202\profile$\bowlesb,A/JJO,513
BOWLEYL,User,Lisa Bowley,\\band98268\bowleyl,\\band98268\profile$\bowleyl,Prison Officer,513
BOWMANM,User,Mark Bowman,,\\moj141srv001\data\profiles\bowmanm,18th Fl Developer,513
BOWMANR,User,Robert Bowman,\\casu98264\bowmanr,\\casu98264\profile$\bowmanr,Industrial Officer ,513
BOWRAG,User,Guy Bowra,\\solomon\public$,,Court Services,66049
BOWRAJ,User,Jan Bowra,,\\moj141srv001\data\profiles\bowraj,HR Consultant,513
BOYDB,User,Brian Boyd,\\ranj98224\BoydB,\\ranj98224\profile$\BoydB,Group Worker,513
BOYDR,User,Richard Boyd,\\rive_res\boydr,\\rive_res\profile$\boydr,Riverbank Prison Officer,513
BOYDRAY,User,Ray Boyd,,\\MOJ141SRV001\data\profiles\BoydRay,Contractor - Spherion,513
BOYDRO,User,Ross Boyd,\\pard98214\BoydRo,\\pard98214\profile$\BoydRo,Prison Officer,513
BOYDROB,User,Robyn Boyd,,\\midlcrtibm1\boydrob,Court Officer,66049
BOYERB,User,Brendan Boyer,,,Oracle Applications Consultant,513
BOYLAND,User,Declan Boyle,\\cann98265\boyland,\\cann98265\profile$\boyland,Prison Officer - Canning Vale,513
BOYLEA,User,Anthony Boyle,\\cann98265\BoyleA,\\cann98265\profile$\BoyleA,Prison Officer,513
BOYLEB,User,Bronwyn Boyle,,,Sheriff Office Worker,66049
BOYLEBR,User,Bronwyn Boyle,\\wsq98263\boylebr,,Project Officer - Justnet Content Developer,513
BOYLEG,User,Gary Boyle,\\ranj98224\boyleg,\\ranj98224\profile$\boyleg,Groupworker,513
BOYLEM,User,Maxwell Boyle,\\GREE98261\boylem,\\GREE98261\Profile$\boylem,Greenough Prison FCPO,513
BOYLENS,User,Simon Boylen,,\\moj141srv001\data\profiles\boylens,HR Personnel Services,513
BOYLES,User,Stephen Boyle,\\banj98227\BoyleS,\\banj98227\profile$\BoyleS,Programmes Officer,513
BOYNED,User,Dawn Boyne,,\\moj141srv001\data\profiles\boyned,Courts,513
BOYSD,User,Della Boys,\\MOJ141SRV001\data\users\BoysD,\\MOJ141SRV001\data\profiles\BoysD,Project Officer,513
BRABINA,User,Anthony Brabin,\\cann98265\brabina,\\cann98265\profile$\brabina,Prison Officer,513
BRADBURW,User,Wendy Bradbury,\\alba98266\bradburw,\\alba98266\profile$\bradburw,Clerical Officer,513
BRADDERP,User,Paul Bradder,\\casu98264\bradderp,\\casu98264\profile$\bradderp,Prison Officer,513
BRADDONR,User,Renee Braddon,\\MSU98213\BraddonR,\\MSU98213\profile$\BraddonR,Medical Records Officer,513
BRADFIEA,User,Anne Bradfield,,,JJD JJ Officer,66049
BRADFIEAN,User,Anne Bradfield,\\ranj98224\BradfieAN,\\ranj98224\profile$\BradfieAN,Group Worker - Rangeview,513
BRADFIEE,User,Elizabeth Bradfield,\\banj98227\bradfiee,\\banj98227\profile$\bradfiee,Groupworker,513
BRADLEVI,User,Vicki Bradley,\\clc95896\BradleVi$,\\clc95896\BradleVi,Court Officer ,513
BRADLEYD,User,Donna Bradley,,\\moj141srv001\data\profiles\bradleyd,HR Officer,513
BRADLEYL,User,Liza Bradley,,,JJD JJ Officer,66049
BRADLEYN,User,Nicole Bradley,,,Court Officer - South Hedland,513
BRADSHAN,User,Nola Bradshaw,,\\mojopasrv001\data\profiles\bradshan,Personal Assistant,513
BRADYE,User,Eileen Brady,\\band98268\bradye,\\band98268\profile$\bradye,Industrial Officer,513
BRAGANZC,User,Christabel Braganza,\\rocc98222\braganzc,\\rocc98222\profile$\braganzc,ALCCO,513
BRAINEAL,User,Amanda Braine,,\\moj141srv001\data\profiles\braineal,Reserch Officer FOI,513
BRAKES,User,Sandra Brake,\\casu98264\brakes,\\casu98264\profile$\brakes,Prison Officer,513
BRAMLETE,User,Terence Bramley,\\benc95807\bramlete,\\benc95807\profile$\bramlete,Manager Longmore Hostel,513
BRANDISS,User,Sue Brandis,,,Admin Coordinator,513
BRANSBYS,User,Shaun Bransby,,\\MOJ141SRV001\data\profiles\BransbyS,Personal Services Assistant,513
BRANSBYT,User,Terry Bransby,,\\moj141srv001\data\profiles\bransbyt,Manager- Client Services,513
BRANTL,User,Lorraine Brant,\\LAWC98204\BrantL,\\lawc98204\profile$\brantl,CCO,513
BREENL,User,Laura Breen,,\\mojfcsrv001\data\profiles\BreenL,Family Court Counselling,513
BREMENL,User,Lance Bremen,\\casu98264\bremenl,\\casu98264\profile$\bremenl,FCPO,513
BREMNERR,User,Ross Bremner,,,Clerk of Court,66049
BRESANEM,User,Mark Bresanello,\\banj98227\bresanem,\\banj98227\profile$\bresanem,Groupworker,513
BREWERM,User,Marion Brewer,,\\moj141srv001\data\profiles\brewerm,Law Reform Commission,513
BRIDGERT,User,Tiffany Bridger,,,HR Policy,513
BRIDGET,User,Terry Bridge,\\alba98266\bridget,\\alba98266\profile$\bridget,Senior Officer,513
BRIDGMAP,User,Penny Bridgman,\\rocc98222\BridgmaP,\\rocc98222\profile$\BridgmaP,A/CCO,513
BRIDSONR,User,Robert Bridson,,\\moj141srv001\data\profiles\bridsonro,CSC - Helpdesk Analyst,513
BRIENR,User,Richard Brien,\\casu98264\brienr,\\casu98264\profile$\brienr,Prison Officer,513
BRIGDENK,User,Katherine Brigden,\\MOJ141SRV001\data\users\BrigdenK,\\MOJ141SRV001\data\profiles\BrigdenK,Officer Assistant,513
BRIGGSB,User,Bob Briggs,,\\armacrtibm1\briggsb,Senior Court Officer,66049
BRIGGSR,User,Ray Briggs,\\alba98266\briggsr,\\alba98266\profile$\briggsr,Prison Officer,513
BRITAINR,User,Robin Britain,,\\wsq98263\profiles$\britainr,Health Services,513
BRNICHJ,User,Jon Brnich,\\BENC_RES\BrnichJ,\\BENC_RES\profile$\BrnichJ,JJO,513
BROADY,User,Yvonne Broad,,,CSC - IT Contractor,513
BROCKETC,User,Claire Brockett,\\CLC95896\BrocketC$,\\CLC95896\BrocketC,Accounts Officer,513
BRODDONM,User,Maxine Broddon,,,Finance,66049
BRODINA,User,Anthony Brodin,\\casu98264\brodina,\\casu98264\profile$\brodina,Prison Officer - Casuarina,513
BROMFIER,User,Richard Bromfield,,,Magistrates,66049
BROMLYL,User,Louise Bromly,\\MADC98210\BromlyL,\\MADC98210\profile$\BromlyL,Officer,513
BROOKESD,User,Delia Brookes,\\casu98264\brookesd,\\casu98264\profile$\brookesd,Hospital Officer,513
BROOKINC,User,Colin Brooking,\\karn98218\BrookinC,\\karn98218\profile$\BrookinC,Transport Officer - Karnet,513
BROOKR,User,Richard Brook,\\karn98218\BrookR,\\karn98218\profile$\BrookR,Prison Officer - Karnet,513
BROOKSN,User,Nathon Brooks,\\banj98227\brooksn,\\banj98227\profile$\brooksn,Group Worker,513
BROOKSP,User,Pamela Brooks,\\benc\public$\brooksp,\\benc\Profiles$\brooksp,Clerical Bentley CBS,515
BROUCKMP,User,Petra Brouckmans,\\PERC95846\BrouckmP,\\PERC95846\profile$\BrouckmP,Senior Programs Officer,513
BROUGHAT,User,Tristana Brougham,\\band98268\broughat,\\band98268\profile$\broughat,Trainee Prison Officer,513
BROUGHTJ,User,Jan Broughton,\\WSQ98263\Broughtj,\\WSQ98263\Profile$\Broughtj,Level 12 OM Exec Coordinator Auth Abs,513
BROUGHW,User,Wayne Brough,\\banj98227\broughw,\\banj98227\profile$\broughw,Group Worker,513
BROWDAVI,User,David Brown,,,Acacia Prison Asst General Manager,66049
BROWJAS,User,Jasmine Brown,\\casu98264\browjas,\\casu98264\profile$\browjas,Hospital Officer,513
BROWNA,User,Arma Brown,\\wsq98263\browna,\\wsq98263\profile$\browna,PA - Planning and Policy,513
BROWNAM,User,Amanda Brown,,\\clc95896\brownam,A/Snr Court Officer,513
BROWND,User,Dave Brown,\\woor98267\brownd,\\woor98267\profile$\BrownD,Prison Officer,513
BROWNDA,User,Daniel Brown,\\bunb98262\brownda,\\bunb98262\profile$\brownda,Peer Support Officer,513
BROWNDAN,User,Daniel Brown,\\ROEB98205\BrownDan,\\ROEB98205\profile$\BrownDan,Project Officer - CBS,513
BROWNDAV,User,David Brown,\\gree98261\browndav,\\gree98261\Profile$\browndav,Prison Officer,513
BROWNE,User,Elaine Brown,\\moj141srv001\data\users\browne,\\moj141srv001\data\profiles\browne,ISD 15th Library,513
BROWNEJA,User,James Browne,\\casu98264\browneja,\\casu98264\profile$\browneja,Probationary Prison Officer,513
BROWNING,User,Ingrid Brown,,,FER,66049
BROWNINK,User,Kate Browning,\\MOJ141SRV001\data\users\BrowninK,\\MOJ141SRV001\data\profiles\BrowninK,Temp Worker,513
BROWNIV,User,Ivan Brown,,,Magistrates,66049
BROWNJ,User,Josie Brown,,,Senior Court Officer,66049
BROWNJA,User,James Brown,\\rive_res\BrownJa,\\rive_res\profile$\BrownJa,Transport Officer - Riverbank,513
BROWNK,User,Kim Brown,\\bunb98262\BrownK,\\bunb98262\profile$\BrownK,Prison Officer,513
BROWNKE,User,Ken Brown,\\cann98265\BrownKe,\\cann98265\profile$\BrownKe,Prison Officer,513
BROWNKEL,User,Kellie Brown,\\KALC98221\BrownKel,\\KALC98221\profile$\BrownKel,Clerical,513
BROWNKEN,User,Kenneth Brown,\\CANN98265\brownken,\\CANN98265\data\profiles\brownken,Senior Officer,  C.W Campbell Remand,513
BROWNL,User,Liz Brown,,,CSO Records,513
BROWNLE,User,Leonie Brown,\\karc98343\brownle,\\karc98343\profile$\brownle,Support Services Case Worker,513
BROWNPE,User,Peter Brown,\\bunb98262\brownpe,\\bunb98262\profile$\brownpe,Prison Officer - Bunbury,66049
BROWNR,User,Richard Brown,\\eago98223\BrownR,\\eago98223\profile$\BrownR,Industrial Officer,513
BROWNS,User,Sonja Brown,,\\clc95896\browns,Court Officer,513
BROWNST,User,Steven Brown,\\KARN98218\BrownSt,\\KARN98218\profile$\BrownSt,Abbattoir,513
BROWNT,User,Terry Brown,\\karn98218\BrownT,\\karn98218\profile$\BrownT,Prison Officer - Karnet,513
BROWNWA,User,Wayne Brown,\\clc95896\brownwa$,\\clc95896\brownwa,Court Officer,513
BRUCEG,User,Graham Bruce,,,Courts Management -  10th Floor May Holman,66049
BRUCEI,User,Ivor Bruce,\\cann98265\BruceI,\\cann98265\profile$\BruceI,Senior Officer,513
BRUNINIC,User,Christian Brunini,,,IT Corp Legal,513
BRYANTS,User,Sandra Bryant,,,Counsellor,513
BRYCEA,User,Allistair Bryce,\\BROO98202\BryceA,\\BROO98202\Profile$\BryceA,Prison Officer,513
BRYCEC,User,Cherry Bryce,,\\moj141srv001\data\profiles\brycec,HR Senior Personnel Officer,513
BRYDENJ,User,Jim Bryden,\\benc_res\brydenj,\\benc_res\profile$\brydenj,Prison Officer - Nyandi,513
BRYSONJ,User,Jeff Bryson,\\casu98264\brysonJ,\\casu98264\profile$\brysonJ,FCPO,513
BUCHANAP,User,Pat Buchanan,,,Project Officer - HR,66051
BUCKIEC,User,Christopher Buckie,\\karn98218\BuckieC,\\karn98218\profile$\BuckieC,Industrial Officer - Karnet,513
BUCKLEYW,User,Wendy Buckley,,\\clc95896\buckleyw,Dep Pres of Commercial Tribunals,513
BUDDM,User,Margaret Budd,\\EAGO98223\BuddM,\\EAGO98223\profile$\BuddM,Clerical Asst,513
BUDDP,User,Peter Budd,\\GREE98261\buddp,\\GREE98261\Profile$\buddp,Greenough Prison FCPO,513
BUICKN,User,Natasha Buick,,,JJD JJ Officer,66049
BUICKNA,User,Natasha Buick,\\midc98212\BuickNa,\\midc98212\profile$\BuickNa,A/JJO,513
BUITENHG,User,Gary Buitenhuis,\\alba98266\buitenhg,\\alba98266\profile$\buitenhg,Prison Officer,513
BUKHARYH,User,Hafiz Bukharm,\\CANN98265\BukharyH,\\CANN98265\profile$\BukharyH,Admin Officer,513
BUKTENII,User,Ivan Buktenica,\\cann98265\buktenii,\\cann98265\profile$\buktenii,Prison Officer, CW Campbell Remand,513
BULLARDK,User,Kay Bullard,\\CASU98264\BullardK,\\CASU98264\profile$\BullardK,Gardens Instructor,513
BULLENJ,User,Julie Bullen,\\benc_res\bullenj,\\benc_res\profile$\bullenj,Sessional Supervisor,513
BULLOCHA,User,Alan Bulloch,\\cann98265\BullochA,\\cann98265\profile$\BullochA,Prison Officer - Hakea,513
BUNTH,User,Howard Bunt,,\\moj141srv001\data\profiles\bunth,IT communications,513
BURBYB,User,Brenda Burby,,\\moj141srv001\data\profiles\burbyb,Registrar General's Office,513
BURDEKIT,User,Tara Burdekin,,\\moj141srv001\data\profiles\burdekit,ISD Records,513
BURDENK,User,Kenneth Burden,\\banj98227\burdenk,\\banj98227\profile$\burdenk,Group Worker,513
BURDITTD,User,David Burditt,\\eago98223\BurdittD,\\eago98223\profile$\BurdittD,Prison Officer,513
BURFORDJ,User,Joanne Burford,,,HR MIS Analyst,66051
BURGEG,User,Glyn Burge,\\GREE98261\burgeg,\\GREE98261\Profile$\burgeg,Greenough Prison Prison Officer,513
BURGERA,User,Adele Burger,\\moj141srv001\data\users\burgera,\\moj141srv001\data\profiles\burgera,Cashier - Riverbank Prison,513
BURGESSC,User,Cameron Burgess,\\ROCC98222\BurgessC,\\ROCC98222\profile$\BurgessC,Aboriginal CCO,513
BURGESSD,User,Dianne Burgess,\\ranj98224\burgessd,\\ranj98224\profile$\burgessd,Groupworker,513
BURGESSP,User,Pam Burgess,,\\moj141srv001\data\profiles\burgessp,Registrar General's Office,513
BURGESSR,User,Rita Burgess,\\gree98261\burgessr,\\gree98261\Profile$\burgessr,Prison Officer,513
BURKEJ,User,Jason Burke,\\GREE98261\burkej,\\GREE98261\Profile$\burkej,Greenough Prison Prison Officer,513
BURKOLTG,User,Gaetane Burkolter,\\MOJ141SRV001\data\users\BurkoltG,\\MOJ141SRV001\data\profiles\BurkoltG,Public Affairs Officer, Courts,513
BURNETTC,User,Cameron Burnett,,\\moj141srv001\data\profiles\burnettc,Financial Analyst,513
BURNETTI,User,Irene Burnett,\\msu98213\burnetti,\\msu98213\profile$\burnetti,Supervisor Central Medical Records,513
BURNETTJ,User,Judy Burnett,,\\jooncrtibm1\burnettj,Court Officer,66049
BURNSB,User,Brett Burns,,\\moj141srv001\data\profiles\burnsb,Registrar General's Office,513
BURNSC,User,Camille Burns,,,Records,66049
BURNST,User,Tom Burns,\\woor98267\BurnsT,\\woor98267\profile$\BurnsT,Prison Officer,513
BURROWSA,User,Annemarie Burrows,\\casu98264\burrowsa,\\casu98264\profile$\burrowsa,Prison Officer,513
BURROWSG,User,Greame Burrows,\\KARN98218\BurrowsG,\\KARN98218\profile$\BurrowsG,Activites,513
BURROWSJ,User,James Burrows,\\CANN98265\BurrowsJ,\\CANN98265\profile$\BurrowsJ,Maintenance Officer,513
BURROWSK,User,Kylie Burrows,,\\MOJ141SRV001\data\profiles\BurrowsK,Executive Assistant - disabled 18/06/01,515
BURTOND,User,Derek Burton,,\\midlcrtibm1\burtond,Court Officer,513
BURTONG,User,Gina Burton,,,Policy & Legislation PA,66049
BURTONP,User,Peter Burton,\\cann98265\BurtonP,\\cann98265\profile$\BurtonP,Prison Officer,513
BURTONPA,User,Paul Burton,,,Contractor Warehouse,513
BURTONR,User,Robert Burton,,,Magistrates,66049
BURTONSU,User,Suzette Burton,\\rive_res\burtonsu,\\rive_res\profile$\burtonsu,A/Admin Co-ord - Riverbank,513
BUSCOMBM,User,Mark Buscombe,\\inal_res\buscombm,\\inal_res\profile$\buscombm,Internal Investigator,513
BUSCUMBM,User,Michael Buscumb,,\\moj141srv001\data\profiles\buscumbm,HR,513
BUTEFISB,User,Betty Butefisch,\\woor98267\ButefisB,\\woor98267\profile$\ButefisB,Registered Nurse,513
BUTLERA,User,Allan Butler,\\cann98265\ButlerA,\\cann98265\profile$\ButlerA,Senior Officer,513
BUTLERB,User,Beth Butler,\\band98268\butlerb,\\band98268\profile$\butlerb,Clerical Assistant,513
BUTLERG,User,Gary Butler,\\wsq98263\butlerg,\\wsq98263\profile$\butlerg,Detective,513
BUTLERK,User,Kim Butler,,,Clerk of Courts,513
BUTTERFA,User,Anthony Butterfield,\\casu98264\butterfa,\\casu98264\profile$\butterfa,Prison Officer Casuarina,513
BUTTERLC,User,Craig  Butterly,,\\moj141srv001\data\profiles\butterlc,records officer,513
BUTTONJ,User,Jan Button,\\espc98342\buttonj,\\espc98342\profile$\buttonj,Court Officer,513
BUXTONG,User,Gail Buxton,\\roeb98205\BuxtonG,\\roeb98205\profile$\BuxtonG,Senior Officer,513
BUXTONT,User,Timothy Buxton,\\roeb98205\BuxtonT,\\roeb98205\profile$\BuxtonT,Prison Officer,513
BYDDERS,User,Shelley Bydder (nee Wade),\\jardomddig1\BydderS,\\jardomddig1\profile$\BydderS,Acacia - Administrative Officer,513
BYERSA,User,Alex Byers,\\CANN98265\ByersA,\\CANN98265\profile$\ByersA,Cook Instructor,513
BYERSJ,User,John Byers,,\\clc95896\byersj,Judicial Support Officer,513
BYFIELDK,User,Kylie Byfield,,\\MOJ141SRV001\data\profiles\ByfieldK,Project Officer,513
BYKERKB,User,Bill Bykerk,\\wsq98263\bykerkb,\\wsq98263\profile$\bykerkb,A/Manager Parole Release,513
BYLUNDN,User,Nicole Bylund,\\moj141srv001\data\users\bylundn,\\moj141srv001\data\profiles\bylundn,ISD Records,513
BYRNEJ,User,James Byrne,\\ranj98224\ByrneJ,\\ranj98224\profile$\ByrneJ,Group Worker,513
BYRNEST,User,Terence Byrnes,\\GREE98261\byrnest,\\GREE98261\Profile$\byrnest,Greenough Prison Senior Officer,513
CACERASJ,User,Jose Caceras,,\\clc95896\CacerasJ,Court Officer,513
CAIND,User,David Cain,\\benc_res\caind,\\benc_res\profile$\caind,SW Student - Bentley CBS,513
CAINESC,User,Cheryl Caines,\\bunb98262\CainesC,\\bunb98262\profile$\CainesC,Prison Officer,513
CAINESR,User,Robyn Caines,\\band98268\CainesR,\\band98268\profile$\CainesR,Clerical Officer,513
CAINR,User,Rachel Cain,,\\moj141srv001\data\profiles\cainr,HR,513
CAIRNSS,User,Sharon Cairns,\\msu98213\CairnsS,\\msu98213\profile$\CairnsS,Officer - MSU,513
CALCUTTG,User,Greg Calcutt,,,PCO,66049
CALDERG,User,Graham Calder,,,Magistrate,66049
CALLAHNG,User,Gay Callahan,,,Parlimentary Counsel Office,66049
CALLANDE,User,Eleanor Callander,\\benc_res\callande,\\benc_res\profile$\callande,Bentley CBS User,513
CALLEJAJ,User,Joe Calleja,,,Director Court Support Services,513
CALLISOM,User,Marilyn Callison,,\\mojfcsrv001\data\profiles\CallisoM,Family Court Counselling,513
CALOGERJ,User,Jenny Calogero,\\mtlc98217\CalogerJ,\\mtlc98217\profile$\CalogerJ,A/SJJO,513
CAMERM,User,Marco Camer Pesci,\\MOJ141SRV001\data\users\CamerM,\\MOJ141SRV001\data\profiles\CamerM,Budgeting Contractor,513
CAMERONG,User,Graham Cameron,\\alba98266\camerong,\\alba98266\profile$\camerong,Prison Officer,513
CAMERONJ,User,John Cameron,,\\moj141srv001\data\profiles\cameronj,Registrar General's Office,513
CAMERONN,User,Nigel Cameron,\\bunc98216\CameronN,\\bunc98216\profile$\CameronN,Psychologist,513
CAMERONS,User,Shirley Cameron,\\madc98210\CameronS,\\mtlc98217\profile$\CameronS,Admin Assistant,513
CAMILLED,User,Doris Camilleri,\\ranj98224\CamilleD,\\ranj98224\profile$\CamilleD,Group Worker,513
CAMILLEK,User,Kaylene Camilleri,,\\jooncrtibm1\camillek,Court Services Clerical Officer,513
CAMPAGNC,User,Carl Campagnoli,,,Sheriff Office Worker,66049
CAMPBELB,User,Betty Campbell,\\jardomddig1\campbelb,\\jardomddig1\profile$\campbelb,Milligan CBS Snr Information Officer,513
CAMPBELD,User,David Campbell,\\porc500036\campbeld,\\porc500036\profile$\campbeld,Port Hedland CBS Juvenile Justice Officer,513
CAMPBELM,User,Max Campbell,,,Court Services,66049
CAMPBELMI,User,Mike Campbell,\\manc98219\CampbelMi,\\manc98219\profile$\CampbelMi,SCCO - Mandurah CBS,513
CAMPBELP,User,Paulene Campbell,\\cann98265\campbelp,\\cann98265\profile$\campbelp,Prison Officer,513
CAMPIONJ,User,John Campion,\\cann98265\CampionJ,\\cann98265\profile$\CampionJ,Transport Officer,513
CAMPR,User,Rita Camp,\\inal_res\GallaghK,\\inal_res\profile$\CampR,Cashier,513
CANDELJE,User,Jenny Candeloro,\\MOJ141SRV001\data\users\CandelJe,\\MOJ141SRV001\data\profiles\CandelJe,PA,513
CANDELOJ,User,John Candeloro,\\WSQ98263\candeloj,\\WSQ98263\Profile$\candeloj,Level 12 OM Exec Finance Officer,513
CANNARDC,User,Chris Cannard,,\\moj141srv001\data\profiles\cannardc,Registrar General's Office,513
CANOL,User,Leo Cano,\\casu98264\canol,\\casu98264\profile$\canol,Senior Hospitial Officer,513
CANTWELK,User,K Cantwell,,,,66049
CAPORNF,User,Fiona Caporn,\\midc98212\CapornF,\\midc98212\profile$\CapornF,Aboriginal CCO,513
CAPPELUG,User,Gennaro Cappeluti,\\msu98213\CappeluG,\\msu98213\profile$\CappeluG,Prison Officer,513
CAPURSOV,User,Vincent Capurso,\\GREE98261\capursov,\\GREE98261\profile$\capursov,Greenough Prison Prison Officer,513
CARBERRL,User,Leon Carberry,\\cann98265\CarberrL,\\cann98265\profile$\CarberrL,A/ASPM,513
CAREYD,User,Dominic Carey - ISD,,\\clc95896\careyd,Project Officer - Training/Testing,513
CAREYP,User,Paul Carey,,\\mojfcsrv001\data\profiles\CareyP,Records Officer,513
CARGEEGK,User,Kevin Cargeeg,\\FREC98027\cargeegkW$,\\FREC98027\cargeegkP$,Fremantle  SCCO,66049
CARGEEGKE,User,Kevin Cargeeg,\\frec98207\CargeegKe,\\frec98207\profile$\CargeegKe,SCCO,513
CARGILLC,User,Coralie Cargill,\\karn98218\CargillC,\\karn98218\profile$\CargillC,JJD JJ Officer,513
CARLINOS,User,Stacey Carlino,\\madc98210\carlinos,\\mtlc98217\profile$\carlinos,CCO,513
CARLISLE,User,Elizabeth Carlisle,,\\moj141srv001\data\profiles\carlisle,Purchasing Section,513
CARLSONG,User,Graham Carlson,\\msu98213\CarlsonG,\\msu98213\profile$\CarlsonG,Prison Officer,513
CARLSSOR,User,Rodney Carlsson,\\cann98265\CarlssoR,\\cann98265\profile$\CarlssoR,Prison Officer,513
CARLTONJ,User,Jeff Carlton,,,Statistician (ABS),66049
CARLYC,User,Chris Carly,\\moj141srv001\data\users\carlyc,\\moj141srv001\data\profiles\carlyc,CSC - Change Management Coordinator,513
CARLYONS,User,Stephen Carlyon,\\GREE98261\carlyons,\\GREE98261\Profile$\carlyons,Greenough Prison Prison Officer,513
CARMANT,User,Tina Carman,\\WSQ98263\CarmanT,\\WSQ98263\profile$\CarmanT,Communications,513
CARMODYD,User,Daryl Carmody,\\wsq98263\carmodyd,\\wsq98263\profile$\carmodyd,Milligan CBS Clerical Officer,513
CARMODYS,User,Sandra-Lea Carmody,\\BENC_RES\CarmodyS,\\BENC_RES\profile$\CarmodyS,Registered Nurse,513
CARPENTJ,User,Janette Carpenter,\\MOJFRTSRV01\CarpentJ,\\MOJFRTSRV01\profile$\CarpentJ,Clerical Officer,513
CARROLLA,User,Anthony Carroll,\\cann98265\CarrollA,\\cann98265\profile$\CarrollA,Prison Officer,513
CARROLLC,User,Cathy Carroll,,,PCO,66049
CARROLLCO,User,Colleen Carroll,\\woor98267\CarrollCo,\\woor98267\profile$\CarrollCo,Prison Officer,513
CARROLLJ,User,Janet Carroll,\\casu98264\carrollj,\\casu98264\profile$\carrollj,Industrial Officer,513
CARROLLS,User,Susan Carroll,\\JOOC98201\CarrollS,\\JOOC98201\profile$\CarrollS,Clerical Officer,513
CARROTTK,User,Katie Carrott,,\\clc95896\carrottk,Court Officer,513
CARSEP,User,Paul Carse,\\ROEB98205\CarseP,\\ROEB98205\profile$\CarseP,Prison Officer,513
CARSONA,User,Allan Carson,\\ALBC98211\CarsonA,\\ALBC98211\profile$\CarsonA,A/cco/jjo,513
CARSONT,User,Tanja Carson,\\mirc98215\CarsonT,\\mirc98215\profile$\CarsonT,JJO - Mirrabooka,513
CARTERB,User,Bob Carter,,,OM CBS,513
CARTERC,User,Cliff Carter,\\CASU98264\CarterC,\\CASU98264\profile$\CarterC,Prison Officer - IOW,513
CARTERG,User,Greg Carter,\\mojnyasrv01\carterg,\\mojnyasrv01\profile$\carterg,Prison Officer - Nyandi,513
CARTERK,User,Kelli Carter,\\kalc98221\carterk,\\kalc98221\profile$\carterk,Community Corrections Officer - Kalgoorlie,513
CARTERN,User,Naomi Carter,\\VMUC98225\CarterN,\\VMUC98225\profile$\CarterN,Student - Work Experience,513
CARTERPE,User,Peter Carter,,\\mojbjcsrv01\carterpe,Clerk of Court,513
CARTERR,User,Rosemary carter,\\benc_res\carterr,\\benc_res\profile$\carterr,FCPO,513
CARTERRO,User,Robert Carter,\\cann98265\CarterRo,\\cann98265\profile$\CarterRo,Prison Officer,513
CARTHEWA,User,Alison Carthew,,\\moj141srv001\data\profiles\carthewa,HR - Recruitment Officer,513
CARTHEWC,User,Carol Carthew,\\cann98265\CarthewC,\\cann98265\profile$\CarthewC,Prison Officer,513
CARTWRIR,User,Roy Cartwright,\\Karn98218\cartwrir,\\karn98218\profile$\cartwrir,Clinical Nurse - Karnet,513
CARYA,User,Antony Cary,\\ROEB98205\CaryA,\\ROEB98205\profile$\CaryA,Prison Officer,513
CASBOLTC,User,Carole Casbolt,,\\frec98207\CasboltC,Court Officer,513
CASELLAA,User,Andrew Casella,,\\moj141srv001\data\profiles\casellaa,Health Services,513
CASERESJ,User,Jose Caseres,,\\clc95896\caseresj,,513
CASEYJ,User,Jenifer Casey,,,HR Payroll,66049
CASHMALO,User,Lorna Cashman,\\CANN98265\CashmaLo,\\CANN98265\profile$\CashmaLo,Visits Booking Officer,513
CASHMANL,User,Liam Cashaman,\\cann98265\cashmanl,\\cann98265\profile$\cashmanl,Prison Officer,513
CASSEYS,User,Shane Cassey,\\roeb98205\casseys,\\roeb98205\profile$\casseys,Trainee Prison Officer,513
CASSIANA,User,Angie Cassian,,\\mojfcsrv001\data\profiles\CassianA,Family Court Projects - Trainer,66049
CASSIDYL,User,Lee Cassidy,,\\mojfcsrv001\data\profiles\CassidyL,Family Court Listings,513
CASSIDYN,User,Nigel Cassidy,\\GREE98261\cassidyn,\\GREE98261\profile$\cassidyn,Greenough Prison Prison Officer,513
CASTELLT,User,Tanya Castellas,\\albc98211\castellt,\\albc98211\profile$\castellt,A/CCO,513
CASTELN,User,Nicoletta Castel,\\karn98218\casteln,\\karn98218\profile$\casteln,Clinical Nurse,513
CASTLEC,User,Craig Castle,\\cann98265\castlec,\\cann98265\profile$\castlec,Senior Officer,513
CASTLEL,User,Lorraine Castle,\\BUNC98216\CastleL,\\BUNC98216\data\profiles\CastleL,Clerical,513
CASU,User,CASU SETUP USER,,,SETUP USER,513
CASUTRA1,User,Training login for Casuarina,\\casu98264\casutra1,\\casu98264\profile$\casutra1,OM SOE login for training,513
CASUTRA2,User,Training login for Casuarina,\\casu98264\casutra2,\\casu98264\profile$\casutra2,OM SOE Login for training,513
CASUTRA3,User,Training login for Casuarina,\\casu98264\casutra3,\\casu98264\profile$\casutra3,OM SOE login for training,513
CASUTRA4,User,Training login for Casuarina,\\casu98264\casutra4,\\casu98264\profile$\casutra4,OM SOE Login for training,513
CATONL,User,Lynn Caton,\\bunb98262\catonl,\\bunb98262\profile$\catonl,Prison Officer,513
CATTAIA,User,Anthony Cattai,\\bunb98262\CattaiA,\\bunb98262\profile$\CattaiA,Prison Officer,513
CATTJ,User,Jennene Catt,,\\mojfcsrv001\data\profiles\CattJ,Family Court Projects,513
CAULFIEC,User,Corinna Caulfield,\\band98268\caulfiec,\\band98268\profile$\caulfiec,Prison Officer,513
CAULFIEP,User,Peter Caulfield,\\cann98265\caulfiep,\\cann98265\profile$\caulfiep,Prison Officer,513
CAUSERL,User,Laurraine Causer,,,Mandurah Court,66049
CAVALLIG,User,Gianni Cavalli,\\MIDC98212\CavalliG,\\MIDC98212\profile$\CavalliG,JJO - disabled 4/7/01,515
CAVANAGS,User,Sylvia Cavanagh,,\\wsq98263\profile$\cavanags,Industrial Officer,513
CAVERLET,User,Tiana Michaela Caverley,\\BENC_RES\CaverleT,\\BENC_RES\profile$\CaverleT,JJO,513
CC_LIB,User,Children's Court Library Generic,,,Generic Login Children's Court Library,513
CCOUNSEL,User,CSO Generic Login,,,Generic Account for CSO,513
CDROM,User,,,,Library CDROM PC - 10th floor,66049
CELENZAM,User,Michael Celenza,,\\moj141srv001\data\profiles\celenzam,HR Industrial Relations,513
CHADWICA,User,Alicia Chadwick,,\\moj141srv001\data\profiles\chadwica,Manager HR Devolution Project,513
CHADWICB,User,Brian Chadwick,\\casu98264\chadwicb,\\casu98264\profile$\chadwicb,Prison Officer,513
CHADWICK,User,Kelly Chadwick,,\\clc95896\chadwick,Court Officer, Perth,513
CHADWICL,User,Leanne Chadwick,,\\moj141srv001\data\profiles\chadwicl,Cashier,513
CHAHALB,User,Bassam Chahal,\\roeb98205\ChahalB,\\roeb98205\profile$\ChahalB,Prison Officer,513
CHALKERM,User,May Chalker,,,HR Aboriginal Training Consultant,513
CHALLINR,User,Robert Challinder,\\cann98265\challinr,\\cann98265\profile$\challinr,Hakea Prison Officer,513
CHAMBEB,User,Bryan Chambers,,,Contractor,513
CHAMBERA,User,Anthea Chambers,,,VSS,513
CHAMBERC,User,Christopher Chambers,\\cann98265\chamberc,\\cann98265\profile$\chamberc,Prison Officer,513
CHAMBERK,User,Kerry Chamberlain,\\banj98227\Chamberk,\\banj98227\profile$\Chamberk,Medical Rec Officer,513
CHAMBERM,User,Merv Chambers,\\alba98266\chamberm,\\alba98266\profile$\chamberm,Prison Officer,513
CHAMBERP,User,Pauline Chambers,\\casu98264\chamberp,\\casu98264\profile$\chamberp,Hospital Officer,513
CHAMBERSP,User,Paul Chambers (ITS Project Manager),\\wsq98263\chamberspW$,\\wsq98263\profile$\chambersp,,513
CHAMBERW,User,Wesley Chambers,\\rive_res\chamberw,\\rive_res\profile$\chamberw,Prison Officer,513
CHANDLEP,User,Peter Chandler,\\gerc98200\chandlep,\\gerc98200\profile$\chandlep,Geraldton CBS Manager,513
CHANI,User,Ita Chan,,,JJD JJ Officer,66049
CHANIT,User,Chan Ita,\\banj98227\Chanit,\\banj98227\profile$\Chanit,Clerical Officer - Banksia Hill,513
CHANK,User,Kaylene Chan,\\broc98203\ChanK,\\broc98203\profile$\ChanK,Clerical Officer ,513
CHANM,User,Maggie Chan,,\\moj141srv001\data\profiles\chanm,Consultant - Concept Systems,513
CHANP,User,Pa Kan Chan,\\eago98223\chanp,\\eago98223\profile$\chanp,Clinical Nurse,513
CHAPLIND,User,Dale Chaplin,\\ranj98224\chaplind,\\ranj98224\profile$\chaplind,Groupworker,513
CHAPMAN1,User,Sorrel Chapman,\\WARM98344\Chapman1,\\WARM98344\profile$\Chapman1,A/Programme Support Officer,513
CHAPMANA,User,Annaliese Chapman,\\RANJ98224\ChapmanA,\\RANJ98224\profile$\ChapmanA,Clinical Psychologist,513
CHAPMANG,User,Graham Chapman,\\perc95846\chapmang,,Perth CBS,513
CHAPMANK,User,Kerry Chapman,\\broo98202\chapmank,\\broo98202\profile$\chapmank,Prison Officer,513
CHAPMANP,User,Phillip Chapman,,\\moj141srv001\data\profiles\chapmanp,Registrar General's Office,66049
CHAPMANR,User,Rhonda Chapman,\\midc98212\ChapmanR,\\midc98212\profile$\ChapmanR,WOO,513
CHAPMANS,User,Sandra Chapman,\\porc500036\ChapmanS,\\porc500036\profile$\ChapmanS,SCCO,513
CHARLESF,User,Francesca Charles,\\ranj98224\CharlesF,\\ranj98224\profile$\CharlesF,Group Worker,513
CHARLESJ,User,Jill Charles,,\\clc95896\charlesj,Sheriffs Officer,513
CHATTERS,User,Subir Chatterjee,,,Internal Audit MIAS,513
CHATTESU,User,Suparna Chatterjee,,,Ministerial Liaison Officer - MLU,513
CHATWINM,User,Marie Chatwin,\\casu98264\chatwinm,\\casu98264\profile$\chatwinm,Senior Officer,513
CHAVEJ,User,Jayson Chave,\\casu98264\chavej,\\casu98264\profile$\chavej,Prison Officer,513
CHAVEZR,User,Raymond Chavez,\\perc95846\chavezr,\\perc95846\profile$\chavezr,Milligan CBS Clerical Officer,513
CHEEKP,User,Patricia Cheek,,\\moj141srv001\data\profiles\cheekp,Manager Organisational Development,513
CHEEKP2,User,SOE Pilot Account,,\\wsq98263\profiles\cheekp2,Manager Organisational Development,66049
CHELLINS,User,Sarah Chellingsworth,,,Project Support Officer,513
CHEONGP,User,Wah Paul Cheong,\\casu98264\cheongp,\\casu98264\profile$\cheongp,Prison Officer,513
CHEUNGM,User,Mitzi Cheung,,\\MOJ141SRV001\data\profiles\CheungM,Human Resources,513
CHIDGZEB,User,Bill Chidgzey,,\\moj141srv001\data\profiles\Chidgzeb,Prosecuting Sergeant - Drug Court,513
CHILDSJ,User,Jane Childs,,\\mojfcsrv001\data\profiles\ChildsJ,Family Court Counselling,513
CHILVERM,User,Matthew Chilvers,\\karn98218\ChilverM,\\karn98218\profile$\ChilverM,Prison Officer - Karnet,513
CHINH,User,Hilda Chin,,,Info Officer,66049
CHINNERV,User,Vivienne Chinnery,,\\moj141srv001\data\profiles\chinnerv,Registrar General's Office,513
CHIPLANT,User,Tanya Chiplin,\\perc95846\chiplant,\\perc95846\profile$\chiplant,Trainee Officer - Perth CBC,513
CHITTYB,User,Bruce Chitty,\\msu98213\chittyb,\\msu98213\profile$\chittyb,FCPO,513
CHIVERSR,User,Roy Chivers,\\cann98265\ChiversR,\\cann98265\profile$\ChiversR,Senior Officer,513
CHORLEYL,User,Lindsay Chorley,\\moj141srv001\data\users\chorleyl,\\moj141srv001\data\profiles\chorleyl,Project Officer,513
CHOWF,User,Fabian Chow,,,CSC  - Quality Process Improvement Analyst,513
CHOWG,User,Gilbert Chow,,,Parlimentary Counsel Office,66051
CHOWK,User,Kong Chow,,\\MOJ141SRV001\data\profiles\ChowK,Vacation Accountant,513
CHRISTEF,User,Frank Christensen,\\wsq98263\christef,\\wsq98263\profile$\christef,Police Prison Unit - ,513
CHRISTRO,User,Rob Christie,,,Central Law Courts,513
CHUAA2,User,Ann Chua 2nd account  Delete when 1st account fixed,,,HR Contractor 6125,515
CHUNGD,User,Dat Chung,\\MOJ141SRV001\data\users\ChungD,\\MOJ141SRV001\data\profiles\ChungD,System Support Officer,513
CHUR,User,Reynaldo Chu,\\msu98213\ChuR,\\msu98213\profile$\ChuR,Prison Officer,513
CHURCHIL,User,Lee Churchill,\\LAWC98204\ChurchiL,\\LAWC98204\profile$\ChurchiL,IT Consultant,513
CHURCHJ,User,Joanna Church,,\\clc95896\churchj,Court Officer,513
CHURCHM,User,Michael Church,,,JJD JJ Officer,513
CHURCHMI,User,Michael Church,\\frec98207\ChurchMi,\\frec98207\profile$\ChurchMi,JJO,513
CICCHINE,User,Ennio Cicchini,\\perc95846\CicchinE,\\perc95846\profile$\cicchine,A/Manager - Milligan Island,513
CICCHING,User,Giuseppe Cicchini,,,Magistrates,66049
CINQUINN,User,Nick Cinquina,,\\moj141srv001\data\profiles\cinquinn,Employee Relations Officer - HR,513
CLAMPC,User,Claire Clamp,\\ROEC98206\ClampC,\\ROEC98206\profile$\ClampC,Industrial Officer,513
CLANCYM,User,Moira Clancy,\\ccou98209\clancymW$,\\ccou98209\clancymP$,Court Services Court Officer,513
CLAREK,User,Karen Clare,,\\MOJ141SRV001\data\profiles\ClareK,Admin Clerk,513
CLARENCHE,User,Henry Clarence,\\frec98207\ClarencHe,\\frec98207\profile$\ClarencHe,JJO,513
CLARKD,User,Deidre Clark,\\ROEB98205\ClarkD,\\ROEB98205\profile$\ClarkD,Clinical Nurse,513
CLARKEA,User,Adrian Clarke,\\roeb98205\ClarkeA,\\roeb98205\profile$\ClarkeA,Prison Officer,513
CLARKEB,User,Brad Clarke,,,Courts Management -  10th Floor May Holman,66049
CLARKEC,User,Carolyn Clarke,\\porc500036\ClarkeC,\\porc500036\profile$\ClarkeC,CCO,513
CLARKED,User,David Clarke,\\cann98265\ClarkeD,\\cann98265\profile$\ClarkeD,Prison Officer,513
CLARKEJ,User,James Clarke,,\\moj141srv001\data\profiles\clarkej,Contractor - Spherion,513
CLARKEK,User,Katherine Clarke,,,Organisational Performance,66049
CLARKEKE,User,Ken Clarke,\\moj141srv001\data\users\clarkeke,,CSC - Security Analyst,513
CLARKEN,User,Neil Clarke,\\msu98213\ClarkeNE,\\msu98213\profile$\ClarkeNE,Prison Officer,513
CLARKER,User,Raymond Clarke,\\casu98264\ClarkeR,\\casu98264\profile$\ClarkeR,East Perth Lockup,513
CLARKET,User,Toni Clarke,\\clc95896\clarket$,\\clc95896\clarket,Court Officer,513
CLARKEW,User,Wendy Clarke,\\gerc98200\clarkew,\\gerc98200\profile$\clarkew,Geraldton CBS Admin Assistant,513
CLARKK,User,Kerry Clark,\\benc_res\clarkk,\\benc_res\profile$\ClarkK,A/CCO,513
CLARKKE,User,Kevin Clark,\\gree98261\ClarkKe,\\gree98261\profile$\ClarkKe,Senior Officer - Greenough,513
CLARKLE,User,Len Clark,,\\clc95896\clarkle,Relieving Clerk of the Court,513
CLARKM,User,Megan Clark,,,HR Reception,66049
CLARKMJ,User,Jane Clark-Munn,\\cann98265\ClarkMJ,\\cann98265\profile$\ClarkMJ,Prison Officer - Hakea,513
CLARKP,User,Philip Clark,\\casu98264\clarkp,\\casu98264\profile$\clarkp,Prison Officer,513
CLARKPE,User,Peter Clark,\\mojwarsrv01\ClarkPe,\\mojwarsrv01\profile$\ClarkPe,Snr Prog. Officer,513
CLARKPET,User,Peter Clark,\\cann98265\clarkpet,,Locksmith,513
CLARKS,User,Sarah Clark,\\BENC_RES\ClarkS,\\BENC_RES\profile$\ClarkS,Clerical Officer,513
CLAYDENM,User,Mark Clayden,\\kalc98221\ClaydenM,\\kalc98221\profile$\ClaydenM,Spec.Proj.Coord,515
CLAYTONB,User,Brad Clayton,,,IT L16 WSQ,66049
CLAYTOND,User,Dale Clayton,\\MOJ141SRV001\data\users\ClaytonD,,CSC - IT support engineer,513
CLAYTONH,User,Helen Clayton,,\\moj141srv001\data\profiles\claytonh,ISD 15th Library,513
CLAYTONT,User,Tony Clayton,\\moj141srv001\data\users\claytont,\\moj141srv001\data\profiles\claytont,Police/Justice Core Functions,66049
CLEAKW,User,Warren Cleak,,\\moj141srv001\data\profiles\cleakw,Personal Services Assistant,513
CLEARYT,User,Terry Cleary,\\cann98265\ClearyT,\\cann98265\profile$\ClearyT,Senior Officer,513
CLEARYTOM,User,Tom Cleary,,,CSC Security Analyst,513
CLEGGJ,User,Jeffrey Clegg,\\casu98264\cleggj,\\casu98264\profile$\cleggj,Asst Supt,513
CLELANDP,User,Paul Cleland,\\cann98265\ClelandP,\\cann98265\profile$\ClelandP,Prison Officer,513
CLEMENLI,User,Lisa Clements,,,Senior Information Officer,513
CLEMENTA,User,Alan Clements,\\jardomddig1\ClementA,\\jardomddig1\profile$\ClementA,A/AS Security,513
CLEMENTK,User,Kevin Clements,\\karn98218\ClementK,\\karn98218\profile$\ClementK,Transport Officer - Karnet,513
CLEMENTL,User,Lillian Clements,,,JJD JJ Officer,66049
CLEMENTM,User,Melanie Clements,,\\clc95896\clementm,Court Officer, Perth,513
CLEMENTN,User,Natasha Clements,,,Senior Court Officer,513
CLEMENTT,User,Trevor Clements,\\karn98218\ClementT,\\karn98218\profile$\ClementT,Prison Officer,513
CLEWSB,User,Bee Choon Clews,\\EAGO98223\ClewsB,\\EAGO98223\profile$\ClewsB,Registered Nurse,513
CLIFFORJ,User,Janice Clifford,\\KARN98218\ClifforJ,\\KARN98218\profile$\ClifforJ,casual typist,513
CLOSEH,User,Helen Close,\\wsq98263\CloseH,\\wsq98263\profile$\CloseH,Education & Research Officer,513
CLUTTERK,User,Kristy Gloria Clutterbuck,\\BENC_RES\ClutterK,\\BENC_RES\profile$\ClutterK,CCO,513
CLUTTONP,User,Peta Clutton,,,Policy & Legislation,66049
CMSTEST,User,_CMSTEST,,,Len Kleinman,66051
COATEKEL,User,Kelly Coate,,\\clc95896\coatekel,Senior Court Officer, Perth,513
COATESH,User,Hilary Coates,,\\armacrtibm1\coatesh,Court Officer,66049
COCKMANP,User,Phil Cockman,\\pard98214\CockmanP,\\pard98214\profile$\CockmanP,Senior Officer,513
COCKRAMP,User,Phillip Gregory Cockram,,,Magistrate,66049
COCKRAMR,User,Robert Cockram,,,Magistrates,66049
CODDINGD,User,David Codding,\\ranj98224\CoddingD,\\ranj98224\profile$\CoddingD,Group Worker,513
COFFEYG,User,Glen Coffey,\\wsq98263\coffeyg,,ISD SBS,513
COGANH,User,Hellen Cogan,,,CSO Records,66049
COGDEMO,User,Cognos Demo,,\\moj141srv001\data\profiles\cogdemo,Short Term logon only,66049
COGHLANS,User,Sue Coghlan,\\roeb98205\CoghlanS,\\roeb98205\profile$\CoghlanS,Typist,513
COLAGIUL,User,Lara Colagiuri,\\woor98267\ColagiuL,\\woor98267\profile$\ColagiuL,FCPO,513
COLBUNGG,User,Glen Colbung,\\MOJ141SRV001\data\users\ColbungG,\\MOJ141SRV001\data\profiles\ColbungG,A / Chairperson,513
COLED,User,Debbie Cole,,\\clc95896\ColeD,Remittance Clerk,513
COLEM,User,Mark Cole,\\MOJ141SRV001\data\users\ColeM,,CSC,513
COLEST,User,Terry Coles,\\cann98265\ColesT,\\cann98265\profile$\ColesT,Prison Officer,513
COLLARDA,User,Amanda Kae Collard,\\banj98227\collarda,\\banj98227\profile$\collarda,Groupworker - disabled 18/01/01,515
COLLARDD,User,Derek Collard,\\cann98265\CollardD,\\cann98265\profile$\CollardD,Personnel Officer,515
COLLARDR,User,Richard Collard,,,JJ Kalgoorlie,66049
COLLERAC,User,Carolyn Colleran,\\PERC95846\ColleraC,\\PERC95846\profile$\ColleraC,Research Assistant,513
COLLETTB,User,Bruce Collett,\\cann98265\CollettB,\\cann98265\profile$\CollettB,Industrial Officer,513
COLLEYC,User,Craig Colley,\\moj141srv001\data\users\craigc,,CSC - Security Analyst,513
COLLEYR,User,Russell Colley,\\KARN98218\ColleyR,\\KARN98218\profile$\ColleyR,Farm Officer,513
COLLIERR,User,Russell Collier,\\woor98267\CollierR,\\woor98267\profile$\CollierR,Prison Officer,513
COLLING,User,Gunnar Collin,\\casu98264\colling,\\casu98264\profile$\colling,Industrial Officer,513
COLLINSK,User,Kerry Collinson,,,Sheriff's Office,66049
COLLINSKA,User,Katrina Collins,\\karn98218\CollinsKa,\\karn98218\profile$\CollinsKa,A/Clerical Officer - Karnet Prison Farm,513
COLLINSR,User,Robert Collins,\\ranj98224\CollinsR,\\ranj98224\profile$\CollinsR,Group Worker,513
COLLINST,User,Trevor Collins,\\alba98266\collinst,\\alba98266\profile$\collinst,Senior Officer,513
COLLINSY,User,Yvonne Collins,,,Database Administrator,513
COLLURAS,User,Samuel Collura,\\ranj98224\ColluraS,\\ranj98224\profile$\ColluraS,Group Worker,513
COLTONB,User,Barry Colton,\\bunb98262\ColtonB,\\bunb98262\profile$\ColtonB,Prison Officer,513
COLTONG,User,Ginette (Gina) Colton,\\alba98266\coltong,\\alba98266\profile$\coltong,Medical Records - Albany Regional Prison,513
COLTONR,User,Ralph Colton,\\alba98266\coltonr,\\alba98266\profile$\coltonr,Prison Officer,513
COMMONSA,User,Adrian Commons,\\woor98267\commonsa,\\woor98267\profile$\commonsa,Prison Officer,513
COMPEC,User,Christine Compe,,\\moj141srv001\data\profiles\compec,Human Resources,513
COMPTONG,User,Gillian Compton,\\thot98350\comptong,\\thot98350\profile$\comptong,Thornlie JJ Team,515
CONCEPT,User,Generic login for Concept training,,\\moj141srv001\data\profiles\concept,,513
CONDRENS,User,Steve Condren,\\alba98266\condrens,\\alba98266\profile$\condrens,Prison Officer,513
CONDUITB,User,Brian Conduit,\\clc95896\ConduitB$,\\clc95896\ConduitB,Sheriff's Office,513
CONGRAMG,User,Geoff Congram,\\banj98227\congramg,\\banj98227\profile$\congramg,Groupworker,513
CONIGLIG,User,Gino Coniglio,,\\mojopasrv001\data\profiles\coniglig,Snr Investigator,513
CONLYM,User,Meryl Conly,\\casu98264\conlym,\\casu98264\profile$\conlym,Medic,513
CONNOLLM,User,Maria Connolly,\\WOOR98267\ConnollM,\\WOOR98267\profile$\ConnollM,Admin Assistant-Wooroloo,513
CONNOLLT,User,Tim Connolly,\\wsq98263\connollt,\\wsq98263\profile$\connollt,Superintendent,513
CONNOLLYP,User,Peter Connolly,\\CANN98265\ConnollyP,\\CANN98265\profile$\ConnollyP,Education Officer,513
CONNORJ,User,Jane Connor,\\perc95846\connorj,,Perth CBS,513
CONROYA,User,Anthony Conroy,,\\clc95896\conroya,Local Court Officer,513
CONROYL,User,Louis Conroy,,,HR Personnel,66049
CONTIM,User,Marc Conti,\\PERC95846\ContiM,\\PERC95846\profile$\ContiM,Driver training Co-ordinator,513
CONWAYA,User,Anne Conway,,,CSC TOMS CONSULTANT,513
COOKC,User,Chris Cook,\\bunb98262\CookC,\\bunb98262\profile$\CookC,Prison Officer,513
COOKG,User,Greg Cook,\\casu98264\cookg,\\casu98264\profile$\cookg,Prison Officer,513
COOKI,User,Ian Cook,\\ranj98224\CookI,\\ranj98224\profile$\CookI,Group Worker,513
COOKK,User,Keith Cook,\\alba98266\cookk,\\alba98266\profile$\cookk,Prison Officer,513
COOKL,User,Laraine Cook,\\wsq98263\cookl,\\wsq98263\profile$\cookl,TOMS Master Trainer,513
COOKLI,User,Lisa Cook,,\\moj141srv001\data\profiles\cookli,Revenue Officer,513
COOLEM,User,Michael Coole,\\msu98213\CooleM,\\msu98213\Profile$\CooleM,Prison Officer - ESG,513
COOLICAP,User,Patrick Coolican,\\band98268\coolicap,\\band98268\profile$\coolicap,Prison Officer,513
COOMBESP,User,Phil Coombes-Pearce,\\broo98202\coombesp,\\broo98202\profile$\coombesp,Superintendant,513
COOMBSP,User,Pamela Coombs,\\woor98267\CoombsP,\\woor98267\profile$\CoombsP,Prison Officer,513
COONT,User,Tom Coon,,\\moj141srv001\data\profiles\coont,Contract Accountant - Finance,513
COOPERC,User,Carol Cooper,\\moj141srv001\data\users\cooperc,\\moj141srv001\data\profiles\cooperc,Wooroloo South Project,66049
COOPERCH,User,Chris Cooper,\\gree98261\cooperch,\\gree98261\Profile$\cooperch,Prison Officer,513
COOPERD,User,Dean Cooper,\\casu98264\cooperd,\\casu98264\profile$\cooperd,Prison Officer,513
COOPERDA,User,David Cooper,\\banj98227\cooperda,\\banj98227\profile$\cooperda,Group Worker,513
COOPERG,User,Gregory Cooper,\\GREE98261\cooperg,\\GREE98261\Profile$\cooperg,Greenough Prison Industrial Officer,513
COOPERJ,User,John Cooper,\\casu98264\cooperj,\\casu98264\profile$\cooperj,FCPO,513
COOPERJU,User,Julie Cooper,,,Regional Counsellor VSS - South Hedland,513
COOPERL,User,Lucy Cooper,\\LAWC98204\CooperL,\\LAWC98204\profile$\CooperL,Social Work Student,513
COOPERS,User,Sharon Cooper,\\GREE98261\coopers,\\GREE98261\Profile$\coopers,Greenough Prison FCPO,513
COOPERV,User,Victor Cooper,\\eago98223\CooperV,\\eago98223\profile$\CooperV,Peer Support Officer,513
COOPERVA,User,Valerie Cooper,,,Senior Court Officer - Roebourne Crt,513
COPEJ,User,John Cope,,,Clerk of Courts,513
COPELANS,User,Shane Copeland,,,Supervising Court Officer,66049
COPEM,User,Marilyn Cope,\\gree98261\copem,\\gree98261\profile$\copem,Prison Officer,513
COPET,User,Tracy Cope,\\gerc98200\copet,\\gerc98200\profile$\copet,Court Officer,513
COPLANDS,User,Sandra Copland,\\CLC95896\CoplandS$,\\CLC95896\CoplandS,Resource and Admin Officer,513
COPLEYP,User,Peter Copley,\\karn98218\CopleyP,\\karn98218\profile$\CopleyP,Prison Officer - Karnet,513
COPPENDP,User,Paul Coppendale,\\casu98264\coppendp,\\casu98264\profile$\coppendp,Prison Officer,513
CORBETTC,User,Clayton Corbett,\\EAGO98223\CorbettC,\\EAGO98223\profile$\CorbettC,Prison Officer,513
CORBETTD,User,David Corbett,\\bunc98216\corbettd,\\bunc98216\Profile$\corbettd,A/JJO,513
CORBINE,User,Ellen Corbin,\\rocc98222\corbine,\\rocc98222\profile$\corbine,A/Work Order Officer,513
CORNELLM,User,Matthew Cornell,,\\MOJFCSRV001\data\profiles\cornellm,Records Officer,513
CORNOCKR,User,Richard Cornock,\\gree98261\cornockr,\\gree98261\profile$\cornockr,Education Officer,513
CORNWALB,User,Bill Cornwall,\\cann98265\CornwalB,\\cann98265\profile$\CornwalB,TEMP FTE,515
CORPM,User,Murray Corp,,,Toms Project,66049
CORPS,User,Suzanne Corp,\\CANN98265\CorpS,\\CANN98265\profile$\CorpS,Medical Records,513
CORUNNAA,User,Albert Corunna,\\MOJ141SRV001\data\users\CorunnaA,\\MOJ141SRV001\data\profiles\CorunnaA,Project Officer,513
CORUNNAB,User,Bradford Corunna,\\banj98227\corunnab,\\banj98227\profile$\corunnab,Group Worker,513
CORUNNAN,User,Nathan Corunna,\\banj98227\corunnan,\\banj98227\profile$\corunnan,Group Worker,513
CORUNNAV,User,Vanessa Corunna,,\\mojavssrv001\data\profiles\corunnav,Project Officer,513
COSGROVA,User,Angela Cosgrove,\\cann98265\cosgrova,\\cann98265\profile$\cosgrova,Prison Officer,513
COSGROVK,User,Karen Cosgrove,\\vmuc98225\cosgrovk,\\vmuc98225\profile$\cosgrovk,Work Order Officer,513
COSSHALLE,User,Ellen Cosshall,\\kalc98221\CosshallE,\\kalc98221\profile$\CosshallE,JJO,513
COSSTICP,User,Peter Cosstick,\\roeb98205\cossticp,\\roeb98205\profile$\cossticp,Casuarina Senior Officer,513
COSTELGE,User,George Costello,\\cann98265\costelge,\\cann98265\profile$\costelge,Prison Officer - Hakea,513
COSTELLD,User,Danny Costello,,\\clc95896\costelld,,66049
COSTELLDI,User,Diane Costello,\\rocc98222\CostellDi,\\rocc98222\profile$\CostellDi,SCCO,513
COSTELLG,User,Gerry Costello,\\cann98265\CostellG,\\cann98265\profile$\CostellG,FCPO,513
COSTELLJ,User,Joan Costello,\\karn98218\CostellJ,\\karn98218\profile$\CostellJ,Nurse,513
COSTERW,User,Wilhelmina Coster,\\ranj98224\CosterW,\\ranj98224\profile$\CosterW,Nurse,513
COSTICP,User,Peter Costic,,,Toms Project,513
COTTEREG,User,Gavin Cotterell,,\\moj141srv001\data\profiles\cottereg,Registrar General's Office,513
COTTONA,User,Amanda Cotton,,\\armarcrtibm1\cottona,Court Officer,513
COUCHL,User,Lisa Couch,\\band98268\couchl,\\band98268\profile$\couchl,Prison Officer,513
COUCHM,User,Michael Couch,\\cann98265\couchm,\\cann98265\profile$\couchm,Prison Officer,513
COUFOSI,User,Irene  Coufos,\\ccou98209\coufosiW$,\\ccou98209\coufosiP$,Court Services Clerical Officer,513
COUGHLAJ,User,Jo-Anne Coughlan,\\gree98261\coughlaj,\\gree98261\Profile$\coughlaj,Registered Nurse Greenouth,513
COULTERW,User,William Coulter,\\casu98264\coulterw,\\casu98264\profile$\coulterw,Prison Officer,513
COUNCILR,User,Rebecca Councillor,\\PORC500036\CouncilR,\\PORC500036\profile$\CouncilR,Developement Officer,513
COUPERU,User,Una Couper,,,Parlimentary Counsel Office,513
COURTR,User,Rodney Court,,\\clc95896\courtr,Sheriff Office Worker,66049
COURTV,User,Vicki Court,\\jooc98201\courtv,\\jooc98201\profile$\courtv,CCO - Joondalup,513
COUSINMA,User,Margret Cousins,,\\clc95896\cousinma,CLC - Accounts,66049
COUSINSA,User,Andrew Cousins,\\espc98342\cousinsa,\\espc98342\profile$\cousinsa,Court Clerk,513
COUSINSJ,User,john cousins,,,ge engineer,515
COUSINSM,User,Michael Cousins,,\\moj141srv001\data\profiles\cousinsm,Registrar General's Office,513
COUTTSM,User,Marty Coutts,\\alba98266\couttsm,\\alba98266\profile$\couttsm,Prison Officer,513
COWANG,User,Gayle Cowan,,,Clerk - May Holman Centre,66049
COWANH,User,Hugh Cowan,,,Manager, Pris. Industries - pswd Lock - Winfax.,66049
COWELLR,User,Robert Cowell,\\broo98202\CowellR,\\broo98202\profile$\CowellR,Prison Officer - Disabled 12/12/2000,513
COWIEF,User,Fiona Cowie,\\jardomddig1\cowief,\\jardomddig1\profile$\cowief,Project Officer,513
COWLESR,User,Richard Cowles,,,Human Resouces,66049
COWPERR,User,Rosemary Cowper,,\\mojopasrv001\data\profiles\cowperr,OPA,66049
COXB,User,Bernadette Cox,\\casu98264\coxb,\\casu98264\profile$\coxb,Prison Officer,513
COXM,User,Melisa Cox,,\\mojfcsrv001\data\profiles\CoxM,Family Court Registry,513
COXMA,User,Margaret Cox,\\BROC98203\CoxMa,\\BROC98203\profile$\CoxMa,A/CCO,513
COXRO,User,Roslyn Cox,\\karc98343\coxro,\\karc98343\profile$\coxro,Court Officer,66049
COXY,User,Yvonne Cox,\\band98268\coxy,\\band98268\profile$\coxy,Prison Officer,513
COYNED,User,Douglas Coyne,\\msu98213\CoyneD,\\msu98213\profile$\CoyneD,FCPO,513
CRABBA,User,Andrew Crabb,\\banj98227\CrabbA,\\banj98227\Profile$\CrabbA,Groupworker - Rangeview,513
CRAGOT,User,Tim Crago,\\WSQ98263\CragoT,\\WSQ98263\profile$\CragoT,Business Analyst,513
CRAIGD,User,Dean Craig,\\casu98264\craigd,\\casu98264\profile$\craigd,Prison Officer,513
CRAIGMG,User,Greg Craig-Martin,\\cann98265\CraigMg,\\cann98265\profile$\CraigMg,FCPO,513
CRAIGMK,User,Ken Craig-Martin,\\cann98265\CraigMK,\\cann98265\profile$\CraigMK,Industrial Officer,513
CRAIGSJ,User,Julia Craigs,\\cann98265\craigsj,\\cann98265\profile$\craigsj,Education Officer - Hakea Prison,513
CRAKEL,User,Lois Crake,,,Finance - Accounts Payable,66049
CRAMB,User,Barry Cram,,,OM P.I.P.,513
CRAMPV,User,Victor Cramp,\\casu98264\crampv,\\casu98264\profile$\crampv,Industrial Officer,513
CRANEC,User,Celeste Crane,\\BANJ98227\CraneC,\\BANJ98227\profile$\CraneC,Human Resources Officer,513
CRANEG,User,Garry Crane,\\casu98264\craneg,\\casu98264\profile$\craneg,Forensic Case Manager - Casuarina,513
CRANSTOS,User,Sharne Cranston,\\MOJ141SRV001\data\users\CranstoS,\\MOJ141SRV001\data\profiles\CranstoS,Law Reform Commission Staff,513
CRAVENB,User,Brett Craven,,,CSC - IT Support Engineer,513
CRAWFORR,User,Robert Crawford,\\karn98218\CrawforR,\\karn98218\profile$\CrawforR,Prison Officer- Karnet ,513
CRAWFORT,User,Terry Crawford,\\MOJ141SRV001\data\users\CrawforT,\\MOJ141SRV001\data\profiles\CrawforT,Personal Services Officer,513
CRAWFORW,User,Wayne Crawford,\\casu98264\crawforw,\\casu98264\profile$\crawforw,Prison Officer,513
CRAWSHAN,User,Nicola crawshaw,,\\moj141srv001\data\profiles\crawshan,RGO,66049
CREEVYP,User,Paul Creevy,\\ROEB98205\CreevyP,\\ROEB98205\profile$\CreevyP,Prison Officer,513
CREIGHTT,User,Terry Creighton,\\alba98266\creightt,\\alba98266\profile$\creightt,FCPO,513
CRIDDLEW,User,Wade Criddle,\\gree98261\criddlew,\\gree98261\profile$\criddlew,Prison Officer - Greenough Prison,513
CRIMPL,User,Lindsay Crimp,\\jardomddig1\crimpl,\\jardomddig1\Profile$\crimpl,Records Officer - Jardine,513
CROCKETM,User,Michael Crockett,\\ranj98224\crocketm,\\ranj98224\profile$\crocketm,Groupworker,513
CROFTJ,User,Jennine Croft,\\perc95846\croftj,\\perc95846\profile$\croftj,Milligan CBS Clerical Officer,513
CROFTM,User,M Croft,,,ISD IMB Records,66049
CROFTSS,User,Stephen Crofts,\\cann98265\CroftsS,\\cann98265\profile$\CroftsS,Prison Officer,513
CROMBM,User,Mike Cromb,\\cann98265\CrombM,\\cann98265\profile$\CrombM,Industrial Officer,513
CRONINJ,User,Julie Cronin,\\EAGO98223\CroninJ,\\EAGO98223\profile$\CroninJ,Registered Nurse,513
CRONINL,User,Linda Cronin,\\kill98208\croninl,\\kill98208\Profile$\croninl,Killara Support Services Manager,513
CROOKESG,User,Gary Crookes,\\cann98265\crookesg,\\cann98265\profile$\crookesg,Medical Officer,513
CROOKESJ,User,Jeff Crookes,\\jardomddig1\crookesj,\\jardomddig1\profile$\crookesj,Police/Justice Core Functions,513
CROSBYD,User,Darryl Crosby,\\cann98265\crosbyd,\\cann98265\profile$\crosbyd,Prison Officer - Hakea,513
CROSSI,User,Ian Cross,,,JJD JJ Officer -  ,66049
CROSSIA,User,Ian Cross,\\ranj98224\CrossIA,\\ranj98224\profile$\CrossIA,Group Worker,513
CROSSLEJ,User,Joanne Crossley,\\kalc98221\CrossleJ,\\kalc98221\profile$\CrossleJ,A/CCO,513
CROSSMAM,User,Marian Crossman,\\frec98207\CrossmaM,\\frec98207\profile$\CrossmaM,CCO,513
CROSSP,User,Phil Cross,,\\rocc98222\data\profiles\CrossP,Judicial Support Officer - Rockingham,513
CROSSWER,User,Rodney Crosswell,\\banj98227\CrossweR,\\banj98227\profile$\CrossweR,Group Worker,513
CROTTYJ,User,John Crotty,\\casu98264\crottyj,\\casu98264\profile$\crottyj,Stores Officer,513
CROUCHD,User,Dawn Crouch,,,Accounts Information Officer - FER,66051
CROUCHDA,User,David Crouch,\\cann98265\crouchda,\\cann98265\profile$\crouchda,Prison Officer,513
CROWEE,User,Elizabeth Crowe,\\bunb98262\CroweE,\\bunb98262\profile$\CroweE,Prison Officer,513
CROWLEYF,User,Francis Crowley,\\albc98211\crowleyf,\\albc98211\profile$\crowleyf,CCO,66049
CRTPERTH,User,Perth Local Court,,,NT account for email, do not delete,66113
CRUICKMA,User,Mark Cruickshank,,,A/RMD Clearance Officer,66049
CRUICKSM,User,Margaret Cruickshank,,,HR Personnel Services,66049
CRUMPTOA,User,Angela Crumpton,,\\MOJ141SRV001\data\profiles\CrumptoA,Purchasing Officer,513
CRUSADOT,User,Tony Crusado,,,Policy and Legislation,66049
CRUZADOT,User,Tony Cruzado,\\MOJFRTSRV01\cruzadot,\\MOJFRTSRV01\profile$\cruzadot,Fremantle JJ Team Coordinator,513
CSABAKA,User,Kathy Csaba,\\wsq98263\csabaka,,Prison Operations - WSQ,513
CSILLAGK,User,Kris Csillag,,,Regional Counsellor VSS - Bunbury,513
CSOCIVIL,User,CSO Civil Generic Account,,,Generic Account,513
CSOCOMM,User,CSO,,,Generic Account for CSO,513
CSOLANDC,User,Generic Account for CSO,,,Generic Account,513
CSOLCMAN,User,CSO Land Claims,,,Generic Account for CSO Land Claims,513
CSOMAIL,User,CSO IT Liason,,,CSO IT SUPPORT,513
CSOMVPID,User,CSO Internet,,,Generic Account - CSO Internet Access,513
CSOPURC1,User,Generic CSO Online Purchasing 1,,,CSO Online Purchasing 1,513
CSOPURC2,User,Generic CSO Online Purchasing 1,,,CSO Online Purchasing 1,513
CSOPURC3,User,Generic CSO Online Purchasing 3,,,CSO Online Purchasing 3,513
CSOPURC4,User,Generic CSO Online Purchasing 4,,,CSO Online Purchasing 4,513
CSOPURC5,User,Generic CSO Online Purchasing 5,,,CSO Online Purchasing 5,513
CSOPURC6,User,Generic CSO Online Purchasing 6,,,CSO Online Purchasing 6,513
CULLENB,User,Bill Cullen,,,Wooroloo Prison South,66049
CULLENCA,User,Carol Cullen,\\banj98227\cullenca,\\banj98227\profile$\cullenca,Group Worker,513
CULLENF,User,Frank Cullen,,,Magistrates,66049
CULLENK,User,Kris Cullen,,\\mojfcsrv001\data\profiles\CullenK,Orderly at Family Court,513
CULLENL,User,Lester Cullen,\\banj98227\cullenl,\\banj98227\profile$\cullenl,Group Worker,513
CULLJ,User,Jason Cull,moj141srv001\CullJ,,Contractor Logins Project,513
CULYERB,User,Brit Culyer,,\\jooncrtibm1\culyerb,Coordinator,513
CUMACET,User,Teresa Cumace,\\benc_res\cumacet,\\benc_res\profile$\cumacet,JJD JJ Officer,513
CUMINGB,User,Bob Cuming,\\broo98202\cumingb,\\broo98202\profile$\cumingb,Store/Canteen Officer,513
CUMMINSD,User,Dixie Cummins,\\band98268\CumminsD,\\band98268\profile$\CumminsD,Prison Officer,513
CUMMINSG,User,Gary Cummins,\\alba98266\cumminsg,\\alba98266\profile$\cumminsg,Prison Officer,513
CUNDELLM,User,Mark Cundell,\\casu98264\cundellm,\\casu98264\profile$\cundellm,Prison Officer,513
CUNNANEB,User,Brian Cunnane,,,Reprint Officer,66049
CUNNANED,User,Dean Cunnane,,,Oracle Consultant,513
CUNNINGH,User,Hugh Cunningham,,,Assistant Contract Manager,66049
CUNNINGL,User,Lucy Cunningham,\\BAND98268\CunningL,\\BAND98268\Profile$\CunningL,Prison Officer,513
CURLEYJ,User,Jamie Curley,\\CLC95896\CurleyJ$,\\CLC95896\CurleyJ,System Tester,513
CURRELLP,User,Peter Currell,\\casu98264\currellp,\\casu98264\profile$\currellp,Prison Officer,513
CURTISB,User,Barrie Curtis,\\woor98267\CurtisB,\\woor98267\profile$\CurtisB,FCPO,513
CURTISG,User,Gavin Curtis,\\woor98267\curtisg,\\woor98267\profile$\curtisg,Prison Officer,513
CURTISK,User,Karen Curtis,\\band98268\curtisk,\\band98268\profile$\curtisk,Cashier,513
CURTISR,User,Rod Curtis,\\cann98265\CurtisR,\\cann98265\profile$\CurtisR,Prison Officer,513
CURTIST,User,Terrence Curtis,\\eago98223\curtist,\\eago98223\profile$\curtist,Prison Officer,513
CURTISW,User,Wayne Curtis,,,Service Delivery Manager,513
CUSACKG,User,Gary Cusack,\\mojpetsrv01\cusackg,\\mojpetsrv01\profile$\cusackg,A/Coordinator,513
CUSACKM,User,Malinda Cusack,,,Secretary,66049
CUTTENN,User,Neil Cutten,\\roeb98205\CuttenN,\\roeb98205\profile$\CuttenN,Prison Officer,513
CWS,User,Child Witness Service Reception,,,Child Witness Service,66049
DADDARIA,User,Andrew D'addario,\\casu98264\daddaria,\\casu98264\profile$\daddaria,Prison Officer,513
DADENJ,User,Jay Daden,\\bunb98262\DadenJ,\\bunb98262\profile$\DadenJ,Prison Officer,513
DADENM,User,Mike Daden,\\bunb98262\DadenM,\\bunb98262\profile$\DadenM,Prison Officer,513
DAGOSTIR,User,Rob D'Agostino,,\\mojopasrv001\data\profiles\dagostir,Investigator,66049
DALAISCO,User,Conrad Dalais,,\\moj141srv001\data\profiles\dalaisco,Court Officer, Perth,513
DALEM,User,Margaret Dale,\\cann98265\dalem,\\cann98265\Profile$\dalem,Prison Officer,513
DALES,User,Serena Dale,,\\mojopasrv001\data\profiles\DaleS,Guardian,513
DALEYD,User,David Daley,,,12th Fl OM,513
DALEYG,User,Garry Daley,\\Casu98264\daleyg,\\Casu98264\Profile$\daleyg,Casuarina Prison Senior Officer,513
DALGARNM,User,Michael Dalgarno,\\roeb98205\DelgarnM,\\roeb98205\profile$\DelgarnM,Senior Officer,513
DALLISTP,User,Pauline Dalliston,,\\mojfcsrv001\data\profiles\DallistP,Family Court Projects,513
DALOR,User,Rita D'Alo,\\benc_res\Dalor,\\benc_res\profile$\Dalor,Clerical Bentley CBS,513
DALTONR,User,Roxanne Dalton,\\BUNC98216\DaltonR,\\BUNC98216\profile$\DaltonR,Sessional,513
DALUZN,User,Nicola Da Luz,,\\MOJ141SRV001\data\profiles\DaLuzN,Personnel Services Officer,513
DALYP,User,Peta Daly,\\band98268\dalyp,\\band98268\profile$\dalyp,Prison Officer,513
DAMAOLI,User,Olivia Dama,,,JP / Floor Assistant,513
DAMAP,User,Peter Dama,,\\freo95623\damap,Clerk of the Court,513
DANGH,User,Hung Dang,,\\MOJ141SRV001\data\profiles\DangH,Web Developer,513
DANIELC,User,Cathy Daniel,\\cann98265\DanielC,\\cann98265\profile$\DanielC,Admin Coord,513
DANIELKA,User,Kathryn Daniel,,,Contracts Officer,66049
DANIELSA,User,Adrian Daniels,\\casu98264\danielsa,\\casu98264\profile$\danielsa,Casuarina Prison Senior Officer,513
DANIELSAN,User,Andrew Daniels,\\cann98265\DanielsAn,\\cann98265\profile$\DanielsAn,Project Officer,513
DANIELSR,User,Robert Daniels,\\alba98266\danielsr,\\alba98266\profile$\danielsr,Prison Officer,513
DANNC,User,Christopher Dann,\\madc98210\DannC,\\mtlc98217\profile$\DannC,Coordinator,513
DANNUNRO,User,Rose D'Annunzio,\\frec98207\DAnnunRo,\\frec98207\profile$\DAnnunRo,Clerical Officer,513
DANSIEB,User,Ben Dansie,,\\moj141srv001\data\profiles\dansieb,Budgeting and Planning Analyst,513
DANSIEB2,User,SOE Pilot Account,,\\moj141srv001\data\profiles\dansieb2,Budgeting and Planning Analyst,66049
DANSWANK,User,Katie Danswan,\\clc95896\danswank$,\\clc95896\danswank,Criminal Injuries,513
DARBYI,User,Ian Darby,,,Payroll Officer  HR,66051
DARBYSHK,User,Kathleen Darbyshire,,\\moj141srv001\data\profiles\darbyshk,Project Officer,513
DARCHT,User,Tracey Darch,\\want98349\DarchT,\\want98349\profile$\DarchT,Clerical Officer - Warminda,513
DARCYEVM,User,Mark Darcy-Evans,,\\moj141srv001\data\profiles\darcyevm,Registrar General's Office,513
DARONCHC,User,Charlie Daronch,\\cann98265\DaronchC,\\cann98265\profile$\DaronchC,Prison Officer,513
DAROUCHJ,User,Jan Darouch,\\wsq98263\darouchj,\\wsq98263\profile$\darouchj,OM Executive,513
DARRAHW,User,William Darrah,\\cann98265\DarrahW,\\cann98265\profile$\DarrahW,Industrial Officer,513
DATEJ,User,Janelle Date,\\clc95896\datej$,\\clc95896\datej,File Management,66049
DAUBNEYI,User,Irene Daubney,\\BANJ98227\DaubneyI,\\BANJ98227\profile$\DaubneyI,Group Worker,513
DAVANIA,User,Ian Davan - roaming,\\mojvppsrv01\davania,\\mojvppsrv01\profile$\davania,Clinical Psych,513
DAVEYJ,User,John Davey,\\cann98265\daveyj,\\cann98265\profile$\daveyj,psychologist,513
DAVIDM,User,Mark David,\\wsq98263\davidm,\\wsq98263\profile$\davidm,Executive Officer,513
DAVIDSOI,User,Ian Davidson,\\cann98265\DavidsoI,\\cann98265\profile$\DavidsoI,Prison Officer,513
DAVIER,User,Robert Davie,\\east98340\davier,\\east98340\profile$\davier,Bail Co-ordinator,513
DAVIESJ,User,Julie Davies,,,JJD JJ Officer,66051
DAVIESJU,User,Julie Davies,\\GREE98261\daviesju,\\GREE98261\Profile$\daviesju,Greenough Prison Programs Officer,513
DAVIESJUL,User,Julie Davies,\\cann98265\daviesjul,\\cann98265\profile$\daviesjul,Personal Assistant to Asst Director ,513
DAVIESJULI,User,Julie Davis,\\casu98264\daviesj,\\casu98264\profile$\daviesj,Redundant Personnel Officer,513
DAVIESM,User,Mike Davies,\\kill98208\daviesm,\\kill98208\Profile$\daviesm,Killara Support Services Case Worker,513
DAVIESML,User,Mary-Louise Davies,,,OM P.I.P.,513
DAVIESP,User,Peter Davies,\\cann98265\DaviesP,\\cann98265\profile$\DaviesP,Prison Officer,513
DAVIESS,User,Susan Davies,\\benc\public$\daviess,\\benc\Profiles$\daviess,Clerical Bentley CBS,513
DAVIESSO,User,Sonia Davies,\\gree98261\DaviesSo,\\gree98261\Profile$\DaviesSo,Prison Officer,513
DAVIEST,User,Trevor Davies,\\msu98213\DaviesT,\\msu98213\profile$\DaviesT,FCPO,513
DAVISF,User,Fred Davis,\\mirc98215\DavisFr,\\mirc98215\profile$\DavisFr,JJD JJ Officer,515
DAVISFR,User,Fred Davis,\\mirc98215\DavisFr,\\mirc98215\profile$\DavisFr,JJO,513
DAVISG,User,Geoff Davis,\\CANN98265\DavisG,\\CANN98265\Profile$\DavisG,Prison Officer,513
DAVISHE,User,Helen Davis,\\jooc98201\davishe,\\jooc98201\profile$\davishe,Admin Assistant,66049
DAVISJ,User,Jerusha Davis,,\\mojgabsrv01\profile$\davisj,GAB - Information Officer,513
DAVISL,User,Lance Davis,,\\moj141srv001\data\profiles\davisl,Registrar General's Office,513
DAVISM,User,Mark Davis,\\banj98227\davism,\\banj98227\profile$\davism,Group Worker,513
DAVISPA,User,Patricia Davis,\\casu98264\davispa,\\casu98264\profile$\davispa,Prison Officer,513
DAVISS,User,Susanna Davis,\\inal_res\daviss,\\inal_res\profile$\daviss,Administration Assistant,513
DAWN,User,Dawn Boyne,,,IT,66049
DAWSK,User,Kaye Daws,\\kill98208\dawsk,\\kill98208\Profile$\dawsk,Killara Support Services Case Worker,515
DAWSMIM,User,Mark Daw-Smith,\\casu98264\dawsmim,\\casu98264\profile$\dawsmim,FCPO,513
DAWSONA,User,Allan Dawson,,\\moj141srv001\data\profiles\dawsona,Buildings Officer,513
DAWSOND,User,David Dawson,\\banj98227\dawsond,\\banj98227\profile$\dawsond,Group Worker,513
DAWSONDE,User,Debbie Dawson,\\PERC95846\DawsonDe,\\PERC95846\profile$\DawsonDe,Research Officer,513
DAWSONG,User,Gary Dawson,\\jardomddig1\dawsong,\\jardomddig1\profile$\dawsong,Jardine SIU Snr Information Officer,513
DAWSONGL,User,Glenn Dawson,,\\moj141srv001\data\profiles\DawsonGl,CSC - Help Desk Analyst,513
DAWSONS,User,Stephen Dawson,\\GREE98261\dawsons,\\GREE98261\Profile$\dawsons,Greenough Prison Prison Officer,513
DAWSR,User,Russell Daws,\\banj98227\dawsr,\\banj98227\profile$\dawsr,Unit Manager,513
DAYD,User,Darren Day,\\roeb98205\DayD,\\roeb98205\profile$\DayD,Prison Officer,513
DAYMONDP,User,Phillip Daymond,,\\moj141srv001\data\profiles\daymondp,HR OSH Officer,513
DAYR,User,Rachele Day,\\casu98264\DayR,\\casu98264\profile$\DayR,Psychologist,513
DBA_ADMIN,User,Database Administrator owner Yvonne Collins,,,DBA account for NT Server Access,66049
DBA_SQL,User,SQL Database Administrator owner Yvonne Collins,,,DBA account to monitor SQL databases.,66049
DCOSTAC,User,Christabel D'Costa,\\MOJ141SRV001\data\users\DCostaC,\\MOJ141SRV001\data\profiles\DCostaC,Contractor,513
DCRUZP,User,Phillis Dcruz,,\\clc95896\dcruzp,CLC - Accounts,66049
DEARDSM,User,Melinda Deards,,\\mojfcsrv001\data\profiles\deardsm,Projects Officer,513
DEASO,User,Owen Deas,,,Moora Court,513
DEAVESC,User,Christine Deaves,\\cann98265\deavesc,\\cann98265\profile$\deavesc,Prison Officer,513
DEBLANKC,User,Christine De Blank,\\porc500036\DeBlankC,\\porc500036\profile$\DeBlankC,Court Officer - South Hedland,513
DEBNAMP,User,Paul Debnam,\\woor98267\DebnamP,\\woor98267\profile$\DebnamP,Prison Officer,513
DEBURGHR,User,Robert de Burgh,\\midlcrtibm1\deburghr$,,Clerk of the Court (Relieving),66049
DECHAUFF,User,Frank De Chaufepie,\\eago98223\dechauff,\\eago98223\profile$\dechauff,Prison Officer - Eastern Goldfields,513
DECINQUA,User,Andrew De Cinque,,\\moj141srv001\data\profiles\decinqua,Human Resource Officer,513
DECKEB,User,Brian Decke,,\\moj141srv001\data\profiles\deckeb,HR,513
DECKEM,User,Michael Decke,,\\moj141srv001\data\profiles\deckem,Recruitment Officer,513
DEFRENNM,User,Margaret Defrenne,\\mojwarsrv01\DefrennM,\\mojwarsrv01\profile$\DefrennM,A/Clerical Officer,513
DEGRAAFA,User,Adrian De Graaf,,\\moj141srv001\data\profiles\degraafa,Data Warehouse,513
DEGRUSSG,User,Gordon Degrussa,\\casu98264\degrussg,\\casu98264\profile$\degrussg,Prison Officer,513
DEHAANL,User,Linda DeHaan,,,Forensic Case Manager ,513
DEHAUMEG,User,Gay Dehaume,\\band98268\dehaumeg,\\band98268\profile$\dehaumeg,Social Worker,513
DEJONGEB,User,Benjamin De Jonge,\\gree98261\dejongeb,\\gree98261\Profile$\dejongeb,Prison Officer,513
DEJONGEG,User,Geert Dejonge,\\karn98218\DejongeG,\\karn98218\profile$\DejongeG,Industrial Officer - Karnet,513
DEKLEVAJ,User,Joseph Dekleva,\\eago98223\DeklevaJ,\\eago98223\profile$\DeklevaJ,Prison Officer,513
DELANEYA,User,Alan Delaney,\\roeb98205\DelaneyA,\\roeb98205\profile$\DelaneyA,Prison Officer - Roebourne Prison,513
DELANEYD,User,David Delaney,,\\moj141srv001\data\profiles\delaneyd,,513
DELANEYDA,User,David Delaney,,,Courts,66049
DELANEYK,User,Katina Delaney,,\\MOJ141SRV001\data\profiles\DelaneyK,Media and Projects Officer,513
DELANEYL,User,Lisa Delaney,,\\armacrtibm1\delaneyl,Senior Court Officer,66049
DELBRIDL,User,Lloyd Delbridge,\\eago98223\DelbridL,\\eago98223\profile$\DelbridL,Senior Officer,513
DELLATG,User,Gail Della Torre,\\PERC95846\DellaTG,\\PERC95846\profile$\DellaTG,Program Officer,513
DELMONAN,User,Nick Del Monarco,\\wsq98263\delmonan,\\wsq98263\profile$\delmonan,Project Officer,513
DELPRETV,User,Vince Del Prete,,\\moj141srv001\data\profiles\delpretv,HR Recruitment and Mobility,513
DEMARTEG,User,Giuseppina Demarte,\\FREC98207\DemarteG,\\FREC98207\profile$\DemarteG,A / Clerical Officer,513
DEMELLOR,User,Rudy DeMello,,\\moj141srv001\data\profiles\demellor,ISD Records,513
DEMELLOT,User,Tony DeMello,\\inal_res\DeMelloT,\\inal_res\profile$\DeMelloT,Internal Investigator,513
DEMEOD,User,Debbie Demeo,\\madc98210\DemeoD,\\mtlc98217\profile$\DemeoD,Case Management Officer,513
DEMEZAJ,User,John Demeza,\\alba98266\demezaj,\\alba98266\profile$\demezaj,Prison Officer,513
DEMMERYT,User,Trevor Demmery,\\CANN98265\DemmeryT,\\CANN98265\profile$\DemmeryT,Prisoner Support Officer,513
DEMONKP,User,Patrick De Monk,\\casu98264\demonkp,\\casu98264\profile$\demonkp,Prison Officer,513
DEMOUNCP,User,Peter de Mouncey,\\wsq98263\demouncp,\\wsq98263\profile$\demouncp,OM projects unit - WSQ level 1,513
DEMPSEYR,User,Ross Dempsey,,,Analyst - Police Prison Unit,513
DENHAMT,User,Tracy Denham,,,CSC - Lotus Notes Support Engineer,513
DENNISC,User,Christopher Dennis,\\rive_res\dennisc,\\rive_res\profile$\dennisc,Riverbank Prison Officer,513
DENNYM,User,Mike Denny,\\bunb98262\DennyM,\\bunb98262\profile$\DennyM,Prison Officer,513
DENTD,User,Dave Dent,,,Corroner's Court,513
DENTK,User,Kevin Dent,\\alba98266\dentk,\\alba98266\profile$\dentk,Prison Oficer,513
DENTN,User,Neil Dent,\\cann98265\DentN,\\cann98265\profile$\DentN,Reception Officer,513
DENTONS,User,Steven Denton,,,Senior Court Officer,66049
DEPELLES,User,Sarah Depellegrin,,\\moj141srv001\data\profiles\depelles,CSC - Help Desk Analyst,513
DEPPEA,User,Adolf Deppe,\\bunb98262\deppea,\\bunb98262\profile$\deppea,Psychologist - Bunbury,513
DERBYSHM,User,Mark Derbyshire,\\eago98223\DerbyshM,\\eago98223\profile$\DerbyshM,Prison Officer,513
DERMODM,User,Mel Dermody,\\cann98265\DermodM,\\cann98265\profile$\DermodM,Prison Officer,513
DERMODYM,User,Malcolm Dermody,\\casu98264\dermodym,\\casu98264\profile$\dermodym,Senior Officer,513
DERUYTEP,User,Paul Deruyter,\\alba98266\deruytep,\\alba98266\profile$\deruytep,Prison Officer,513
DESKERA,User,Alicia Desker,,,Support FBT,513
DESOUZA,User,Alina De Souza,\\WSQ98263\desouza,\\WSQ98263\Profile$\desouza,Officer Data Integrity WSQ 12,513
DESOUZAA,User,Ann Desouza,,\\MOJ141SRV001\data\profiles\DesouzaA,Typist Officer,513
DEVANEYS,User,Stephanie Devaney,,,L18 Executive,66049
DEVERES,User,Shanelle Devere,,\\frec98207\deveres,A/Senior Court Officer,513
DEVEREUS,User,Sean Devereux,\\msu98213\Devereus,\\msu98213\profile$\Devereus,FCPO,513
DEVERILK,User,Kayt Deverill,\\WSQ98263\data\users\DeverilK,\\WSQ98263\profile$\DeverilK,Court Officer,513
DEVINEJ,User,John Devine,\\casu98264\devinej,\\casu98264\profile$\devinej,Prison Officer,513
DEVINEM,User,Margo Devine,\\pard98214\DevineM,\\pard98214\profile$\DevineM,Clerical Officer,515
DEVITTA,User,Antoinette Devitt,,,Court Officer Broome,513
DEVRIESE,User,Eugene De Vries,,,Team Leader - Network and Comms,66049
DEWI,User,Ian Dew,,,TOMS Contractor,513
DEWINDH,User,Hilary De Wind,\\cann98265\DeWindH,\\cann98265\profile$\DeWindH,FCPO,513
DEYOUNGJ,User,Jim DeYoung,\\GREE98261\deyoungj,\\GREE98261\Profile$\deyoungj,Greenough Prison Prison Officer,513
DIASC,User,Clare Dias,,,Publisher/Secretary, PCO,66049
DIASS,User,Shaun Dias,,,Officer,513
DIAZM,User,Marc Diaz,\\moj141srv001\data\users\diazm,\\moj141srv001\data\profiles\diazm,Consultant - Service Procurement,513
DIBDENI,User,Ian Dibden,\\GREE98261\dibdeni,\\GREE98261\Profile$\dibdeni,Greenough Prison Prison Officer,513
DICKENSD,User,Deborah Dickenson,\\INAL_RES\DickensD,\\INAL_RES\profile$\DickensD,Internal Investigator,513
DICKERJ,User,John Dicker,,\\moj141srv001\data\profiles\dickerj,Public Affairs,513
DICKMAND,User,Deborah Dickman,,,Sheriff Office Worker,66049
DICKSONM,User,Mark Dickson,\\msu98213\DicksonM,\\msu98213\profile$\DicksonM,Prison Officer,513
DIFALCM,User,Melanie Di Falco,\\mirc98215\DiFalcM,\\mirc98215\profile$\DiFalcM,WOO,513
DIGIROLP,User,Paulo DiGirolami,\\woor98267\DiGirolP,\\woor98267\profile$\DiGirolP,Prison Officer,513
DILETTIK,User,Kim Diletti,\\band98268\dilettik,\\band98268\profile$\dilettik,Nursing Staff,513
DILETTIM,User,Marisa Diletti,\\lawc98204\dilettim,,Senior Court Officer,66049
DILLONS,User,Siobhan Dillon,\\rive_res\dillons,\\rive_res\profile$\dillons,Prison Officer - Nyandi,513
DILLONW,User,William Bernie Dillon,\\casu98264\dillonw,\\casu98264\profile$\dillonw,Prison Officer,513
DIMERC,User,Clare Dimer,\\ranj98224\DimerC,\\ranj98224\profile$\DimerC,Group Worker,513
DIMERR,User,Robert Dimer,\\cann98265\DimerR,\\cann98265\profile$\DimerR,Prison Officer,513
DIMITRIC,User,Christina Dimitriou,,\\mojfcsrv001\data\profiles\dimitric,Clerical Officer - Canning Vale,513
DIMMACKD,User,Darren Dimmack,\\ROEB98205\DimmackD,\\ROEB98205\profile$\DimmackD,Prison Officer - Roebourne,513
DIMMOCKM,User,Mike Dimmock,\\bunb98262\dimmockm,\\bunb98262\profile$\dimmockm,Skills Development Officer - Bunbury,513
DIMOPOUE,User,Effie Dimopoulos,\\banj98227\dimopoue,\\banj98227\profile$\dimopoue,Group Worker,513
DIMOPOVI,User,Loannis Dimopovlovs,\\banj98227\dimopovi,\\banj98227\profile$\dimopovi,Groupworker,513
DIMOVSKS,User,Suzi Dimovski,,\\moj141srv001\data\profiles\dimovsks,HR Personnel,513
DINNIEG,User,Gil Dinnie,\\cann98265\DinnieG,\\cann98265\profile$\DinnieG,CCO,513
DINNIEH,User,Hugh Dinnie,\\karn98218\DinnieH,\\karn98218\profile$\DinnieH,Prison Officer,513
DIROSSOM,User,Michelina Di Rosso,,\\moj141srv001\data\profiles\dirossom,Principal Budget Analyst,513
DITCHBUB,User,Bronwyn Ditchburn,,,IT Contractor,513
DITCHFIK,User,Ken Ditchfield,,,Senior Officer,513
DITCHFIP,User,Pat Ditchfield,,\\mojopasrv001\data\profiles\ditchfip,Personal Secretary,513
DIXONCL,User,Clint Dixon,\\cann98265\DixonCl,\\cann98265\profile$\DixonCl,Prison Officer,513
DIXONJ,User,John Dixon,\\wsq98263\DixonJ,\\wsq98263\profile$\dixonj,Project Officer,513
DIXONP,User,Paul Dixon,\\MIRC98215\DixonP,\\MIRC98215\profile$\DixonP,Security Officer,513
DIXONR,User,Rachel Dixon,\\BANJ98227\DixonR,\\BANJ98227\Profile$\DixonR,Managerial Support,515
DJURDJED,User,Dan Djurdjevic,,,PCO,513
DLUGIK,User,Kaz Dlugi,\\broo98202\DlugiK,\\broo98202\profile$\DlugiK,FCPO,513
DMELLOI,User,Ian D'Mello,,,Strategic Planning,66049
DOBBINC,User,Carol Dobbin,,,Typist / Receptionist,513
DOBSONJ,User,Joanne Dobson,\\banj98227\dobsonj,\\banj98227\profile$\dobsonj,Psychologist - Banksia Hill,513
DOBSONP,User,Peter Dobson,\\karn98218\DobsonP,\\karn98218\profile$\DobsonP,Prison Officer,513
DOCKTERD,User,Douglas Dockter,\\karn98218\DockterD,\\karn98218\profile$\DockterD,FCPO - Karnet Prison Farm,513
DODDR,User,Richard Dodd,\\LAWC98204\DoddR,\\LAWC98204\profile$\DoddR,Student Placement,513
DODDYS,User,Steve Doddy,\\bunb98262\DoddyS,\\bunb98262\profile$\DoddyS,Prison Officer,513
DOHERTYM,User,Melanie Doherty,\\vmuc98225\dohertrym,\\vmuc98225\profile$\dohertym,A/JJO VMUC,513
DOIGR,User,Russel Doig,,,Sheriff's Office,66049
DONALDSA,User,Arthur Donaldson,\\roeb98205\DonaldsA,\\roeb98205\profile$\DonaldsA,Prison Officer,513
DONALDSI,User,Ian Donaldson,\\lawc98204\donaldsi,\\lawc98204\profile$\donaldsi,Central Law Courts Manager,513
DONATELN,User,Nadia Donatelli,\\cann98265\DonatelN,\\cann98265\profile$\DonatelN,Prison Officer,513
DONEGAND,User,Diane Donegan,\\eago98223\DoneganD,\\eago98223\profile$\DoneganD,Nurse Manager,513
DONKINP,User,Pamela Donkin,\\espc98342\DonkinP,\\espc98342\profile$\DonkinP,CCO,513
DONOHUEB,User,Brad Donohue,\\GREE98261\donohueb,\\GREE98261\Profile$\donohueb,Greenough Prison Senior Officer,513
DONOVANL,User,Lies Donovan,\\CLC95896\DonovanL$,\\CLC95896\DonovanL,Customer Service Manager,513
DONOVANR,User,Robert Donovan,,,Toms Project,66049
DOROTICM,User,Mark Dorotich,\\cann98265\DoroticM,\\cann98265\profile$\DoroticM,FCPO,513
DOSER,User,Raelene Dose,\\mojnyasrv01\doser,\\mojnyasrv01\profile$\doser,Prison Officer - Nyandi,513
DOUGLASCH,User,Chris Douglas,\\msu98213\douglasch,\\msu98213\profile$\douglasch,Medical Records Officer,513
DOUGLASK,User,Kirsty Douglas,\\msu98213\douglask,\\msu98213\profile$\douglask,Medical Records Officer ,513
DOUGLASR,User,Rob Douglas,,,Regional Counsellor VSS - Carnarvon,513
DOV,User,Viet Do,,,CSC -  Project Officer,513
DOWELLL,User,Luba Dowell,\\albc98211\Dowelll,\\albc98211\profile$\Dowelll,Clerical Officer,513
DOWELLS,User,Shane Dowell,\\GREE98261\dowells,\\GREE98261\profile$\dowells,Greenough Prison Prison Officer,513
DOWIEJ,User,Joy Dowie,\\roeb98205\DowieJ,\\roeb98205\profile$\DowieJ,Industrial Officer,513
DOWLERG,User,Gwen Dowler,\\lawc98204\dowlerg,\\lawc98204\profile$\dowlerg,Central Law Courts Admin Assistant,513
DOWLINGR,User,Richard Dowling,,\\moj141srv001\data\profiles\dowlingr,CSC - Help Desk Analyst,513
DOWLINGS,User,Shane Dowling,,\\moj141srv001\data\profiles\dowlings,Library Assistant,513
DOWNIEC,User,Christopher Downie,,,Oracle Consultant,513
DOWNN,User,Nigel Down,\\bunb98262\DownN,\\bunb98262\profile$\DownN,Prison Officer,513
DOWSINGJ,User,Joel Dowsing,\\lawc98204\dowsingj,\\lawc98204\profile$\dowsingj,JJD JJ Officer,513
DOYGUNK,User,Kirsty Doygun,,\\jooncrtibm1\doygunk,Victom Support Officer,513
DOYLEK,User,Kim Doyle,\\jardomddig1\doylek,\\jardomddig1\profile$\doylek,Research Assistant,513
DREWC,User,Chris Drew,,,PCO,513
DRISCOLR,User,Rick Driscoll,\\band98268\driscolr,\\band98268\profile$\driscolr,Senior Officer,513
DROPULIT,User,Tony Dropulich,,,Supreme Court IT ,513
DROWNS,User,Sharon Drown,\\ROEB98205\DrownS,\\ROEB98205\Profile$\DrownS,Clinical Nurse,513
DROZARIM,User,Margaret D'Rozario,\\lawc98204\drozarim,\\lawc98204\profile$\drozarim,Admin Assistant - CATS at MHC,513
DRUMMONM,User,Michael Drummond,\\casu98264\drummonm,\\casu98264\profile$\drummonm,Prison Officer,513
DRUSKOVP,User,Peter Druskovich,\\GREE98261\druskovp,\\GREE98261\Profile$\druskovp,Greenough Prison Senior Officer,513
DRUVINSC,User,Christine Druvins,,\\MOJ141SRV001\data\profiles\DruvinsC,Clerical Officer,513
DRYDENB,User,Bonnie Dryden,\\gree98261\drydenb,\\gree98261\Profile$\drydenb,Nurse,513
DSILVAH,User,Henry D'Silva,,,Registrar General's Office,66049
DSOUZAL,User,Lester D'Souza,\\eago98223\DSouzaL,\\eago98223\profile$\DSouzaL,Prison Officer,513
DUCHARL,User,Charles Du,\\MOJ141SRV001\data\users\DuCharl,\\MOJ141SRV001\data\profiles\DuCharl,Programmer / Analyst,513
DUCKB,User,Barry Duck,,,Operational Standards,66049
DUDLEYT,User,Tanya Dudley,\\MOJ141SRV001\data\users\DudleyT,,CSC - IT Support Engineer,513
DUFFEYL,User,Linda Duffey,,,MLU,513
DUFFYV,User,Veronica Duffy,,\\clc95896\duffyv,Fines Enforcement Officer,66049
DUGUIDM,User,Marama Duguid,\\mojnyasrv01\duguidm,\\mojnyasrv01\profile$\duguidm,Hostel Manager - Nyandi,513
DUGUIDW,User,Wendy Duguid,\\gerc98200\duguidw,\\gerc98200\profile$\duguidw,Geraldton CBS CCO,513
DULLARDD,User,Diane Dullard,,,Victim Support Service,66049
DUNBARA,User,Anthony Dunbar,,,Accounts Clerk - FER,66049
DUNBARJ,User,Joanne Dunbar,\\casu98264\dunbarj,\\casu98264\profile$\dunbarj,Industrial Officer,513
DUNBARR,User,Ray Dunbar,,,JJD JJ Officer,66049
DUNCANA,User,Alex Duncan,\\karn98218\duncana,\\karn98218\profile$\duncana,Industrial Officer - Karnet,513
DUNCANB,User,Bryan Duncan,\\karn98218\DuncanB,\\karn98218\profile$\DuncanB,Prison Officer - Roebourne Prison,513
DUNCANF,User,Fred Duncan,\\cann98265\DuncanF,\\cann98265\profile$\DuncanF,Senior Officer,513
DUNCANJ,User,Joy Duncan,\\karn98218\DuncanJ,\\karn98218\profile$\DuncanJ,Prison Officer,513
DUNCANJA,User,Janet Duncan,,,CSC - Network and Comms,513
DUNCANP,User,Pia Duncan,\\jardomddig1\DuncanP,\\jardomddig1\Profile$\DuncanP,Jardine - Executive Assistant,513
DUNCANSJ,User,Josie Duncanson,,,CLC - Accounts,513
DUNGEYM,User,Mark Dungey,,,CSC this a/c is attatched to 7 email a/c's,66049
DUNLOPM,User,Mark Dunlop,,\\mojgabsrv01\profile$\dunlopm,GAB Snr Officer,513
DUNLOPMA,User,Mary Lillian Dunlop,\\bunb98262\dunlopma,\\bunb98262\profile$\dunlopma,Industrial Officer,513
DUNLOPT,User,Tony Dunlop,,,Consultant from CTG,513
DUNNET,User,Tom Dunne,\\cann98265\DunneT,\\cann98265\profile$\DunneT,Acacia - Assist Super Sec,66049
DUNNJ,User,Jeff Dunn,\\karn98218\DunnJ,\\karn98218\profile$\DunnJ,Prison Officer - Karnet,513
DUNNJO,User,John Dunn,\\cann98265\DunnJo,\\cann98265\profile$\DunnJo,Prison Officer,513
DUNNT,User,Tina Dunn,,,ISD 15th Library,66049
DUNSTANJ,User,Jim Dunstan,\\wsq98263\dunstanj,\\wsq98263\profile$\dunstanj,A/Asst Dir Ope. Mgmt - Albert Facey House,513
DUNSTANS,User,Stuart Dunstan,,,JJD JJ Officer,66049
DUNSTANT,User,Terry Dunstan,\\cann98265\DunstanT,\\cann98265\profile$\DunstanT,Prison Officer,513
DUNSTANW,User,Wendy Dunstan,\\perc95846\dunstanw,\\perc95846\profile$\dunstanw,Clerical Officer,513
DUNWOODS,User,Simone Dunwoodie,\\albc98211\Dunwoods,\\albc98211\profile$\Dunwoods,Clerical Officer,66049
DUONGT,User,Tanya Duong,,\\moj141srv001\data\profiles\duongt,Accounts Payable Area,513
DUPONTV,User,Vic Dupont,\\banj98227\dupontv,\\banj98227\profile$\dupontv,Groupworker,513
DURACKC,User,Christopher Durack,\\gree98261\durackc,\\gree98261\Profile$\durackc,Greenough Prison Officer,513
DURHAMD,User,David Durham,,,CSC - Capacity Planner,513
DURNIEJ,User,John Durnie,\\cann98265\DurnieJ,\\cann98265\profile$\DurnieJ,Prison Officer,513
DURNINM,User,Marg Durnin,\\banj98227\durninm,\\banj98227\profile$\durninm,Work Camp Officer,513
DURNINS,User,Steve Durnin,,,Human Resources,66051
DUTTE,User,Edmund Dutt,\\jardomddig1\DuttE,\\jardomddig1\Profile$\DuttE,OM Officer - Data Integrity,513
DVAUZS,User,Sally D'Vauz,,,Court Officer,513
DWHSERVICES,User,dwhservices,,,DWH Services Account -Do Not Modify- Mathew Yee,66113
DWYERP,User,Paul Dwyer,\\msu98213\DwyerP,\\msu98213\profile$\DwyerP,FCPO,513
DYERD,User,Dianne Dyer,\\inal_res\dyerd,\\inal_res\profile$\dyerd,Internal Investigator,513
DYERI,User,Ian Dyer,,\\frec98207\dyeri,Supervising Court Officer Fremantle,513
DYSONJ,User,Julie Dyson,\\band98268\dysonj,\\band98268\profile$\dysonj,Prison Officer,513
DZELEBCM,User,Mark Dzelebczic,\\cann98265\DzelebcM,\\cann98265\profile$\DzelebcM,FCPO,513
EADESF,User,Francine Eades,\\cann98265\eadesf,\\cann98265\profile$\eadesf,Hospital Officer ,513
EAGANJ,User,Julie Eagan,\\bunc98216\eaganj,\\bunc98216\profile$\eaganj,Clerical Officer,513
EAMESM,User,Mike Eames,\\cann98265\EamesM,\\cann98265\profile$\EamesM,Industrial Officer,513
EARNSHAS,User,Sharlene Earnshaw,\\MOJ141SRV001\data\users\EarnshaS,\\MOJ141SRV001\data\profiles\EarnshaS,Temporary Officer,513
EARPM,User,Matthew Earp,,\\moj141srv001\data\profiles\earpm,Registrar General's Office,513
EARPW,User,Wes Earp,,,Courts Management -  10th Floor May Holman,66049
EASOND,User,David Eason,\\casu98264\easond,\\casu98264\profile$\easond,FCPO,513
EASTERC,User,Clayton Easter,\\casu98264\easterc,\\casu98264\profile$\easterc,Industrial Officer,513
EATONA,User,Andrew Eaton,\\cann98265\EatonA,\\cann98265\profile$\EatonA,Industrial Officer,66049
EATONE,User,Peter Eaton,\\cann98265\Eatone,\\cann98265\profile$\Eatone,FCPO,513
EATONPH,User,Philip Eaton,,,Commissioner,66049
EBBOTTJ,User,Jackie Ebbott,\\casu98264\ebbottj,\\casu98264\profile$\ebbottj,Programmes Officer,513
EBSWORTG,User,Greg Ebsworthy,\\banj98227\EbswortGW$,\\banj98227\profile$\EbswortG,Clinical Psychologist,515
ECKERTJ,User,Judy Eckert,,,CSO Records,66049
EDDYD,User,David Eddy,\\casu98264\eddyd,\\casu98264\profile$\eddyd,Senior Officer - Casuarina,513
EDDYG,User,Gordon Eddy,\\woor98267\EddyG,\\woor98267\profile$\EddyG,Industrial Officer,513
EDELMANE,User,Erica Edelman,\\mojnyasrv01\EdelmanE,\\mojnyasrv01\profile$\EdelmanE,Senior Education Officer,513
EDGART,User,Timothy Edgar,,\\moj141srv001\data\profiles\edgart,RGO,513
EDGEB,User,Barry Edge,\\kill98208\edgeb,\\kill98208\Profile$\edgeb,Killara Support Services Snr Officer,513
EDGER,User,Raymond Edge,\\cann98265\EdgeR,\\cann98265\profile$\EdgeR,Prison Officer,513
EDGEWORR,User,Reg Edgeworth-Kelly,\\alba98266\edgworr,\\alba98266\profile$\edgworr,Prison Officer,513
EDMEADER,User,Rodney Edmeades,\\msu98213\EdmeadeR,\\msu98213\profile$\EdmeadeR,Prison Officer,513
EDMISTOJ,User,Julie Edmiston,,,Typist / Receptionist,513
EDMONDSL,User,Lisa-Marie Edmonds,,,PCO,66049
EDWARDAN,User,Anne Edwards,,,Level 1 Court Officer,513
EDWARDBE,User,Beverley Edwards,\\MOJ141SRV001\EdwardBe,\\MOJ141SRV001\data\profiles\EdwardBe,Clerical Asst,513
EDWARDC,User,Clive Edward,\\bunb98262\EdwardC,\\bunb98262\profile$\EdwardC,Prison Officer,513
EDWARDCO,User,Colin Edwards,,,Clerk of Court,66049
EDWARDJE,User,Jennifer Edwards,,\\mojfcsrv001\data\profiles\EdwardJe,Family Court Judges chambers,513
EDWARDR,User,Robert Edward,,,Information Officer,513
EDWARDSA,User,Allan Edwards,\\casu98264\edwardsa,\\casu98264\profile$\edwardsa,Prison Officer - Casuarina,513
EDWARDSB,User,Bronwyn Edwards,,\\moj141srv001\data\profiles\edwardsb,IT HelpDesk,513
EDWARDSF,User,Frank Edwards,\\alba98266\edwardsf,\\alba98266\profile$\edwardsf,Prison Officer,513
EDWARDSG,User,George Edwards,,,JJD JJ Officer,66049
EDWARDSGE,User,George Edwards,\\ranj98224\edwardsge,\\ranj98224\profile$\edwardsge,Manager, Programmes,513
EDWARDSJ,User,James Edwards,\\casu98264\edwardsj,\\casu98264\profile$\edwardsj,Probationery Prison Officer,513
EDWARDSN,User,Nicole Edwards,,,HR Recruitment, Personnel,66049
EDWARDSS,User,Shelley Edwards,\\CASU98264\EdwardsS,\\CASU98264\profile$\EdwardsS,Industrial Officer,513
EGANB,User,Bernard Egan,\\MTLC98217\EganB,\\MTLC98217\profile$\EganB,Security Officer,513
EGANG,User,*,,,,513
EGGINTOD,User,David Egginton,\\broo98202\eggintod,\\broo98202\profile$\eggintod,Prison Officer,513
EICHFUSP,User,Peter Eichfuss,,,JJD JJ Officer,66049
EICHFUSPE,User,Peter Eichfuss,\\frec98207\EichfusPe,\\frec98207\profile$\EichfusPe,JJO,513
EITZENA,User,Andrew Eitzen,\\casu98264\eitzena,\\casu98264\profile$\eitzena,Prison Officer - Casuarina,513
ELAMM,User,Mark Elam,\\KARN98218\ElamM,\\KARN98218\profile$\ElamM,Gardens,513
ELDREDP,User,Pam Eldred,,,Dep. President - Supreme Court - GAB,66049
ELIASCHE,User,Elsie Eliaschewsky,,\\mojfcsrv001\data\profiles\EliaschE,Family Court - Personal Secretary,513
ELLEN COSSHALL,User,Ellen Cosshall,\\bunc98310\Ellen Cosshall,\\bunc98310\profile$\Ellen Cosshall,JJO,515
ELLERYC,User,Claire Ellery,,\\mojfcsrv001\data\profiles\ElleryC,Family Court Projects,513
ELLERYT,User,Todd Ellery,\\KILL98208\ElleryT,\\KILL98208\profile$\ElleryT,Student On Replacement - Killara,513
ELLIOTK,User,Kathy Elliott,\\BUNB98262\ElliotK,\\BUNB98262\profile$\ElliotK,Psychologist,513
ELLIOTTAL,User,Alison Elliot,\\banj98227\elliottal,\\banj98227\profile$\elliottal,Programme Assistant,513
ELLIOTTG,User,Glenn Elliott,\\wsq98263\elliottg,\\wsq98263\Profile$\elliottg,BCA Contractor,513
ELLIOTTJ,User,John Elliot,\\alba98266\elliottj,\\alba98266\profile$\elliottj,Prison Officer,513
ELLIOTTS,User,Susan Elliott,\\woor98267\ElliottS,\\woor98267\profile$\ElliottS,A/Admin Coord.,513
ELLISB,User,Brian Ellis,\\wsq98263\EllisB,\\wsq98263\profile$\EllisB,Project Officer,513
ELLISC,User,Christopher Ellis,\\band98268\EllisC,\\band98268\profile$\EllisC,Senior Officer - Bandyup,513
ELLISD,User,Dale Ellis,\\casu98264\ellisd,\\casu98264\profile$\ellisd,Medical Records,513
ELLISS,User,Shane Ellis,\\roeb98205\EllisS,\\roeb98205\profile$\EllisS,Prison Officer,513
ELLISSM,User,Margaret Elliss,,\\midlcrtibm1\ellissm,Court Officer,66049
ELLIST,User,Trevor Ellis,\\cann98265\ellist,\\cann98265\profile$\ellist,Prison Officer,513
ELSBURYH,User,Hayley Elsbury,,\\MOJ141SRV001\data\profiles\ElsburyH,Receptionist,513
ELSES,User,Shirley Else,\\bunb\98262\elses,\\bunb98262\profile$\elses,Nurse,513
ELZASL,User,Lavinas Elzas,\\perc95846\elzasl,\\perc95846\profile$\elzasl,JJD JJ Officer,513
ELZASLA,User,Lavinas Elzas,\\perc95846\ElzasLa,\\perc95846\profile$\ElzasLa,Clerical Officer,513
EMERSONJ,User,John Emerson,,\\mojfcsrv001\data\profiles\EmersonJ,Family Court Counselling,513
EMERYW,User,Wayne Emery,\\cann98265\EmeryW,\\cann98265\profile$\EmeryW,Senior Officer,513
EMINN,User,Natasha Emin,\\PERC95846\EminN,\\PERC95846\profile$\EminN,Compliance Sessional Officer,513
ENDERSBK,User,Kevin Endersby,\\ccou98209\endersbkW$,\\ccou98209\endersbkP$,Court Services Court Officer,513
ENDERSBP,User,Peter Endersby,\\woor98267\EndersbP,\\woor98267\profile$\EndersbP,Industrial Officer,513
ENDERSK,User,Kevin Endersby,,,Senior Court Officer,66049
ENGLANDS,User,Sean England,\\casu98264\englands,\\casu98264\profile$\englands,Prison Officer,513
ENGLISHB,User,Bo English,\\cann98265\englishb,\\cann98265\profile$\englishb,Probationary Officer,513
ENNISC,User,Carol Ennis,\\MTLC98217\EnnisC,\\MTLC98217\profile$\EnnisC,Clerical - Mt Lawley CBS,513
ENOCHJ,User,Jeffery Enoch,\\ranj98224\EnochJ,\\ranj98224\profile$\EnochJ,Superintendentr,513
ENRIGHTT,User,Tim Enright,\\cann98265\EnrightT,\\cann98265\profile$\EnrightT,Assist. Super Sec. - Hakea,513
ENSELR,User,Ronald Ensel,\\cann98265\EnselR,\\cann98265\profile$\EnselR,Prison Officer,513
ENSORM,User,Mark Ensor,\\cann98265\EnsorM,\\cann98265\profile$\EnsorM,Clerical Officer,513
ENSORMA,User,Martin Ensor,\\cann98265\EnsorMa,\\cann98265\profile$\EnsorMa,Prison Officer,513
EPPSS,User,Stephen Epps,\\vmuc98225\EppsS,\\vmuc98225\profile$\EppsS,Liaison Officer,513
ERCEGOVH,User,Heather Ercegovich,,\\clc95896\ercegovh,CIC - May Holman Centre,66049
ERENG,User,Gulgen Eren,\\wsq98263\ereng,,Business Services Manager,513
ERICHSENS,User,Susan Erichsen,\\bunb98262\erichsens,\\bunb98262\profile$\erichsens,Bunbury User,513
ERICHSES,User,Sharon Erichsen,,\\moj141srv001\data\profiles\ErichseS,Personnel Officer,513
ERKENSM,User,Marianna Erkens,\\frec98207\erkensm,\\frec98207\profile$\erkensm,Clerical Officer ,513
ERRINGTK,User,Kristin Errington,\\BAND98268\ErringtK,\\BAND98268\profile$\ErringtK,Nursing Staff,513
ESCOTTT,User,Trevor Escott,\\alba98266\escottt,\\alba98266\profile$\escottt,Prison Officer,513
ESPELETJ,User,Joel Espeleta,\\jardomddig1\Espeletj,\\jardomddig1\Profile$\Espeletj,OM Exec A/Manager - Jardine,513
EVANGELC,User,Cheryl Evangelista,\\MTLC98217\EvangelC,\\MTLC98217\profile$\EvangelC,student cco,513
EVANSB,User,Brian Evans,\\cann98265\EvansB,\\cann98265\profile$\EvansB,FCPO,513
EVANSD,User,David Evans,\\pard98214\EvansD,\\pard98214\profile$\EvansD,Senior Officer,513
EVANSK,User,Kylie Evans,\\benc_res\evansk,\\benc_res\profile$\evansk,JJO/Work Order Officer - Bentley,513
EVANSKA,User,Karen Herriott-Evans,\\cann98265\evanska,\\cann98265\profile$\evanska,Project Officer,513
EVANSL,User,Lia Evans,\\RIVE_RES\EvansL,\\RIVE_RES\profile$\EvansL,Prison Officer (Shift),513
EVANSM,User,Mark Evans,\\casu98264\evansm,\\casu98264\profile$\evansm,Prison Officer,513
EVANSMA,User,Malcolm Evans,\\casu98264\evansma,\\CASU98264\profile$\EvansMa,Psychologist,513
EVANSN,User,Nazreen Evans,\\jooc98201\EvansN,\\jooc98201\profile$\EvansN,Clerk,513
EVANSNE,User,Neil Evans,\\banj98227\evansne,\\banj98227\profile$\evansne,Manager, Resourses,513
EVANSP,User,Peter Evans,\\cann98265\evansp,\\cann98265\profile$\evansp,Prison Officer - Hakea,513
EVANSS,User,Sandra Evans,\\jardomddig1\evanss,\\jardomddig1\profile$\evanss,Psychologist - Casuarina,513
EVERETTJ,User,John Everett,\\karn98218\EverettJ,\\karn98218\profile$\EverettJ,Senior Officer - Karnet Prison Farm,513
EVERINGC,User,Christine Everingham,\\roeb98205\everingc,\\roeb98205\profile$\everingc,Records Officer,513
EVESR,User,Rebecca Eves,,\\moj141srv001\data\profiles\evesr,Human Resources,513
EWARTD,User,Dave Ewart,\\woor98267\ewartd,\\woor98267\profile$\ewartd,A/Business Manager,513
EWENA,User,Allen Ewen,\\mirc98215\EwenA,\\mirc98215\profile$\EwenA,ASFP COORD. disbaled MD @ security 7/12/00,515
EWENK,User,Kim Ewen,,\\moj141srv001\data\profiles\EwenK,CSC - Help Desk Analyst,513
EXCHSERV1,User,Exchange Server 5.5 Service Account 1,,,Exchange Service Account,66049
EXPEDITORADMIN,User,Account for Expeditor Application,,,DO NOT REMOVE,513
EYNONC,User,Craig Eynon,\\roeb98205\eynonc,\\roeb98205\profile$\eynonc,Prison Officer,513
FAHIET,User,Tegan Fahie,\\porc500036\FahieT,\\porc500036\profile$\FahieT,JJO South Hedland,513
FAINTI,User,Isobel Faint,\\banj98227\fainti,\\banj98227\profile$\fainti,Group Worker,513
FAIRALLM,User,Mike Fairall,\\alba98266\fairallm,\\alba98266\profile$\fairallm,Prison Officer,513
FAIRCLOS,User,Susanne Fairclough,\\CANN98265\FaircloS,\\CANN98265\profile$\FaircloS,Visits Booking Officer,513
FAIRK,User,Kelly Fair,\\casu98264\fairk,\\casu98264\profile$\fairk,Hospital Officer,513
FAIRWEAJ,User,Jeremy Fairweather,\\broo98202\FairweaJ,\\broo98202\profile$\FairweaJ,Prison Officer,513
FALITIN,User,Natashua Faliti,\\banj98227\falitin,\\banj98227\profile$\falitin,Group Worker,513
FALLONG,User,George Fallon,\\eago98223\FallonG,\\eago98223\profile$\FallonG,Prison Officer - Eastern Goldfields,513
FALZONJ,User,Joseph Falzon,,,Senior Officer, Database Administration,513
FANANYAF,User,F Fananyan,,,?????????,66049
FANCIULA,User,Amanda Fanciulli,\\mtlc98217\fanciula,\\mtlc98217\profile$\fanciula,A/Juvenile Justice Officer,513
FARANDAJ,User,Joe Faranda,\\rive_res\farandaj,\\rive_res\Profile$\farandaj,Shift Officer,513
FARCASA,User,Adrian Farcas,\\WSQ98263\FarcasA,\\WSQ98263\profile$\FarcasA,CCA - IT Manager,513
FARLEYP,User,Patrick Farley,\\banj98227\FarleyP,\\banj98227\profile$\FarleyP,Group Worker,513
FARLEYR,User,Rebecca Farley,,\\moj141srv001\data\profiles\farleyr,Registrar General's Office,513
FARMERA,User,Anthony Farmer,\\PSYJ98345\FarmerA,\\PSYJ98345\profile$\FarmerA,Sessional Worker - disabled 4/7/01,515
FARMERC,User,Charlotte Farmer,\\MOJ141SRV001\data\users\FarmerC,\\MOJ141SRV001\data\profiles\FarmerC,Cashier / Reception,513
FARMERR,User,Rob Farmer,\\alba98266\farmerr,\\alba98266\profile$\farmerr,Prison Officer,513
FARMERS,User,Stuart Farmer,\\bunb98262\FarmerS,\\bunb98262\profile$\FarmerS,Prison Officer,513
FARQUHAA,User,Alan Farquharson,\\banj98227\farquha,\\banj98227\profile$\farquha,Senior Officer,513
FARRAYN,User,Nicola Farray,\\LAWC98204\FarrayN,\\LAWC98204\profile$\FarrayN,Social Work Student,513
FARRELLJ,User,Jennifer Farrelly,\\karn98218\farrellj,\\karn98218\profile$\farrellj,Clinical Nurse - Karnet,513
FARRELLS,User,Steve Farrell,\\ROEB98205\FarrellS,\\ROEB98205\profile$\FarrellS,Prison Officer,513
FARRIERS,User,Simon Farrier,\\mojnyasrv01\farriers,\\mojnyasrv01\profile$\farriers,FCPO,513
FAULKNEA,User,Andrew Faulkner,,\\MOJ141SRV001\data\profiles\FaulkneA,Budgeting & Planning,513
FAULKNEH,User,Henry Faulkner,\\alba98266\faulkneh,\\alba98266\profile$\faulkneh,FCPO,513
FAWCETTD,User,David Fawcett,\\gree98261\fawcettd,\\gree98261\Profile$\fawcettd,Prison Officer,513
FAWCETTG,User,Greg Fawcett,\\ccou98209\fawcettg$,\\ccou98209\fawcettg,Senior Court Officer,513
FC_LIB,User,Family Court Library Generic,,,Generic Login Family Court,66113
FEATONA,User,Alan Featon,\\pard98214\FeatonA,\\pard98214\profile$\FeatonA,Prison Officer,513
FELIX,User,Felix Ling,,,IT LEGAL TEAM,513
FELLOWEJ,User,James Fellowes,\\bunb98262\fellowej,\\bunb98262\profile$\fellowej,Storeman/laundrey - Bunbury Prison,513
FELLOWSJ,User,Jim Fellows,\\bunb98262\FellowsJ,\\bunb98262\profile$\FellowsJ,Prison Officer,513
FELTONS,User,Suleila Felton,\\lawc98204\FeltonS,\\lawc98204\profile$\FeltonS,JJO,513
FENDERC,User,Colin Fender,\\cann98265\FenderC,\\cann98265\profile$\FenderC,Senior Officer,513
FENNM,User,Michael Fenn,,,Consultant CSC,513
FENTONC,User,Celia Fenton,\\rive_res\fentonc,\\rive_res\profile$\fentonc,Riverbank Prison Senior Officer,513
FERGUSGR,User,Graeme Ferguson,,,Courts Management -  10th Floor May Holman,66049
FERGUSOG,User,Gayle Ferguson,,,Records,66049
FERGUSOJ,User,Jessica Ferguson,\\ranj98224\FergusoJ,\\ranj98224\profile$\FergusoJ,Nurse,515
FERGUSOJA,User,James Ferguson,\\msu98213\FergusoJA,\\msu98213\profile$\FergusoJA,Prison Officer,513
FERGUSOP,User,Peter Ferguson,\\woor98267\FergusoP,\\woor98267\profile$\FergusoP,A/ASPM,513
FERGUSOR,User,Robert Ferguson,\\banj98227\FergusoR,\\banj98227\profile$\FergusoR,Group Worker,513
FERGUSSB,User,Bev Fergusson,\\bunb98262\FergussB,\\bunb98262\profile$\FergussB,Prison Officer,513
FERGUSSD,User,David Fergusson,,,3rd Floor Finance,66051
FERGUSSG,User,Graeme Fergusson,,,Management Group - May Holman,66049
FERNANDD,User,Deanna Fernandez,\\wsq98263\FernandD,\\wsq98263\profile$\FernandD,Clerical Officer,513
FERNANDE,User,Dennis Fernandez,\\wsq98263\fernande,\\wsq98263\profile$\fernande,Officer,513
FERNANDL,User,Lloyd Fernandez,\\mojvppsrv01\FernandL,\\mojvppsrv01\profile$\FernandL,Clinical Counselling Psychologist,513
FERNANDM,User,Mary-Joan Fernandes,,\\mojgabsrv01\profile$\fernandm,GAB - Listings Officer,513
FERNJ,User,Jack Fern,,\\MOJ141SRV001\data\profiles\FernJ,Personnel Services Officer,513
FERNP,User,Peter Fern,\\bunb98262\fernp,\\bunb98262\profile$\fernp,Prision Officer,513
FERRANTC,User,Claudia Ferrante,\\perc95846\ferrantc,\\perc95846\profile$\ferrantc,Student - Milligan CBS,513
FERRANTEA,User,Anna Ferrante,,,Research Officer,66049
FERRARIA,User,Astrid Ferrari,,,Prison Management 12th Floor,66051
FERRICKL,User,Lyn Ferrick,\\woor98267\ferrickl,\\woor98267\profile$\ferrickl,Enrolled Nurse,513
FERRIDAT,User,Tracy Ferriday,\\bunc98216\ferridat,\\bunc98216\profile$\ferridat,Clerical,513
FERRISD,User,Darryl Ferris,\\karn98218\FerrisD,\\karn98218\profile$\FerrisD,Prison Officer - Karnet,513
FERRISE,User,Eliza Ferris,\\ROCC98222\FerrisE,\\ROCC98222\profile$\FerrisE,Student,513
FEWK,User,Kaye Few,,\\clc95896\fewk,System Support - May Holman Centre,66049
FICKOW,User,Willy Ficko,\\alba98266\fickow,\\alba98266\profile$\fickow,Senior Officer,513
FIJOLEKJ,User,Jan Fijolek,,,IT Offender Management,513
FINDLATS,User,Shelley Findlater,\\PARD98214\FindlatS,\\PARD98214\profile$\FindlatS,Administrative Assistant,513
FINKG,User,Grant Fink,\\ROEB98205\FinkG,\\ROEB98205\profile$\FinkG,A/Education Officer,513
FINKH,User,Heather Fink,\\eago98223\FinkH,\\eago98223\profile$\FinkH,Education Officer,515
FINLAYM,User,Mark Finlay,,,Data Warehousing, Level 3,66049
FINLAYST,User,Stephen Finlay,\\PARD98214\FinlaySt,\\PARD98214\profile$\FinlaySt,Mechanical Instruction,513
FINLAYT,User,Tammy Finlay,\\MOJ141SRV001\data\users\FinlayT,\\MOJ141SRV001\data\profiles\FinlayT,Aboriginal Justice Council,513
FIRKING,User,Glen Firkin,,\\moj141srv001\data\profiles\firking,GST Project Officer,513
FISCHERL,User,Lynda Fischer,\\rive_res\fischerl,\\rive_res\profile$\fischerl,RGN Medical Centre - Riverbank Prison,513
FISHEKAR,User,Karen Fisher,,,Regional Counellor,513
FISHERC,User,Clair Fisher,,,JJ Kalgoorlie,66049
FISHERCL,User,Claire Fisher,\\mirc98215\FisherCl,\\mirc98215\profile$\FisherCl,JJO,513
FISHERJ,User,James Fisher,\\cann98265\fisherj,,Assistant Director Hakea Prison Complex,66049
FISHERJA,User,James Fisher,\\msu98213\FisherJA,\\msu98213\profile$\FisherJA,Assist. Director TSS -  REDUNDANT LOGIN,513
FISHERK,User,Kelvin Fisher,,,Magistrate,66049
FISHERKA,User,Kathy Fisher,\\band98268\fisherka,\\band98268\profile$\fisherka,Prison Officer,513
FISHERP,User,Philip Fisher,,\\moj141srv001\data\profiles\fisherp,Registrar General's Office,513
FISHERR,User,Ross Fisher,\\wsq98263\FisherR,\\wsq98263\profiles$\FisherR,Consultant,513
FISHWICC,User,Charlie Fishwick,\\casu98264\fishwicc,\\casu98264\profile$\fishwicc,Senior Officer,513
FISHWICK,User,Kathy Fishwick,\\bunc98216\fishwick,\\bunc98216\profile$\fishwick,Social Work Student,513
FISHWICS,User,Sara Fishwick,\\perc95846\FishwicS,\\perc95846\profile$\FishwicS,A/Program Support Officer,513
FISKD,User,David Fisk,\\perc95846\fiskd,\\perc95846\profile$\fiskd,CCO,513
FISKERK,User,Kent Fisker,,,Consultant CSC,513
FITTONJ,User,Jenny Fitton,,\\moj141srv001\data\profiles\fittonj,ISD 15th Library,513
FITZGEKE,User,Kevin Fitzgerald,,\\moj141srv001\data\profiles\fitzgeke,Financial Systems Officer,513
FITZGERJ,User,James Fitzgerald,,,CSC - Help Desk Operator,513
FITZGERK,User,Kevin Fitzgerald,\\banj98227\fitzgerk,\\banj98227\profile$\fitzgerk,Group Worker,513
FITZGERN,User,Neil Fitzgerald,\\GREE98261\fitzgern,\\GREE98261\Profile$\fitzgern,Greenough Prison Prison Officer,513
FITZGEVA,User,Valerie Fitzgerald,,\\frec98207\fitzgeva,Senior Court Officer,513
FITZPATG,User,Gary Fitzpatrick,\\broo98202\FitzpatG,\\broo98202\profile$\FitzpatG,Assist Sup ASPM,513
FITZPATP,User,Paul Fitzpatrick,,,JJD JJ Officer,66049
FITZPATR,User,Rosalyn Fitzpatrick,,\\mojfcsrv001\data\profiles\fitzpatr,Family Court,66049
FLANAGAP,User,Patricia Flanagan,\\VSSSRV\FlanagaP,\\VSSSRV\profile$\FlanagaP,Victim Support Service,513
FLATTM,User,Mark Flatt,\\roeb98205\FlattM,\\roeb98205\profile$\FlattM,Prison Officer,513
FLAVELD,User,David Flavel,\\jardomddig1\flaveld,\\jardomddig1\profile$\flaveld,Jardine SIU Snr Information Officer,513
FLECKHAW,User,Wanda Fleckhammer,,\\clc95896\fleckhaw,Victim Support Service,513
FLEETR,User,Robert Fleet,\\cann98265\FleetR,\\cann98265\profile$\FleetR,Senior Officer,513
FLEMINGB,User,Brian Fleming,\\pard98214\FlemingB,\\pard98214\profile$\FlemingB,Prison Officer,513
FLEMINGM,User,Melissa Fleming,,\\moj141srv001\data\profiles\flemingm,Financial Management,513
FLEMINGR,User,Ross Fleming,\\cann98265\flemingr,\\cann98265\Profile$\flemingr,Prison Officer - Hakea,513
FLEMINMI,User,Mike Fleming,\\MOJ141SRV001\data\users\FleminMi,\\MOJ141SRV001\data\profiles\FleminMi,WARS2000 Contractor,513
FLEMIRON,User,Ron Fleming,,\\mojfcsrv001\data\profiles\flemiron,Family Court Magistrates chambers,513
FLENTJAM,User,Michael Flentjar,\\karn98218\FlentjaM,\\karn98218\profile$\FlentjaM,Prison Officer - Karnet,513
FLETCHEC,User,Colin Fletcher,\\CANN98265\FletcheC,\\CANN98265\profile$\FletcheC,Project Officer,513
FLETCHED,User,David Fletcher,\\alba98266\fletched,\\alba98266\profile$\fletched,Recreation Officer,513
FLETCHEJ,User,John Fletcher,,,Manager Contracts - ,513
FLETCHEK,User,Kerry Fletcher,\\lawc98204\fletchek,\\lawc98204\profile$\fletchek,Freo CBS User,513
FLETCHEM,User,Mark Fletcher,\\KALC98221\FletcheM,\\KALC98221\data\profiles\FletcheM,A/cco,513
FLETCHEP,User,Penelope Fletcher,,\\mojfcsrv001\data\profiles\fletchep,L4 Judges Chambers,513
FLEURY,User,Sandra Fleury,\\perc95846\fleury,\\perc95846\profile$\fleury,Fremantle WOO,513
FLEURYS,User,Sandra Fleury,\\FREC98207\fleurysW$,\\FREC98207\fleurysP$,Redundant Fremantle  Clerical Officer,66049
FLEWERSN,User,Narelle Flewers,,,JJD JJ Officer,513
FLINTJ,User,Jeremy Flint,\\moj141srv001\data\users\FlintJ,,CSC System Support Analyst,513
FLOODC,User,Cheryl Flood,,\\clc95896\floodc,Officer - Small Claims,513
FLORANCD,User,David Florance,\\cann98265\FlorancD,\\cann98265\profile$\FlorancD,Senior Officer ,513
FLOWERS,User,Steve Flower,\\bunb98262\FlowerS,\\bunb98262\profile$\FlowerS,Prison Officer,513
FLOYDN,User,Nathan Floyd,\\pard98214\floydn,\\pard98214\profile$\floydn,Prison Officer,513
FLYNNA,User,Avis Flynn,,,JJD JJ Officer,66049
FLYNNAV,User,Avis Flynn,\\rocc98222\FlynnAv,\\rocc98222\profile$\FlynnAv,JJO,513
FLYNNF,User,Francis Flynn,,\\mojopasrv001\data\profiles\flynnf,Guardian,513
FLYNNJ,User,John Flynn,,,Amcon  Systems Adminisrator,66049
FLYNNK,User,Keith Flynn,\\bunb98262\flynnk,\\bunb98262\profile$\flynnk,Superintendent,513
FLYNNKE,User,Keith Flynn,,,Superintendent Bunbury Prison,513
FLYNNR,User,Ray Flynn,\\lawc98204\flynnr,\\lawc98204\profile$\flynnr,Central Law Courts SCCO,513
FOGARTYN,User,Noel Fogarty,\\bunb98262\fogartyn,\\bunb98262\profile$\fogartyn,Psychologist - Bunbury Regional Prison,513
FOLEYH,User,Helen Foley,\\perc95846\foleyh,,Milligan CBS Manager,513
FOLEYHE,User,Helen Foley,\\milligansrv\foleyhe,,Laptop Login,515
FOLEYJ,User,Julie Foley,\\wsq98263\foleyj,\\wsq98263\profile$\foleyj,Detective - Police/Prison unit,513
FOLEYK,User,Kathleen Foley,,,Professional Assistant to Solicitor Gen.,513
FONCECAB,User,Bette Fonceca,,,Parlimentary Counsel Office,66049
FONCECBR,User,Brian Fonceca,,,A/Registry Manager,513
FONDACAL,User,Lyn Fondacaro,,,Sheriffs Office,66049
FONGR,User,Robert Fong,,,SCCO,513
FOOTERJ,User,Joanne Footer,,,Records Officer,66049
FOOTERR,User,Roy Footer,\\cann98265\footerr,\\cann98265\profile$\footerr,Prison Officer,513
FORBESW,User,William Forbes,\\cann98265\forbesw,\\cann98265\profile$\forbesw,Prison Officer - Hakea,513
FORDA,User,Anthony Ford,\\eago98223\FordA,\\eago98223\profile$\FordA,Prison Officer,513
FORDHAMA,User,Anthony Fordham,\\cann98265\fordhama,\\cann98265\profile$\fordhama,Officer - Hakea,513
FORDJ,User,Jan Ford,\\porc500036\fordj,\\porc500036\profile$\fordj,Clerical Officer - South Headland,513
FORDS,User,Steve Ford,,,Clerk of Courts - South Headland Court,513
FORGIONA,User,Antonio Forgione,\\cann98265\ForgionA,\\cann98265\profile$\ForgionA,Prison Officer,513
FORGIONT,User,Toni Forgione,,\\clc95896\forgiont,Judicial Support Officer,513
FORLONGB,User,Bruce Forlonge,\\ranj98224\ForlongB,\\ranj98224\profile$\ForlongB,Group Worker,513
FORLONGJ,User,Jane Forlonge,\\KALC98221\ForlongJ,\\KALC98221\profile$\ForlongJ,CCO,513
FORMBYS,User,Suze Formby,,\\MOJOPASRV001\data\profiles\FormbyS,Manager Public Affairs and Education,513
FORRESTW,User,Warren Forrest,\\EAGO98223\ForrestW,\\EAGO98223\profile$\ForrestW,Prison Officer,513
FORSYTHK,User,Kate Forsyth,,\\clc95896\forsythk,Court Officer,513
FORTUNEJ,User,J Fortune,,,?????????,66051
FOSTERD,User,Donna Foster,\\alba98266\fosterd,\\alba98266\profile$\fosterd,Prison Officer,515
FOSTERDE,User,Derek Foster,\\cann98265\FosterDe,\\cann98265\profile$\FosterDe,Senior Officer,513
FOSTERJ,User,Julie Foster,\\MOJ141SRV001\data\users\FosterJ,\\MOJ141SRV001\data\profiles\FosterJ,Temp Project Officer,513
FOSTERK,User,Kevin Foster,\\casu98264\fosterk,\\casu98264\profile$\fosterk,Prison Officer,513
FOSTERM,User,Mark Foster,\\alba98266\fosterm,\\alba98266\profile$\fosterm,Senior Officer,513
FOWLERH,User,Helen Fowler,\\jooc98201\fowlerh,\\jooc98201\profile$\fowlerh,Psychologist,513
FOWLERR,User,Russel Fowler,\\casu98264\fowlerr,\\casu98264\profile$\fowlerr,Prison Officer,513
FOXB,User,Brendon Fox,\\MOJ141SRV001\data\users\FoxB,,IT Support,513
FOXK,User,Kate Fox,\\wsq98263\foxk$,,Executive Services,513
FOXONR,User,Raylene Foxon,\\eago98223\foxonr,\\eago98223\profile$\foxonr,Snr Education Officer - EAGO,513
FOXPA,User,Paul Fox,\\wsq98263\foxpa,\\wsq98263\profile$\foxpa,IT Consultant,513
FOXR,User,Reginald Fox,\\casu98264\FoxR,\\casu98264\profile$\FoxR,Prison Based CCO - disabled 27/6/01,515
FOXS,User,Sharon Fox,\\MOJ141SRV001\data\users\FoxS,\\MOJ141SRV001\data\profiles\FoxS,Budget Officer,513
FOYLEJ,User,John Foyle,\\cann98265\FoyleJ,\\cann98265\profile$\FoyleJ,Senior Officer,513
FOYSTEPE,User,Peter Foyster,,,HR - Head Office Login,513
FOYSTERP,User,Peter Foyster,\\banj98227\FoysterP,,Resource Officer - Rangeview and Banksia Hill,513
FOZZARDN,User,Nigel Fozzard,\\bunb98262\fozzardn,\\bunb98262\profile$\fozzardn,Prison Officer,513
FRANCESR,User,Renee Franceschi,\\jooc98201\francesr,\\jooc98201\profile$\francesr,Social Work Student,513
FRANCHIR,User,Robert Franchina,,,Mandurah Court,66049
FRANCILI,User,Linda Francis,\\MSU98213\FranciLi,\\MSU98213\profile$\FranciLi,Medical Records Officer,513
FRANCISL,User,Lorraine Francis,\\ccou98209\francisl,\\ccou98209\profile$\francisl,Court Services Court Officer,513
FRANCISP,User,Peter Francis,,\\mojfcsrv001\data\profiles\FrancisP,Family Court Orders,513
FRANCKSW,User,Wes Francks,\\BROO98202\FrancksW,\\BROO98202\profile$\FrancksW,Industrial Officer,513
FRANICHL,User,Lew Franich,\\eago98223\FranichL,\\eago98223\profile$\FranichL,Recreation Officer,513
FRANKLII,User,Ian Franklin,\\roeb98205\FrankliI,\\roeb98205\profile$\FrankliI,Industrial Officer,515
FRANKLIY,User,Yvonne Franklin,\\roeb98205\FrankliY,\\roeb98205\profile$\FrankliY,Prison Officer,513
FRANTOMAN,User,Anderson Frantom,\\frec98207\FrantomAn,\\frec98207\profile$\FrantomAn,Clerical Officer,513
FRAPPLES,User,Stephen Frapple,,\\moj141srv001\data\profiles\frapples,GST Project Officer - Financial Management,513
FRASERT,User,Timothy Fraser,\\benc_res\frasert,\\benc_res\profile$\frasert,Compliance Officer,513
FRAZERK,User,Keith Frazer,,,JJ Bunbury,66049
FRECTEST,User,Sandra Fleury,\\frec98207\frectest,\\frec98207\profile$\frectest,Clerical Officer,513
FRECTEST2,User,Sandra Fleury,,,Clerical Officer,513
FREDERIM,User,Mark Fredericks,\\banj98227\frederim,\\banj98227\profile$\frederim,Banksia Hill JJ Officer,513
FREDIANJ,User,John Frediani,,,General Manager,66049
FREDIANR,User,Richard Frediani,,,CSO,66049
FREEBURJ,User,Janet Freebury,\\alba98266\freeburj,\\alba98266\profile$\freeburj,Prison Officer,513
FREEBURP,User,Peter Freebury,\\alba98266\freeburp,\\alba98266\profile$\freeburp,FCPO,513
FREEMANC,User,Christopher Freeman,\\casu98264\freemanc,\\casu98264\profile$\freemanc,Prison Officer,513
FREEMANT,User,Tracey Freeman,\\BROO98202\FreemanT,\\BROO98202\profile$\FreemanT,Aboriginal Clerical Traineeship,513
FREEMAW,User,Wayne Freeman,\\alba98266\freemaw,\\alba98266\profile$\freemaw,Prison Officer,513
FREERM,User,Martin Freer,\\cann98265\FreerM,\\cann98265\profile$\FreerM,Prison Officer,513
FRENCHN,User,Nigel French,\\casu98264\frenchn,\\casu98264\profile$\frenchn,Prison Officer,513
FRENCHV,User,Valerie French,,,President Perth Children's Court,66049
FRIZZELD,User,Donna Frizzell,\\CASU98264\FrizzelD,\\CASU98264\profile$\FrizzelD,Medical Centre Staff,513
FROMONTD,User,Doug Fromont,\\bunb98262\FromontD,\\bunb98262\profile$\FromontD,Senior Officer - Bunbury ,513
FULLERC,User,Colin Fuller,\\gree98261\fullerc,\\gree98261\profile$\fullerc,Prison Officer,513
FULLERD,User,Diane Fuller,\\PERC95846\FullerD,\\PERC95846\profile$\FullerD,Senior Programs Officer,513
FULLERK,User,Karen Fuller,\\perc95846\fullerk,\\perc95846\profile$\fullerk,A/Admin Officer - Milligan CBS,513
FULLERS,User,Stephen Fuller,,\\moj141srv001\data\profiles\fullers,HR Personnel,513
FULTONPA,User,Pamela Fulton,\\banj98227\FultonPa,\\banj98227\profile$\FultonPa,Clerical Officer,513
FUREYF,User,Frank Furey,,\\moj141srv001\data\profiles\fureyf,Human Resources, Employee Relations,513
FYFEM,User,Mark Fyfe,\\wsq98263\fyfem,\\wsq98263\profile$\fyfem,Detective - Police/Prison unit,513
FYFEP,User,Peter Fyfe,\\eago98223\FyfeP,\\eago98223\profile$\FyfeP,FCPO,513
GABRIELB,User,Brenda Gabriel,,\\moj141srv001\data\profiles\gabrielb,Analyst Programmer 18th floor,513
GADENNEB,User,Brett Gadenne,\\alba98266\gadenneb,\\alba98266\profile$\gadenneb,FCPO,513
GADSDONL,User,Laura Gadsdon,,\\MOJ141SRV001\data\profiles\GadsdonL,Employee Relations Officer,513
GAFFNESH,User,Shawn Gaffney,,,Snr Court Officer,513
GAFFNEYA,User,Amber Gaffney,\\banj98227\gaffneya,\\banj98227\profile$\gaffneya,Receptionist,513
GAFFNEYE,User,Elaine Gaffney,\\moj141srv001\data\users\gaffneye,\\moj141srv001\data\profiles\gaffneye,Financial Systems,513
GAFFNEYS,User,Sharon Gafney,,\\clc95896\gaffneys,Senior Court Officer,513
GALANTG,User,Gary Galant,\\wsq98263\galantg,\\wsq98263\profile$\galantg,Senior Officer,513
GALBRAIA,User,Alex Galbraith,\\pard98214\GalbraiA,\\pard98214\profile$\GalbraiA,Prison Officer,513
GALBRAIR,User,Rayleen Galbraith,\\MOJ141SRV001\data\users\GalbraiR,\\MOJ141SRV001\data\profiles\GalbraiR,Personnel Services Officer,513
GALIBARG,User,Gordon Galibardy,\\casu98264\galibarg,\\casu98264\profile$\galibarg,Prison Officer,513
GALLAGHE,User,Erica Gallagher,,,Manager - Peresonel Services,513
GALLAGHK,User,Kim Gallager,\\jardomddig1\GallaghK,\\jardomddig1\profile$\GallaghK,Admin Officer,513
GALLAGHS,User,Shaun Gallagher,\\casu98264\gallaghs,\\casu98264\profile$\gallaghs,Prison Officer,513
GALLIC,User,Carole Galli,,\\moj141srv001\data\profiles\gallic,Investigator ,513
GALLOWAE,User,Christopher Galloway,\\rive_res\gallowae,\\rive_res\profile$\gallowae,Senior Officer - Wooroloo,513
GAMBLEG,User,Gary Gamble,\\woor98267\GambleG,\\woor98267\profile$\GambleG,Prison Officer,513
GAMBLING,User,Gabrielle Gamblin,,,Parlimentary Counsel Office,66049
GANDERM,User,Michael Gander,\\cann98265\GanderM,\\cann98265\profile$\GanderM,Prison Officer,513
GANDYW,User,Wendy Gandy,\\cann98265\GandyW,\\cann98265\profile$\GandyW,Prison Officer,513
GANGELLK,User,Karen Gangell,,\\moj141srv001\data\profiles\gangellk,Finance,513
GANNAWAY,User,Christine Gannaway,,\\CLC95896\Gannaway,Court Officer,513
GANZERA,User,Adele Ganzer,\\wsq98263\Ganzera,\\wsq98263\Profile$\Ganzera,Level 12OM Exec Personal Assistant,513
GARDB,User,Barry Gard,,,Technical Support Analyst,66049
GARDENEP,User,Philippa Gardener,,\\moj141srv001\data\profiles\gardenep,Corporate Services,513
GARDINEO,User,Owen Gardiner,\\cann98265\GardineO,\\cann98265\profile$\GardineO,Industrial Officer,513
GARDINES,User,Shirley Gardiner,\\cann98265\GardineS,\\cann98265\profile$\GardineS,Medical Typist,513
GARDNERR,User,Robert Gardner,\\WSQ98263\data$\users\GardnerR,,Manager Financial Services,513
GARGA,User,Aparna Garg,\\band98268\garga,\\band98268\profile$\garga,FCMT,513
GARMANR,User,Robert Garman,\\bunb98262\Garmanr,\\bunb98262\profile$\Garmanr,Prison Officer,513
GARNERD,User,Darrin Garner,\\GREE98261\garnerd,\\GREE98261\profile$\garnerd,Greenough Prison Senior Officer,513
GARNETTB,User,Bronwyn Garnett,\\band98268\garnettb,\\band98268\profile$\garnettb,Nursing Sister,513
GARWOODJ,User,John Garwood,\\bunb98262\GarwoodJ,\\bunb98262\profile$\GarwoodJ,Prison Officer,513
GASCHKR,User,Robin Gaschk,,\\moj141srv001\data\profiles\gaschkr,Project Leader,513
GASKINT,User,Terry-Anne Gaskin,,,LCU Records,66049
GASPERC,User,Cliff Gasper,,,A/Purchasing Officer,513
GASPERCH,User,Chris Gasper,\\gree98261\gasperch,\\gree98261\profile$\gasperch,Prison Officer,513
GASSELSP,User,Paul Gasselstorfer,,,CSC System Support Analyst,513
GATERJ,User,John Gater,,,Sheriff's Office,66049
GAUCIR,User,Rosemary Gauci,\\band98268\gaucir,\\band98268\profile$\gaucir,Prison Officer,513
GAUDETG,User,Gilles Gaudet,,\\mojopasrv001\data\profiles\gaudetg,Manager Corporate Services,513
GAUDIED,User,David Gaudie,\\msu98213\GaudieD,\\msu98213\profile$\GaudieD,FCPO,513
GAUDIEJ,User,Jennifer Gaudie,\\CANN98265\GaudieJ,\\CANN98265\profile$\GaudieJ,Admin Officer,513
GAUDIOTO,User,Tonia Gaudio,\\frec98207\GaudioTo,\\frec98207\profile$\GaudioTo,Clerical Officer,513
GAUGGS,User,Siglinde Gaugg,\\band98268\gauggs,\\band98268\profile$\gauggs,Prison Officer,513
GAWRONG,User,Greg Gawron,\\casu98264\gawrong,\\casu98264\profile$\gawrong,Hospital Officer,513
GAYMERE,User,Elly Gaymer,\\banj98227\gaymere,\\banj98227\profile$\gaymere,Group Worker,513
GEADMIN,User,Administration Account,,,GE Employess Administration Account,66051
GEANEYE,User,Emma Geaney,,\\mojopasrv001\data\profiles\Geaneye,Student Social Worker,513
GEANEYL,User,Linda Geaney,\\CASU98264\GeaneyL,\\CASU98264\profile$\GeaneyL,Clerical Assistant - ,513
GEARA,User,Allison Gear,\\porc500036\geara,\\porc500036\profile$\geara,A/CCO - South Hedland,513
GEARYV,User,Vanessa Geary,\\KILL98208\GearyV,\\KILL98208\profile$\GearyV,Killara Youth Services Worker,513
GECITS,User,,\\wsq98263\gecits$,\\wsq98263\gecits,GECITS test account for TOMS SOE,66049
GEDDESJ,User,John Geddes,,,HR Personnel ,66049
GEDDESL,User,Lindsay Geddes,,\\mojfcsrv001\data\profiles\GeddesL,Family Court Counselling,513
GELLG,User,Geoffrey Gell,,\\clc95896\gellg,Clerk of Local Court Perth,513
GELMIB,User,Barbara Gelmi,\\bunb98262\GelmiB,\\bunb98262\profile$\GelmiB,Typist,513
GENISTES,User,Test Genisys,\\CLC95896\Private\GenisTes,\\CLC95896\Roaming\GenisTes,test user,513
GENISYST,User,Test Genisys,\\CLC95896\Private\GenisysT,\\CLC95896\Roaming\GenisysT,TEST USER 4 Genisys,513
GENISYTE,User,Test Genisys,\\CLC95896\Private\GenisyTe,\\CLC95896\Roaming\GenisyTe,TEST USER 4 GENISYS,513
GENPEINQ,User,Genisys Inquiry,,,Genisys Generic Inquiry Login,66049
GENTR,User,Ronda Gent,\\casu98264\gentr,\\casu98264\profile$\gentr,Receptionist,513
GEOGHEGM,User,Michael Geoghegam,\\banj98227\geoghegm,\\banj98227\profile$\geoghegm,Groupworker,513
GEORGER,User,Rhonda George,\\roeb98205\GeorgeR,\\roeb98205\profile$\GeorgeR,Prison Officer,513
GERNHOEC,User,Calvin Gernhoefer,\\cann98265\GernhoeC,\\cann98265\profile$\GernhoeC,Prison Officer,513
GEROVICA,User,Anthony Gerovich,\\cann98265\Gerovica,\\cann98265\profile$\Gerovica,Senior Officer,513
GERRANDD,User,Darren Gerrand,\\ROEB98205\GerrandD,\\ROEB98205\profile$\GerrandD,Prison Officer,513
GERTYS,User,Samantha Gerty,\\wsq98263\GertyS,\\wsq98263\profile$\GertyS,Managerial Support,513
GETHINGR,User,Ronald Gething,,,Magistrates,66049
GETHINR,User,Russell Gethin,,\\clc95896\gethinr,,66049
GHOST_A019000,User,GHOST_A019000,,,This user account is required by Symantec Ghost to run configuration tasks.,66049
GHOST_WSQ10166,User,GHOST_WSQ10166,,,This user account is required by Symantec Ghost to run configuration tasks.,66049
GHOST_WSQ10229,User,GHOST_WSQ10229,,,This user account is required by Symantec Ghost to run configuration tasks.,66049
GIALLOMJ,User,John Giallombardo,\\casu98264\giallomj,\\casu98264\profile$\giallomj,Prison Officer,513
GIALLORM,User,Mario Giallorenzo,\\casu98264\giallorm,\\casu98264\profile$\giallorm,Prison Officer,513
GIANATTS,User,Sonia Gianatti,\\casu98264\gianatts,\\casu98264\profile$\gianatts,Psychologist,513
GIANCOLF,User,Fiona Giancola,\\MTLC98217\GiancolF,\\MTLC98217\profile$\GiancolF,A/JJO,513
GIBBENSK,User,Kay-Marie Gibbens,\\kalc98221\GibbensK,\\kalc98221\profile$\GibbensK,CCO,513
GIBBNEYA,User,Anna Gibbney,\\MOJ141SRV001\data\users\GibbneyA,\\MOJ141SRV001\data\profiles\GibbneyA,Expenditure Controller,513
GIBBR,User,Robert Gibb,\\roeb98205\GibbR,\\roeb98205\profile$\GibbR,Prison Officer,513
GIBBSB,User,Bradley Gibbs,,,Courts Tech Group ,513
GIBBSK,User,Kim Gibbs,\\casu98264\gibbsk,\\casu98264\profile$\gibbsk,Prison Officer,513
GIBBSL,User,Liam Gibbs,\\msu98213\GibbsL,\\msu98213\profile$\GibbsL,Prison Officer,513
GIBLETTP,User,Phil Giblett,,,TOMS Master Trainer,66049
GIBSONK,User,Kelly Gibson,\\roeb98205\GibsonK,\\roeb98205\profile$\GibsonK,Admin Assist - Roebourne CBS,513
GIBSONM,User,Mark Gibson,\\cann98265\GibsonM,\\cann98265\profile$\GibsonM,Prison Officer,513
GICZEYF,User,Fiona Giczey,\\wsq98263\giczeyf,\\wsq98263\profile$\giczeyf,Conversion Data Entry,513
GIFFORDP,User,Paul Gifford,\\cann98265\giffordp,\\cann98265\profile$\giffordp,Prison Officer,513
GILBERTP,User,Patricia Gilbert,,\\rocc98222\data\profiles\GilbertP,Court Officer - Rockingham,513
GILBERTW,User,Wayne Gilbert,,,Unisys - VB Developer,513
GILCHRID,User,Debbie Gilchrist,\\kill98208\gilchrid,\\kill98208\Profile$\gilchrid,Killara,513
GILCHRIG,User,Geoff Gilchrist,,\\mojfcsrv001\data\profiles\GilchriG,Family Court Projects,513
GILCHRIN,User,Norman Gilchrist,\\wsq98263\GilchriN,\\wsq98263\profile$\GilchriN,Acacia - Senior Officer,66049
GILDERSB,User,Bill Gilders,\\wsq98263\gildersb,\\wsq98263\Profile$\gildersb,Manager JJ Teams,513
GILESA,User,Anthony Giles,\\GREE98261\gilesa,\\GREE98261\profile$\gilesa,Greenough Prison Prison Officer,515
GILLANJ,User,Josie Gillan,,,Data Warehouse,66051
GILLC,User,Catherine Gill,,\\moj141srv001\data\profiles\GillC,CSC - Help Desk Analyst,513
GILLELAD,User,Dennis Gilleland,\\GREE98261\gillelad,\\GREE98261\Profile$\gillelad,Greenough Prison Senior Officer ,513
GILLETTT,User,Tracey Gillett,,\\mojfcsrv001\data\profiles\GillettT,Family Court Counselling,513
GILLILAT,User,Terry Gilliland,\\cann98265\GillilaT,\\cann98265\profile$\GillilaT,Prison Officer,513
GILMOURA,User,Anne Gilmour,\\perc95846\gilmoura,\\perc95846\profile$\gilmoura,Education - Perth CBS,513
GINBEYCH,User,Christine Ginbey,\\band98268\Ginbeyc,\\band98268\profile$\Ginbeych,A/ASPR,513
GIRVANM,User,Meredith Girvan,\\MADC98210\GirvanM,\\MADC98210\profile$\GirvanM,JJO,513
GIS_TRAIN1,User,Genisys Training 1,,\\clc95896\gis_train1,Generic Genisys Training Account 1,66049
GIS_TRAIN10,User,Genisys Training 10,,\\clc95896\gis_train10,Generic Genisys Training Account 10,66049
GIS_TRAIN2,User,Genisys Training 2,,\\clc95896\gis_train2,Generic Genisys Training Account 2,66049
GIS_TRAIN3,User,Genisys Training 3,,\\clc95896\gis_train3,Generic Genisys Training Account 3,66049
GIS_TRAIN4,User,Genisys Training 4,,\\clc95896\gis_train4,Generic Genisys Training Account 4,66049
GIS_TRAIN5,User,Genisys Training 5,,\\clc95896\gis_train5,Generic Genisys Training Account 5,66049
GIS_TRAIN6,User,Genisys Training 6,,\\clc95896\gis_train6,Generic Genisys Training Account 6,66049
GIS_TRAIN7,User,Genisys Training 7,,\\clc95896\gis_train7,Generic Genisys Training Account 7,66049
GIS_TRAIN8,User,Genisys Training 8,,\\clc95896\gis_train8,Generic Genisys Training Account 8,66049
GIS_TRAIN9,User,Genisys Training 9,,\\clc95896\gis_train9,Generic Genisys Training Account 9,66049
GITTOSB,User,Brian Gittos,\\roeb98205\GittosB,\\roeb98205\profile$\GittosB,A/Superintendent - Roebourne Prison,513
GITTOSW,User,Wendy Gittos,\\mojpetsrv01\gittosw,\\mojpetsrv01\profile$\gittosw,Perth JJ Team Admin Officer,513
GLASSBOM,User,Mark Glassborow,\\casu98264\glassbom,\\casu98264\profile$\glassbom,Prison Officer,513
GLASSONS,User,Steve Glasson,,\\mojfcsrv001\data\profiles\glassons,Orderly - 9224 8315,513
GLAVOTAJ,User,Jeremy Glavota,\\jardomddig1\glavotaj,\\jardomddig1\Profile$\glavotaj,Officer Offenders in Custody Team - Jardine,513
GLENDINA,User,Andrew Glendinning,\\ALBA98266\GlendinA,\\ALBA98266\profile$\GlendinA,Carpentry Instructor,513
GLYNNM,User,Miriam Glynn,\\GREE98261\glynnm,\\GREE98261\Profile$\glynnm,Greenough Prison Prison Officer,513
GLYNNR,User,Robert Glynn,,,Magistrates,66049
GNANAPRA,User,Arlene Gnanapragasam,\\perc95846\gnanapra,\\perc95846\profile$\gnanapra,Milligan CBS Clerical Officer,513
GOBBYE,User,Ernest Gobby,,,Clerk of the Court - Pinjarra,66049
GODDARDG,User,Gina Goddard,\\wsq98263\goddardg,\\wsq98263\profile$\goddardg,Project Officer, Offender Man.Executive Services,513
GODFREYK,User,Kendall Godfrey,\\cann98265\godfreyk,\\cann98265\profile$\godfreyk,Registered Nurse,513
GODFREYL,User,Lynette Godfrey,\\ROEB98205\GodfreyL,\\ROEB98205\profile$\GodfreyL,Clinical Nurse - disabled 27/6/01,515
GOHA,User,Andre Goh,\\MOJ141SRV001\data\users\GohA,\\MOJ141SRV001\data\profiles\GohA,Co-ordinator, Prison officer recruitment and promotion,513
GOLDBERS,User,Susan Goldberg,,\\mojfcsrv001\data\profiles\GoldberS,Family Court Orders,513
GOLDIEA,User,Angie Goldie,,,Personal Assistant Solicitor General's Office,66049
GOLDINGL,User,Lucian Golding,\\ranj98224\GoldingL,\\ranj98224\profile$\GoldingL,Group Worker,513
GOLDSTRA,User,Andrew Goldstraw,,\\moj141srv001\data\profiles\goldstra,Data Administrator DWH 9264 1625,513
GONCALVT,User,Tracey Goncalves,\\banj98227\GoncalvT,\\banj98227\profile$\GoncalvT,Group Worker,66049
GOOCHD,User,Donald Gooch,,\\mojfcsrv001\data\profiles\GoochD,Family Court Projects,513
GOODALLS,User,Sean Peter Goodall,\\cann98265\Goodalls,\\cann98265\profile$\Goodalls,Senior Officer,513
GOODCHIG,User,Gary Goodchild,\\casu98264\goodchig,\\casu98264\profile$\goodchig,Prison Officer - Casuarina,513
GOODCHIJ,User,Jean Goodchild,\\mtlc98217\GoodchiJ,\\mtlc98217\profile$\GoodchiJ,WOO,513
GOODET,User,Terri Goode,\\wsq98263\GoodeT,\\wsq98263\profiles$\GoodeT,Admin Support,66049
GOODETE,User,Terri Goode,\\wsq98263\GoodeTe,\\wsq98263\profiles$\GoodeTe,Admin Support disabled by MD @ security 4/12,515
GOODFELF,User,Flo Goodfellow,\\bunb98262\GoodfelF,\\bunb98262\profile$\GoodfelF,Industrial Officer,513
GOODJ,User,Jeremy Good,\\moj141srv001\data\profiles,,CSC Support,513
GOODNANC,User,Nancy Good,,\\clc95896\goodnanc,Court Officer,513
GOODREMW,User,Wayne Goodrem,\\ROEB98205\GoodremW,\\ROEB98205\profile$\GoodremW,Prison Officer,513
GOODSELA,User,Auriel Goodsell,,\\MOJ141SRV001\data\profiles\GoodselA,Personnel Services Officer,513
GOODWING,User,Glen Goodwin,\\GREE98261\goodwing,\\GREE98261\Profile$\goodwing,Greenough Prison Prison Officer,513
GORDONC,User,Christine Gordon,,,Admins Project Officer - DPP,66113
GORDONS,User,Susan Gordon,,,Magistrate - PCC,513
GOREYA,User,Andrew James Gorey,\\GREE98261\goreya,\\GREE98261\profile$\goreya,Prison Officer,513
GOREYJ,User,Jodie Gorey,\\GREE98261\GoreyJ,\\GREE98261\profile$\GoreyJ,Medical records officer,513
GORMANDOT,User,Dorothy Gorman,,\\moj141srv001\data\profiles\gormandot,HR,513
GORMANG,User,Glenys Gorman,,,JJD JJ Officer,66051
GORMANM,User,Michael Gorman,\\cann98265\GormanM,\\cann98265\profile$\GormanM,Prison Officer,513
GORMANP,User,Patrick Gorman,\\bunb98262\gormanp,\\bunb98262\profile$\gormanp,Industrial Officer,513
GORMLEYT,User,Timothy Gormley,\\cann98265\gormleyt,\\cann98265\profile$\gormleyt,Prison Officer,513
GORTONA,User,Andy Gorton,\\casu98264\gortona,\\casu98264\profile$\gortona,FCPO,513
GORTONE,User,Elizabeth Gorton,\\casu98264\gortone,\\casu98264\profile$\gortone,Probationery Prison Officer,513
GOSPERM,User,Michael Gosper,\\GREE98261\GosperMi,\\GREE98261\profile$\GosperM,Prison Officer,513
GOTTSB,User,Brian Gotts,\\casu98264\gottsb,\\casu98264\profile$\gottsb,Prison Officer,513
GOUDGEV,User,Vivienne Goudge,\\gerc98200\goudgev,\\gerc98200\profile$\goudgev,Court Officer,513
GOUGHE,User,Evon Gough,\\bunb98262\goughe,\\bunb98262\profile$\goughe,Hospital Officer - Bunbury,513
GOUGHM,User,Mark Gough,\\GREE98261\goughm,\\GREE98261\Profile$\goughm,Greenough Prison Senior Officer,513
GOUGOULS,User,Spiro Gougoulis,\\vmuc98225\GougoulS,\\vmuc98225\profile$\GougoulS,Coordinator,513
GOULDINCA,User,Carmen Goulding,\\midc98212\GouldinCa,\\midc98212\profile$\GouldinCa,Admin. Assistant,513
GOULDINK,User,Katherine Goulding,,\\MOJ141SRV001\data\profiles\GouldinK,Budget Officer,513
GOULDM,User,Margo Gould,\\banj98227\gouldm,\\banj98227\profile$\gouldm,Registered Nurse - Banksia Hill,513
GOVALUPM,User,Meera Govalupillay,,,Consultant,66049
GOVANI,User,Ian Govan,\\WSQ98263\govani,,Fleet Coordinator,513
GRAHAMC,User,Colin Graham,\\wsq98263\grahamc,\\wsq98263\profile$\grahamc,Detective - Police/Prison unit,513
GRAHAMJ,User,John Graham,\\roeb98205\GrahamJ,\\roeb98205\profile$\GrahamJ,Prison Officer,513
GRAHAMM,User,Maura Graham,,,Offender Records,66049
GRAHAMN,User,Neville Graham,\\pard98214\GrahamN,\\pard98214\profile$\GrahamN,FCPO,513
GRANTHMM,User,Maxwell Grantham,\\ROEB98205\GranthmM,\\ROEB98205\profile$\GranthmM,Prison Officer,513
GRANTM,User,Mary Grant,\\WOOR98267\GrantM,\\WOOR98267\profile$\GrantM,Nurse,513
GRAYG,User,George Gray,\\alba98266\grayg,\\alba98266\profile$\grayg,Prison Officer,513
GRAYGR,User,Graziell Gray,\\CANN98265\GrayGr,\\CANN98265\profile$\GrayGr,Admin Officer,513
GRAYJ,User,James Gray,\\cann98265\GrayJ,\\cann98265\profile$\GrayJ,Prison Officer MD @ security 7/12/00,513
GRAYN,User,Norma Gray,\\msu98213\GrayN,\\msu98213\profile$\GrayN,Admin Support Officer,513
GRAYP,User,Peter Gray,\\KARN98218\GrayP,\\KARN98218\profile$\GrayP,Farm ,513
GREATREP,User,Phillip Greatrex,\\casu98264\greatrep,\\casu98264\profile$\greatrep,FCPO,513
GREBLEW,User,William Greble,\\perc95846\greblew,\\perc95846\profile$\greblew,Milligan CBS Clerical Officer,513
GRECHR,User,Renay Grech,,,VSS,513
GRECIANJ,User,Janice Grecian,\\mtlc98217\GrecianJ,\\mtlc98217\profile$\GrecianJ,Clerical Officer,513
GRECIANR,User,Roy Grecian,\\RIVE_RES\GrecianR,\\RIVE_RES\profile$\GrecianR,Riverbank,513
GREENBED,User,David Greenberg,\\perc95846\greenbed,\\perc95846\profile$\greenbed,Research SOTU,513
GREENEB,User,Brian Greene,,\\moj141srv001\data\profiles\greeneb,Project Manager,513
GREENG,User,Gail Green,\\casu98264\GreenG,\\casu98264\profile$\GreenG,Psychologist,513
GREENL,User,Leanne Green,\\midc98212\GreenL,\\midc98212\profile$\GreenL,CCO ,513
GREENLU,User,Lucy Green,\\madc98210\greenlu,\\mtlc98217\profile$\greenlu,Dlerical Officer,513
GREENP,User,Peter Green,\\broo98202\GreenP,\\broo98202\profile$\GreenP,Senior Officer,515
GREENRO,User,Robyne Green,\\cann98265\greenro,\\cann98265\profile$\greenro,CCO - Joondalup CBS,513
GREENWOJ,User,Janet Greenwood,\\alba98266\greenwoj,\\alba98266\profile$\greenwoj,Manager, Education,513
GREENWOS,User,Sarah Greenwood,\\moj141srv001\data\users\GreenwoS,\\moj141srv001\data\profiles\GreenwoS,A/Adminstrative Co-ordinator,513
GREERC,User,Cheryl Greer,\\band98268\greerc,\\band98268\profile$\greerc,Nursing Staff,515
GREGORYJ,User,John Gregory,\\banj98227\gregoryj,\\banj98227\profile$\gregoryj,Maintenance Officer,513
GREGORYK,User,Karen Gregory,\\band98268\gregoryk,\\band98268\profile$\gregoryk,Relief System Liason Officer - Casuarina,513
GREGORYL,User,Lionel Gregory,\\MOJ141SRV001\data\users\GregoryL,\\MOJ141SRV001\data\profiles\GregoryL,Aboriginal Justice Council,513
GREGORYM,User,Maureen Gregory,\\ccou98209\gregorymW$,\\ccou98209\gregorymP$,Court Services Clerical Officer,513
GREGORYN,User,Noelene Gregory,,,Sheriffs Office,66049
GREGORYP,User,Phil Gregory,,,TOMS Consultant,66049
GRENFELK,User,Kaye Grenfell,\\bunc98216\grenfelk,\\bunc98216\profile$\grenfelk,Admin Assistant,513
GREYSONM,User,Michael Greyson,\\GREE98261\greysonm,\\GREE98261\Profile$\greysonm,Prison Officer,513
GRIBBENP,User,Patricia Gribben,\\WSQ98263\GribbenP,\\WSQ98263\profile$\GribbenP,Information Officer,513
GRICES,User,Stewart Grice,\\roeb98205\GriceS,\\roeb98205\profile$\GriceS,Prison Officer,513
GRIEVER,User,Regina Grieve,\\CANN98265\GrieveR,\\CANN98265\profile$\GrieveR,Education Officer,513
GRIFFIJE,User,Jennifer Griffiths,\\WSQ98263\GriffijE,\\WSQ98263\profile$\GriffijE,Workshop Support,513
GRIFFINJ,User,John Griffon,\\cann98265\griffinj,\\cann98265\profile$\griffinj,Prison Officer,513
GRIFFINL,User,Lorrie Griffin,,,Intranet Assistant,513
GRIFFINP,User,Paul Griffin,\\banj98227\GriffinP,\\banj98227\profile$\GriffinP,Group Worker,513
GRIFFITG,User,Geoff Griffiths,\\banj98227\griffitg,\\banj98227\profile$\griffitg,Senior Officer,513
GRIFFITGL,User,Glyn Griffiths,\\karn98218\GriffitGl,\\karn98218\profile$\GriffitGl,A.S.O.M - Karnet Prison Farm,513
GRIFFITHI,User,Ian Griffiths,\\moj141srv001\data\users\griffithi,,CSC - IT Support Analyst,513
GRIFFITJ,User,Jodie Griffiths,,\\jooncrtibm1\griffitj,Joondalup Court,513
GRIFFITL,User,Lindon Griffiths,,\\moj141srv001\data\profiles\griffitl,Purchasing ,513
GRIFFITM,User,Mark Griffiths,,\\moj141srv001\data\profiles\griffitm,Analyst/Programmer,513
GRIFFITR,User,Rebecca Griffiths,,\\moj141srv001\data\profiles\griffitr,Internal Auditor,513
GRIMLEYC,User,Craig Grimley,\\cann98265\GrimleyC,\\cann98265\profile$\GrimleyC,Prison Officer,513
GRIMSTOK,User,Kylie Grimstone,\\MTLC98217\GrimstoK,\\MTLC98217\profile$\GrimstoK,temp. security officer,513
GRINCERN,User,Natalie Grinceri,\\perc95846\grincern,\\perc95846\profile$\grincern,Receptionist,513
GRIZAARP,User,Peter Grizaard,\\rive_res\GrizaarP,\\rive_res\profile$\GrizaarP,Hobbies Officer - CWC Remand,513
GROCOTTF,User,Frank Grocott,\\cann98265\GrocottF,\\cann98265\profile$\GrocottF,Industrial Officer  ,513
GROSSEJ,User,Judy Grosse,\\perc95846\Grossej,\\perc95846\profile$\Grossej,Receptionist,513
GROSSETC,User,Carl Grossetti,\\WSQ98263\GrossetC,\\WSQ98263\profile$\GrossetC,Detective Seargent,513
GROVEH,User,Helen Grove,\\cann98265\groveh,\\cann98265\profile$\groveh,FCMT Forensic Psychologist,513
GROVERG,User,Graeme Grover,\\casu98264\groverg,\\casu98264\profile$\groverg,Prison Officer,513
GROVESG,User,Garry Groves,,\\mojgabsrv01\profile$\GrovesG,GAB - Service Officer,513
GROVEW,User,Wendy Grove,,,Clerk of Court,66049
GUDGEONM,User,Mary Gudgeon,\\casu98264\gudgeonm,\\casu98264\profile$\gudgeonm,Hospital Officer,513
GUEST,User,,,,Built-in account for guest access to the computer/domain,66051
GUGLIOTK,User,Katie Gugliotta,,,CSO,66049
GUMBL,User,Lynn Gumb,,\\MOJ141SRV001\data\profiles\GumbL,Assisstant Senior Policy Officer,513
GUMMERM,User,Micheal Gummer,\\banj98227\Gummerm,\\banj98227\profile$\Gummerm,Group Worker,513
GUNNINGT,User,Toni Gunning,\\ALBA98266\GunningT,\\ALBA98266\profile$\GunningT,Registered Nurse,513
GUPPYK,User,Kyle Guppy,\\kalc98221\guppyk,\\kalc98221\profile$\guppyk,JCS - Kalgoolie,513
GURRA,User,Andrew Gurr,\\roeb98205\GurrA,\\roeb98205\profile$\GurrA,Prison Officer,513
GUSMEROS,User,Stephen, Gusmeroli,,,Contractor,513
GUYN,User,Nicole Guy,,\\clc95896\guyn,Court Officer,513
HABIBE,User,Ezzedin Habib,,,Data Warehousing, Level 3,66049
HACKETTP,User,Peter Hackett,\\cann98265\HackettP,\\cann98265\profile$\HackettP,ASBI,513
HADDOCKJ,User,Julitha Haddock,,\\moj141srv001\data\profiles\haddockj,VSS PERTH,513
HADDONA,User,Alaine Haddon-Casey,,,A/Principal Policy Officer,513
HADDRILN,User,Nola Haddrill,,\\moj141srv001\data\profiles\haddriln,Public Affairs,513
HAGEND,User,Dave Hagen,\\GREE98261\hagend,\\GREE98261\profile$\hagend,Greenough Prison Assistant Supt.,513
HAIRKER,User,Reginald Hair-Keane,\\ranj98224\HairKeR,\\ranj98224\profile$\HairKeR,Group Worker,513
HALDENK,User,Kathleen Halden,\\rocc98222\data\users\HaldenK,\\rocc98222\data\profiles\HaldenK,Snr Crt Off,513
HALDENP,User,Patricia Halden,\\banj98227\HaldenP,\\banj98227\profile$\HaldenP,Group Worker,515
HALED,User,Diane Hale,,,Records,66049
HALEG,User,Geoffrey Hale,\\casu98264\HaleG,\\casu98264\profile$\HaleG,Prison Officer,513
HALEN,User,Naomi Hale,\\banj98227\halen,\\banj98227\profile$\halen,Group Worker,513
HALESM,User,Mark Hales,\\clc95896\halesm$,\\clc95896\HalesM,Court Officer,513
HALFORDJ,User,Janet Halford,\\frec98207\halfordj,\\frec98207\profile$\halfordj,A/Clerical Officer - Fremantle CBS,513
HALLB,User,Brian Hall,\\casu98264\hallb,\\casu98264\profile$\hallb,Gratuties Clerk,513
HALLC,User,Cathy Hall,\\bunb98262\HallC,\\bunb98262\profile$\HallC,Prison Officer,513
HALLIDAR,User,Robert Halliday,\\karn98218\HallidaR,\\karn98218\profile$\HallidaR,Senior Officer - Karnet Prison Farm,513
HALLJ,User,Julie Hall,\\casu98264\hallj,\\casu98264\profile$\hallj,Prison Officer,513
HALLM,User,Martin Hall,,,Graduate (Associate member Tech staff),513
HALLMA,User,Margaret Hall,\\BENC_RES\HallMa,\\BENC_RES\profile$\HallMa,Student,513
HALLR,User,Robert Hall,\\alba98266\hallr,\\alba98266\profile$\hallr,Senior Officer,513
HALLRO,User,Ronald Hall,\\msu98213\HallRO,\\msu98213\profile$\HallRO,FCPO,513
HALLT,User,Tammy Hall,,\\moj141srv001\data\profiles\hallt,HR Reception,513
HAMD,User,Debbie Ham,\\perc95846\hamd,\\perc95846\Profile$\hamd,Perth CBS,513
HAMDORFG,User,Greg Hamdorf,\\MOJ141SRV001\data\users\HamdorfG,\\MOJ141SRV001\data\profiles\HamdorfG,Personnel Officer,513
HAMESL,User,Linda Hames,,\\MOJ141SRV001\data\profiles\HamesL,Personnel Services Officer,513
HAMESP,User,Phillip Hames,\\CASU98264\HamesP,\\CASU98264\profile$\HamesP,Medical Practitioner - Casuarina,513
HAMILTOO,User,Rose Hamilton,\\JOOC98201\Hamiltoo,\\JOOC98201\profile$\Hamiltoo,CCO,513
HAMLETC,User,Colin Hamlet,,,JJ Carnarvon,66049
HAMMERSA,User,Anne Hammersley,\\jardomddig1\HammersA,\\jardomddig1\profile$\HammersA,Admin Assistant - Health Services,513
HAMPSOGA,User,Gary B Hampson,\\banj98227\hampsoga,\\banj98227\profile$\hampsoga,Groupworker - Banksia Hill,513
HAMPSOJO,User,Jo Hampson,\\eago98223\HampsoJo,\\eago98223\profile$\HampsoJo,Prison Officer,513
HAMPSONE,User,Erica Hampson,\\perc95846\hampsone,\\perc95846\profile$\hampsone,A/CCO,513
HAMPSONG,User,Gary Hampson,\\eago98223\HampsonG,\\eago98223\profile$\HampsonG,Prison Officer,513
HAMPSONP,User,Pam Hampson,\\bunc98216\HampsonP,\\bunc98216\profile$\HampsonP,A/JJO ,513
HAMPSONS,User,Steven Hampson,\\msu98213\HampsonS,\\msu98213\profile$\HampsonS,Prison Officer,513
HAMSP,User,Peter Hams,\\norc98226\hamsp,\\norc98226\profile$\hamsp,A/CCO - Northam,513
HANCOCKDE,User,Denise Hancock,\\wsq98263\HancockDe,\\wsq98263\profile$\HancockDe,Clerical Officer - Riverbank,513
HANCOCKG,User,Geoff Hancock,\\pard98214\HancockG,\\pard98214\profile$\HancockG,Industrial Officer,513
HANCOCKJ,User,Jill Hancock,\\pard98214\HancockJ,\\pard98214\profile$\HancockJ,Nurse,513
HANCOCKJE,User,Jean Hancock,\\ranj98224\HancockJE,\\ranj98224\profile$\HancockJE,Group Worker,513
HANDK,User,Kerry Hand,\\MOJ141SRV001\data\users\HandK,\\MOJ141SRV001\data\profiles\HandK,Work Experience,513
HANDSR,User,Robert Hands,\\msu98213\HandsR,\\msu98213\profile$\HandsR,Prison Officer,513
HANLONP,User,P Hanlon,,,???????????,66049
HANLONR,User,Robert Hanlon,\\midc98212\HanlonR,\\midc98212\profile$\HanlonR,SCCO,513
HANNAHGR,User,Greg Hannah,\\ROCC98222\HannahGr,\\ROCC98222\profile$\HannahGr,Police Officer,513
HANNANV,User,Vern Hannan,\\cann98265\HannanV,\\cann98265\profile$\HannanV,Senior Officer,513
HANNELLK,User,Karen Hannelly,\\perc95846\hannellk,\\perc95846\profile$\hannellk,Perth CBS Users,513
HANRAHAL,User,Lee Hanrahan,,,Contracts and Services,66049
HANRAHALE,User,Lee Hanrahan,\\cann98265\HanrahaLe,\\cann98265\profile$\HanrahaLe,Prison Officer,513
HANSENG,User,Glenys Hansen,\\mirc98215\hanseng,\\mirc98215\profile$\hanseng,Mirrabooka CBC user,513
HANSENL,User,Lisa Hansen,,,Win311 - Snr Court Officer,66049
HANSENO,User,Owen Hansen,\\casu98264\hanseno,\\casu98264\profile$\hanseno,Prison Support Officer Health,513
HANSENS,User,Sean Hansen,\\banj98227\HansenS,\\banj98227\Profile$\HansenS,Clerical Officer,513
HANSRAA,User,Amarjit Hansra,\\casu98264\hansraa,\\casu98264\profile$\hansraa,Prison Officer,513
HARBORDS,User,Suzanne Harbord,\\albc98211\Harbords,\\albc98211\profile$\Harbords,Admin Assistant-98414811,513
HARBUTTI,User,Ian Harbutt,\\bunc98216\HarbuttI,\\bunc98216\profile$\HarbuttI,SCCO,513
HARDIEB,User,Bruce Hardie,\\cann98265\HardieB,\\cann98265\profile$\HardieB,Industrial Officer,513
HARDIEG,User,Garry Hardie,,,Clerk Of Courts,513
HARDINGC,User,Chris Harding,,\\clc95896\hardingc,Judicial Support Officer,513
HARDINGF,User,Fiona Harding,,\\mojfcsrv001\data\profiles\Hardingf,A/Supervising Court Officer,513
HARDINGL,User,Len Hardingham,\\eago98223\hardingl,\\eago98223\profile$\hardingl,Prison Officer - Eastern Goldfields,513
HARDINGN,User,Neil Harding,,\\midlcrtibm1\hardingn,Clerk of the Court,513
HARDINGV,User,Vanessa Harding,\\CLC95896\data\users\HardingV,\\CLC95896\data$\roaming\HardingV,Project Administrator,513
HARDWICR,User,Robert Hardwick,\\woor98267\HardwicR,\\woor98267\profile$\HardwicR,Industrial Officer,513
HARDYC,User,Christopher Hardy,\\GREE98261\hardyc,\\GREE98261\profile$\hardyc,Greenough Prison Prison Officer,513
HARDYN,User,Neil Hardy,\\GREE98261\hardyn,\\GREE98261\profile$\hardyn,Greenough Prison Cook Instructor,513
HARGREAG,User,Glen Hargreaves,\\cann98265\HargreaG,\\cann98265\profile$\HargreaG,Prison Officer,513
HARJANIJ,User,Joy Harjani,\\wsq98263\harjanij,\\wsq98263\profile$\harjanij,Clerical Officer,513
HARLANDC,User,Christopher Harland,,,FER - Information Officer,513
HARLEYJ,User,John Harley,\\cann98265\Harleyj,\\cann98265\profile$\harleyj,Pharmacist - Do not Disable - Ken C.,513
HARLOWP,User,Phil Harlow,,,Acacia Prison Contract Manager,66049
HARMANA,User,Alan Harman,\\cann98265\HarmanA,\\cann98265\profile$\HarmanA,Prison Officer,513
HARMANC,User,Clasina Harman,,\\mojfcsrv001\data\profiles\harmanc,Family Court of WA,513
HARMSA,User,Alan Harms,\\casu98264\harmsa,\\casu98264\profile$\harmsa,Prison Officer,513
HARPERA,User,Alan Harper,\\albc98211\harpera,\\albc98211\profile$\harpera,JJO,513
HARPERC,User,Christopher Harper,\\msu98213\HarperC,\\msu98213\profile$\HarperC,Prison Officer,513
HARPERD,User,Dianne Shirley Harper,\\perc95846\harperd,\\perc95846\profile$\harperd,Milligan Island CBS User,513
HARPERS,User,Stuart Harper,\\RANJ98224\HarperS,\\RANJ98224\profile$\HarperS,Group Worker,513
HARRINGJ,User,Jan Harrington,,,JJD JJ Officer,66049
HARRINGJA,User,Jan Harrington,\\mirc98215\HarringJa,\\mirc98215\profile$\HarringJa,CCO,513
HARRINGS,User,Samantha Harring,\\gerc98200\harrings,\\gerc98200\profile$\harrings,Geraldton CBS CCO,513
HARRISC,User,Craig Harris,\\GREE98261\harrisc,\\GREE98261\profile$\harrisc,Greenough Prison Prison Officer,513
HARRISD,User,David Harris,,\\moj141srv001\data\profiles\harrisd,Public Affairs Journalist,513
HARRISDE,User,Deborah Harris,\\norc98226\harrisde,\\norc98226\profile$\harrisde,Northam CBS Admin Assistant,513
HARRISK,User,Karen Harris,\\casu98264\harrisk,\\casu98264\profile$\harrisk,Forensic Case Manager,513
HARRISLE,User,Leslie Harrison,\\perc95846\harrisle,,Consutlant Psychologist,513
HARRISN,User,Narrell Harris,,,Support Officer,513
HARRISOC,User,Colin Harrison,\\cann98265\HarrisoC,\\cann98265\profile$\HarrisoC,Prison Officer,513
HARRISOG,User,Gary Harrison,\\casu98264\harrisog,\\casu98264\profile$\harrisog,Prison Officer,513
HARRISOL,User,Leonie Harrison,\\cann98265\HarrisoL,\\cann98265\profile$\HarrisoL,A/Personnel Officer,513
HARRISONL,User,Louise Harrison,,\\moj141srv001\data\profiles\harrisonl,Data Entry Officer,513
HARRISOR,User,Robert Harrison,\\cann98265\HarrisoR,\\cann98265\profile$\HarrisoR,FCPO,513
HARRISS,User,Shireen Harris,,\\clc95896\harriss,Office Clerk,66049
HARRISSA,User,Sally Harris,\\RIVE_RES\HarrisSa,\\RIVE_RES\profile$\HarrisSa,Prison Officer,513
HARRISW,User,Wayne Harris,\\msu98213\HarrisW,\\msu98213\profile$\HarrisW,Senior Officer,513
HARROLDD,User,David Harrold,,,PCO Office Systems,66049
HARTH,User,Helen Hart,,\\mojopasrv001\data\profiles\harth,Admin Officer - OPA,513
HARTILLR,User,Ray Hartill,\\cann98265\HartillR,\\cann98265\profile$\HartillR,FCPO,513
HARTK,User,Karla Hart,\\vsssrv\hartk,\\vsssrv\profiles$\hartk,Admin Trainee,513
HARTL,User,Lisa Hart,,\\moj141srv001\data\profiles\hartl,HR Personnel,513
HARTM,User,Marree Hart,,\\MOJOPASRV001\data\profiles\HartM,Investigator,513
HARTR,User,Ron Hart,\\band98268\hartr,\\band98268\profile$\hartr,Prison Officer,513
HARTROB,User,Robert Hart,\\benc_res\hartrob,\\benc_res\profile$\hartrob,Youth Worker,513
HARVEYA,User,Amanda Harvey,\\banj98227\harveya,\\banj98227\profile$\harveya,Clerical Officer,513
HARVEYC,User,Christine Harvey,\\perc95846\harveyc,\\perc95846\profile$\harveyc,Milligan CBS Clerical Officer,513
HARVEYL,User,Lee Harvey,,,PCO,513
HARVEYR,User,Robert Harvey,\\WSQ98263\Harveyr,,Level 12 OM Exec Executive Director,513
HARVEYS,User,Susan Harvey,\\jardomddig1\harveys,\\jardomddig1\profile$\harveys,Correspondence Officer,513
HARVEYV,User,Vincent Harvey,\\casu98264\harveyv,\\casu98264\profile$\harveyv,Prison Officer - Casuarina,513
HARWOOD1,User,Chelsie Harwood,\\GERC98200\Harwood1,\\GERC98200\profile$\Harwood1,A/JJO,513
HARWOODC,User,Christine Harwood,\\ranj98224\HarwoodC,\\ranj98224\profile$\HarwoodC,JJO,513
HARWOODT,User,Timothy Harwood,\\albc98211\Harwoodt,\\albc98211\profile$\Harwoodt,WOO,513
HASELDIS,User,Susanne Haseldine,\\band98268\haseldis,\\band98268\profile$\haseldis,Prison Officer,513
HASHIMS,User,Siti Aishah Hashim,,,JJD JJ Officer,66049
HASKINSJ,User,Jeffrey Haskins,\\casu98264\haskinsj,\\casu98264\profile$\haskinsj,Industrial Officer,513
HASSELLC,User,Christine Hassell,\\alba98266\hassellc,\\alba98266\profile$\hassellc,Prison Officer,513
HASSONJ,User,Julie Hasson,\\casu98264\hassonj,\\casu98264\profile$\hassonj,Psychologist,513
HASSONY,User,Yvonne Hasson,\\NORC98226\HassonY,\\NORC98226\profile$\HassonY,Work Order Officer,513
HASTINGT,User,Thomas Hastings,,\\clc95896\HastingT,Local Court Officer,513
HATCHC,User,Craig Hatch,\\MOJ141SRV001\HatchC,\\MOJ141SRV001\data\profiles\HatchC,Oracle Trainer,513
HATCHETD,User,Douglas Hatchett,\\bunb98262\hatchetd,\\bunb98262\profile$\hatchetd,Clinical Supervisor - Bunbury,513
HATCHH,User,Harvey Hatch,,,VSS,513
HATCHM,User,Matthew Hatch,\\casu98264\hatchm,\\casu98264\profile$\hatchm,Probationery Prison Officer,513
HATTONM,User,Maureen Hatton,,\\mojfcsrv001\data\profiles\HattonM,Family Court Magistrates chambers,513
HATWELLR,User,Robert Hatwell,\\casu98264\hatwellr,\\casu98264\profile$\hatwellr,Prison Officer,513
HAUCKC,User,Carla Hauck,\\manc98219\hauckc,\\manc98219\profile$\hauckc,Mandurah CBS,513
HAWESD,User,Darren Hawes,\\pard98214\HawesD,\\pard98214\profile$\HawesD,Prison Officer - disabled 4/7,515
HAWKERJ,User,Janine Hawker,,\\mojopasrv001\data\profiles\hawkerj,Guardian,513
HAWKES,User,Sasha Hawke,\\ranj98224\hawkes,\\ranj98224\profile$\hawkes,clerical - rangeview,513
HAWKINSS,User,Sharon Hawkins,\\PERC95846\HawkinsS,\\PERC95846\profile$\HawkinsS,Social Work Student,513
HAWLEYP,User,Peter Hawley,\\karn98218\HawleyP,\\karn98218\profile$\HawleyP,Transport Officer,513
HAWTHORN,User,Nigel Hawthorne,\\cann98265\HawthorN,\\cann98265\profile$\HawthorN,Prison Officer,513
HAWTHORT,User,Thomas Hawthorne,,,Snr Crt Off \\rocc98222\data\profiles\HawthorT,513
HAYCATH,User,Catherine Hay,,\\mojgabsrv01\profile$\HayCath,GAB - Receptionist,513
HAYDENB,User,Ben Hayden,\\perc95846\haydenb,\\perc95846\profile$\haydenb,Perth CBS,513
HAYDENC,User,Clive  Hayden,\\ranj98224\haydenc,\\ranj98224\profile$\haydenc,Groupworker - Rangeview Remand,513
HAYDENCH,User,Chris Hayden,,\\milligansrv\profiles$\haydench,Education - Perth CBS,66049
HAYDENCR,User,Craig Hayden,\\eago98223\HaydenCr,\\eago98223\profile$\HaydenCr,Prison Officer,515
HAYESC,User,Cein Hayes,\\ranj98224\hayesc,\\ranj98224\profile$\hayesc,Personal Assistant,513
HAYESL,User,Lola Hayes,\\MADC98210\HayesL,\\MADC98210\profile$\HayesL,student,513
HAYESM,User,Mia Hayes,\\woor98267\HayesM,\\woor98267\profile$\HayesM,A/Snr Prog. Officer,513
HAYLESM,User,Michael Hayles,\\ranj98224\HaylesM,\\ranj98224\profile$\HaylesM,Senior Officer,515
HAYNESL,User,Laurie Haynes,\\banj98227\HaynesL,\\banj98227\profile$\HaynesL,Clinical Psychologist,513
HAYP,User,Patrick Hay,\\karn98218\HayP,\\karn98218\profile$\HayP,Senior Officer,513
HAYSM,User,Melani Hays,,\\rocc98222\data\profiles\HaysM,Court Officer - Rockingham - KenC no expire,66049
HAYWARDB,User,Bonnie Hayward,\\mojvppsrv01\haywardb,\\mojvppsrv01\profile$\haywardb,Group Worker ,513
HAYWARDM,User,Margaret Hayward,\\ALBA98266\HaywardM,\\ALBA98266\profile$\HaywardM,Registered Nurse,513
HAYWARDV,User,Veronica Hayward,,,JP / Senior Floor Attendant,513
HAZEBROM,User,Melanie Hazebroek,\\JOOC98201\HazebroM,\\JOOC98201\data\profiles\HazebroM,A/JJO,513
HDPROD,User,Helpdesk Messaging Server,,,,66049
HDTOMS,User,Help Desk TOMS sample login,\\wsq98263\hdtoms,\\wsq98263\profile$\hdtoms,Training purposes login- MK - Disabled 29/03/200,515
HEADA,User,Alex Head,,,Parlimentary Counsel Office,513
HEADJ,User,Johnathon Head,\\casu98264\headj,\\casu98264\profile$\headj,Prison Officer,513
HEALYPA,User,Paul Healy,\\moj141srv001\data\users\healypa,\\moj141srv001\data\profiles\healypa,CSC SOE Design ,513
HEANEYP,User,Paul Heaney,,,Magistrates,66049
HEARNEB,User,Brian Hearne,,,Performance Management,66051
HEARNJ,User,Judy Hearn,\\BUNC98216\HearnJ,\\BUNC98216\profile$\HearnJ,JJO,513
HEARTH,User,hellen heart,\\benc95807\herthW$,\\benc95807\hearthP$,Nyandi clerical officer,513
HEATHC,User,Carolanne Heath,\\band98268\heathc,\\band98268\profile$\heathc,Prison Officer,513
HEATHL,User,Lesley Heath,,,HR Information,66049
HEATHM,User,Mark Heath,,\\moj141srv001\data\profiles\heathm,CSC - Help Desk Analyst,513
HEATHS,User,Steven Heath,,,Magistrates,66049
HEBBARDG,User,Grant Hebbard,,\\clc95896\hebbardg,Recoveries Supervisor,513
HEBERLEC,User,Cheryl Heberle,\\jurysrv\heberlec,,Sheriff Office Worker,66049
HEDGESE,User,Eric Hedges,\\casu98264\hedgese,\\casu98264\profile$\hedgese,Prison Officer,513
HEDGESJ,User,John Hedges,\\band98268\hedgesj,\\band98268\profile$\hedgesj,A/ASOM,513
HEDGESJA,User,Jackie Hedges,\\woor98267\HedgesJa,\\woor98267\profile$\HedgesJa,Assist. HR Officer,513
HEELANP,User,Peter Heelan,\\casu98264\heelanp,\\casu98264\profile$\heelanp,Probationery Prison Officer,513
HEELANS,User,Samantha Heelan,\\GREE98261\heelans,\\GREE98261\profile$\heelans,Greenough Prison Receptionist,515
HEFFERD,User,David Heffer,\\cann98265\HefferD,\\cann98265\profile$\HefferD,Senior Officer,513
HEFFERNC,User,Claire Heffernan,\\wsq98263\HeffernCl,,JJ Officer, Mt Lawley CBS,66049
HEFFERNCL,User,Claire Heffernan,\\wsq98263\HeffernCl,\\wsq98263\profiles$\HeffernCl,JJO,513
HEGGIEP,User,Patricia Heggie,\\MOJ141SRV001\data\users\HeggieP,\\MOJ141SRV001\data\profiles\HeggieP,Librarian,513
HEGNEYL,User,Leanne Hegney,\\midc98212\HegneyL,\\midc98212\profile$\HegneyL,A/CCO,513
HEILERSL,User,Linda Heilers,\\ALBC98211\HeilersL,\\ALBC98211\profile$\HeilersL,Sessional Supervisor,513
HELLIWEJ,User,Jeannie Helliwell,\\band98268\helliwej,\\band98268\profile$\helliwej,Nursing Staff,513
HELLIWET,User,Tina Helliwell,\\woor98267\HelliweT,\\woor98267\profile$\HelliweT,Typist,513
HELLRIEM,User,Margie Hellriegel,\\band98268\hellriem,\\band98268\profile$\hellriem,Gardens Officer,513
HELLWIGL,User,Leonie Hellwig,\\band98268\hellwigl,\\band98268\profile$\hellwigl,Registered Nurse,513
HELPDESK,User,Helpdesk account for MOJ_MASTER doamin,,,,66049
HEMPSALA,User,Assumption (Assy) Hempsall,\\perc95846\hempsala,\\perc95846\profile$\hempsala,Perth CBS,513
HENDERGA,User,Gary Henderson,\\woor98267\HenderGa,\\woor98267\profile$\HenderGa,Industrial Officer,513
HENDERSB,User,Billie Henderson,\\PORC500036\HendersB,\\PORC500036\profile$\HendersB,Administration Officer,513
HENDERSC,User,Dr Chris Henderson,\\wsq98263\hendersc,,Director Health Services,513
HENDERSG,User,Graeme Henderson,\\pard98214\HendersG,\\pard98214\profile$\HendersG,Industrial Officer,513
HENDERSJ,User,James Henderson,\\casu98264\hendersj,\\casu98264\profile$\hendersj,Prison Officer,513
HENDERSM,User,Michael Henderson,\\cann98265\hendersm,\\cann98265\profile$\hendersm,Prison Officer,513
HENDERSP,User,Peter Henderson,,\\MOJ141SRV001\data\profiles\HendersP,Personnel Officer,513
HENDERST,User,Tracy Henderson,\\clc95896\henderst$,\\clc95896\henderst,Courts Management -  10th Floor May Holman,513
HENDRICE,User,Erika Hendrick,,\\opa96706\roaming\hendrice,OPA,66049
HENNIGAN,User,Nora Hennigan,\\Casu98264\hennigan,\\Casu98264\profile$\hennigan,Casuarina Prison Officer,513
HENRYG,User,Glen Henry,\\alba98266\henryg,\\alba98266\profile$\henryg,Prison Officer - Albany Regional Prison,513
HENRYK,User,Kerry Henry,\\jardomddig1\henryk,\\jardomddig1\profile$\henryk,Prison Supprt Officer,513
HENSHAWS,User,Sophie Henshaw,\\CANN98265\HenshawS,\\CANN98265\profile$\HenshawS,Forensic Case Manager,513
HERBERTC,User,Carolyn Herbert,\\GREE98261\herbertc,\\GREE98261\profile$\herbertc,Greenough Prison Prison Officer,513
HERRERAV,User,Veronica Herrera,\\midc98212\HerreraV,\\midc98212\profile$\HerreraV,A/JJO,513
HERWEYNJ,User,Jacqueline (Jackie) Herweynen,\\casu98264\herweynj,\\casu98264\profile$\herweynj,Hospital Officer,513
HESTERA,User,Anna Hester,\\MOJ141SRV001\data\users\HesterA,\\MOJ141SRV001\data\profiles\HesterA,Personnel Officer,513
HESTERJ,User,John Hester,,\\moj141srv001\data\profiles\HesterJ,A/Senior Contracts Officer,513
HEWITTB,User,Barbara Hewitt,\\CANN98265\data\users\HewittB,\\CANN98265\data\profiles\HewittB,Education Clerk - Hakea,513
HEWITTC,User,Catherine Hewitt,\\CLC95896\HewittC$,\\CLC95896\HewittC,Supervisor - Registry,513
HEWITTL,User,Lisa Hewitt,\\perc95846\hewittl,\\perc95846\profile$\hewittl,Community Corrections Officer,513
HEWITTR,User,Richard Hewitt,\\band98268\hewittr,\\band98268\profile$\hewittr,Industrial Officer,513
HEWSONP,User,Peter Hewson,,,Contractor/Developer,66049
HEYESD,User,Duncan Heyes,\\bunb98262\HeyesD,\\bunb98262\profile$\HeyesD,Prison Officer,513
HEYWOODP,User,Pamela Heywood,\\CANN98265\HeywoodP,\\CANN98265\profile$\HeywoodP,Acting Student Services Officer,513
HIBBLES,User,Simon Hibble,\\ranj98224\HibbleS,\\ranj98224\profile$\HibbleS,Group Worker,513
HICKEYD,User,Dearnne Hickey,,,JJ Pt Hedland,66049
HICKEYDE,User,De-arnne Hickey,\\mirc98215\HickeyDe,\\mirc98215\profile$\HickeyDe,SJJO,513
HICKEYJ,User,John Hickey,\\cann98265\HickeyJ,\\cann98265\profile$\HickeyJ,Senior Officer - CW Remand,513
HICKEYL,User,Lyn Hickey,\\perc95846\hickeyl,\\perc95846\profile$\hickeyl,SOTU,513
HICKLINS,User,Steve Hickling,\\cann98265\HicklinS,\\cann98265\profile$\HicklinS,Industrial Officer,513
HICKSA,User,Allison Hicks,,,Receptionist - Criminal Injuries,66049
HICKSJ,User,John Hicks,,\\mojgabsrv01\profile$\HicksJ,GAB,513
HICKSM,User,Melvyn Hicks,\\banj98227\hicksm,\\banj98227\profile$\hicksm,Group Worker,513
HICKSP,User,Pauline Hicks,\\albc98211\Hicksp,\\albc98211\profile$\Hicksp,SCCO,513
HICKSS,User,Shelly Hicks,\\perc95846\HicksS,\\perc95846\profile$\HicksS,Programs Officer,513
HIDDLES,User,Stephen Hiddle,\\banj98227\hidles,\\banj98227\profile$\hidles,Acacia - Group Worker,66049
HIDED,User,David Hide,\\casu98264\hided,\\casu98264\profile$\hided,Assistant Superintendent,513
HIGGINSB,User,Barbara Higgins,\\karn98218\HigginsB,\\karn98218\profile$\HigginsB,FCPO - Karnet Prison Farm,513
HIGGINSG,User,Gaynor Higginson,,\\ccou98209\higginsg,Senior Info Officer,66049
HIGHAMK,User,Kelly Higham,\\banj98227\highamk,\\banj98227\profile$\highamk,Group Worker,513
HIGHFIEA,User,Ann Highfield,\\mojvppsrv01\HighfieA,\\mojvppsrv01\profile$\HighfieA,Admin Assist,513
HILDITCM,User,Mark Hilditch,\\WSQ98263\HilditcM,\\WSQ98263\profile$\HilditcM,A / Managing Law Clerk,513
HILLANR,User,Roger Hillan,\\midc98212\HillanR,\\midc98212\profile$\HillanR,A/CCO,513
HILLC,User,Charles Hill,\\casu98264\hillc,\\casu98264\profile$\hillc,Prison Officer,513
HILLF,User,Fred Hill,\\bunb98262\HillF,\\bunb98262\profile$\HillF,Senior Officer - Bunbury Regional Prison,513
HILLG,User,Gail Hill,\\casu98264\HillG,\\casu98264\profile$\HillG,Prison Support Officer,513
HILLIERB,User,Belinda Hillier,\\ranj98224\HillierB,\\ranj98224\profile$\HillierB,Group Worker,513
HILLL,User,Lynette Hill,,\\mojfcsrv001\data\profiles\HillL,Family Court Counselling,513
HILLS,User,Stephen Hill,,\\moj141srv001\data\profile\HillS,Contractor - Solution 6,513
HILLSJ,User,Joanne Hills,,,Records,66049
HILLSYV,User,Yvonne Hills,\\midc98212\HillsYv,\\midc98212\profile$\HillsYv,Clerical Officer,513
HILLT,User,Tania Hill,\\norc98226\hillt,\\norc98226\profile$\hillt,Northam CBS WOO,513
HILTONKA,User,Karen Hilton,\\porc500036\hiltonka,\\porc500036\profile$\hiltonka,Port Headland User,513
HILTONM,User,Margaret Hilton,\\broc98203\HiltonM,\\broc98203\profile$\HiltonM,Admin Assistant,513
HINDLEYA,User,Andrew Hindley,\\LAWC98204\HindleyA,\\LAWC98204\profile$\HindleyA,cats - disabled 01/08/01,515
HINEK,User,Hine, Kirsty,,\\moj141srv001\data\profiles\hinek,HR Employee Welfare,513
HINERENE,User,Renee Hine,\\MTLC98217\HineRene,\\MTLC98217\profile$\HineRene,A/JJO,513
HINTONP,User,Phillipa Hinton,,\\mojfcsrv001\data\profiles\HintonP,Family Court Orders,513
HIRSCHE,User,Erica Hirsch,\\ccou98209\HirschE$,\\ccou98209\HirschE,Information Officer,513
HISCOCKS,User,Stuart Hiscock,\\rive_res\hiscocks,\\rive_res\profile$\hiscocks,Riverbank Prison Senior Officer,513
HITCHCON,User,Norm Hitchcock,\\band98268\hitchcon,\\band98268\profile$\hitchcon,Senior Officer,513
HOBBSG,User,Gaynor Hobbs,\\perc95846\hobbsg,\\perc95846\profile$\hobbsg,Senior Program Officer,513
HOCKEYI,User,Ian Hockey,\\cann98265\HockeyI,\\cann98265\profile$\HockeyI,Prison Officer,513
HOCKINGP,User,Phil Hocking,\\rive_res\hockingp,\\rive_res\profile$\hockingp,Riverbank Prison Officer,513
HODGEA,User,Archie Hodge,\\alba98266\hodgea,\\alba98266\profile$\hodgea,Senior Officer,513
HODGES,User,Sue Hodge,,,PA,  Asset Management, Corporate Services,66049
HODGESJ,User,John Hodges,\\clc95896\hodgesj$,\\clc95896\hodgesj,Guardian,513
HODGETTM,User,Melvin Hodgetts,\\casu98264\hodgettm,\\casu98264\profile$\hodgettm,Prison Officer,513
HODGKINR,User,Russell Hodgkin,\\casu98264\hodgkinr,\\casu98264\profile$\hodgkinr,Prison Officer,513
HODGSONT,User,Tanya Hodgson,,,VSS Counselor,513
HODSONS,User,Steven Hodson,\\woor98267\HodsonS,\\woor98267\profile$\HodsonS,Industrial Officer,513
HOEYE,User,Elizabeth Hoey,,\\mojfcsrv001\data\profiles\HoeyE,Family Court Judges chambers,513
HOFFMANK,User,Karin Hoffmann,,\\moj141srv001\data\profiles\hoffmank,RGO,513
HOFFMANN,User,Nigel Hoffmann,\\KALC98221\HoffmanN,\\KALC98221\profile$\HoffmanN,Officer,513
HOFMEESC,User,Carol Hofmeester,\\jardomddig1\HofmeesC,,OM P.I.P.,513
HOFSTEEM,User,Marian Hofstee,\\benc_res\hofsteem,\\benc_res\profile$\hofsteem,ASPM,513
HOGANL,User,Liane Hogan,,,Contractor Level 18 9264-1383,66049
HOGANM,User,Mark Hogan,\\casu98264\hoganm,\\casu98264\profile$\hoganm,Prison Officer,513
HOGANP,User,Pamela Hogan,,\\clc95896\hoganp,Magistrate,66049
HOLBORNJ,User,James Holborn,\\casu98264\holbornj,\\casu98264\profile$\holbornj,Prison Officer,513
HOLDENM,User,Justice Michael Holden,,,Family Court Judge's Chambers,513
HOLDENR,User,Ronald Holden,\\casu98264\holdenr,\\casu98264\profile$\holdenr,Prison Officer,513
HOLDOMC,User,Cliff Holdom,\\BANJ98227\holdomc,\\BANJ98227\Profile$\holdomc,Manager, Case Plan,513
HOLDSWOG,User,Guy Holdsworth,\\kill98208\holdswog,\\kill98208\Profile$\holdswog,Killara Support Services Case Worker,513
HOLKERG,User,Gavyn Holker,,,Supervising Court Officer - Geraldton,513
HOLLANDC,User,Cheryl Holland,,\\moj141srv001\data\profiles\hollandc,Finance - 3 rd Flr,513
HOLLANDD,User,Doug Holland,,,Database Administrator,513
HOLLANDG,User,Geoffrey Hollands,,\\mojfcsrv001\data\profiles\HollandG,Family Court Projects,513
HOLLANDJ,User,Jane Holland,\\CANN98265\HollandJ,\\CANN98265\data\profiles\HollandJ,Hospital Officer,513
HOLLANDS,User,Sharon-Lee Holland,\\benc_res\hollands,\\benc_res\profile$\hollands,Bentley CBS User,513
HOLMESB,User,Beulah Holmes,,,Admin Assistant - Mirrabooka,515
HOLMESBE,User,Beulah Holmes,\\mirc98215\HolmesBe,\\mirc98215\profile$\HolmesBe,A/ADMIN ASSIST.,513
HOLMESC,User,Chris Holmes,\\alba98266\holmesc,\\alba98266\profile$\holmesc,FCPO,513
HOLMESCA,User,Carol Holmes,\\MOJVPPSRV01\HolmesCa,\\MOJVPPSRV01\profile$\HolmesCa,Aboriginal Support Worker,513
HOLMESJ,User,Julie Holmes,,,Clerk of Petty Sessions,513
HOLMESM,User,Michael Holmes,\\gree98261\holmesm,\\gree98261\profile$\holmesm,Cook Instructor,513
HOLMESMI,User,Michelle Holmes,,\\mojgabsrv01\profile$\HolmesMi,GAB - Records Officer,513
HOLTB,User,Barry Holt,\\alba98266\holtb,\\alba98266\profile$\holtb,FCPO,513
HOLTD,User,David Holt,\\casu98264\holtd,\\casu98264\profile$\holtd,FCPO,513
HOLTS,User,Sue Holt,\\wsq98263\HoltS,,Coronial Inquiries,513
HOLWERDP,User,Peter Holwerda,\\cann98265\HolwerdP,\\cann98265\profile$\HolwerdP,Prison Officer,513
HOMEWOOB,User,Brian Homewood,\\casu98264\homewoob,\\casu98264\profile$\homewoob,Prison Officer,513
HONESSD,User,Desmond Honess,\\cann98265\HonessD,\\cann98265\profile$\HonessD,Prison Officer,513
HOODM,User,Michael Hood,\\casu98264\hoodm,\\casu98264\profile$\hoodm,Prison Officer,513
HOODP,User,Peter Hood,\\GREE98261\hoodp,\\GREE98261\profile$\hoodp,Greenough Prison Industrial Officer,513
HOOKERR,User,Richard Hooker,,,CSO Records,66049
HOOKHAMJ,User,Jeffrey Hookham,\\BUNb98262\HookhamJ,\\BUNb98262\data\profiles\HookhamJ,Prison officer,513
HOOKM,User,Michael Hook,,\\moj141srv001\data\profiles\hookm,Registrar General's Office,513
HOOKP,User,Philip Hook,\\casu98264\hookp,\\casu98264\profile$\hookp,Prison Officer,513
HOOTTONT,User,Tracy Hootton,\\LAWC98204\HoottonT,\\LAWC98204\profile$\HoottonT,Snr Crt Officer,513
HOPEA,User,Alastair Hope,,,State Coroner,513
HOPED,User,Doug Hope,\\woor98267\HopeD,\\woor98267\profile$\HopeD,Prison Officer,513
HOPEW,User,Wayne Hope,,\\moj141srv001\data\profiles\hopew,CSC SOE Project Team Leader,513
HOPKINSC,User,Carole Hopkins,,\\mojfcsrv001\data\profiles\HopkinsC,Family Court Counselling,513
HORNBYJ,User,James Hornby,\\casu98264\hornbyj,\\casu98264\profile$\hornbyj,Industrial Officer,513
HORNED,User,David Horne,\\msu98213\HorneD,\\msu98213\profile$\HorneD,Prison Officer,513
HORNET,User,Tracy Horne,\\wsq98263\HorneT,\\wsq98263\profiles$\HorneT,Finance Officer,513
HORNET1,User,Tracy Horne,,,Finance Officer - Courts,513
HORRELBV,User,Victor Horrelbrink,,\\mojfcsrv001\data\profiles\HorrelbV,Family Court Projects,513
HORTONS,User,Steve Horton,\\bunb98262\HortonS,\\bunb98262\profile$\HortonS,Prison Officer,513
HOS,User,Stephen Ho,\\perc95846\hos,\\perc95846\profile$\hos,Milligan CBS Clerical Officer,513
HOSGOODS,User,Simone Hosgood,\\mtlc98217\hosgoods,\\mtlc98217\profile$\hosgoods,CCO - Mtl Lawley CBC,513
HOSIEJ,User,James Hosie,\\vsssrv\Hosiej,\\vsssrv\profiles$\Hosiej,WSQ,513
HOSIER,User,Rob Hosie,,\\mojgabsrv01\profile$\hosier,GAB - Courts - had hosier.bat,513
HOSIES,User,Scott Hosie,,\\moj141srv001\data\profiles\hosies,ARMS 16th floor, 9264-1127,513
HOSKINGS,User,Sandra Hosking,,\\moj141srv001\data\profiles\hoskings,HR Personnel,513
HOSSZUF,User,Frank Hosszu,\\jardomddig1\hosszuf,\\jardomddig1\Profile$\hosszuf,Records - Jardine House,513
HOT,User,Teresa Ho,\\wsq98263\hot,\\wsq98263\profile$\hot,OM JJ_Custodial,513
HOUNSLON,User,Natasha Hounslow,\\gree98261\hounslon,\\gree98261\profile$\hounslon,Prison Officer - Greenough Prison,513
HOWARDK,User,Kerry Howard,\\casu98264\HowardK,\\casu98264\profile$\HowardK,Clerical Officer,513
HOWARDPA,User,Paul Howard,\\karn98218\HowardPa,\\karn98218\profile$\HowardPa,Prison Officer - Karnet,513
HOWARTHC,User,Colin Howarth,,,Contractor - ISD,513
HOWEA,User,Andrew Howe,\\cann98265\HoweA,\\cann98265\profile$\HoweA,Prison Officer,513
HOWELLP,User,Penny Howell,\\MOJ141SRV001\data\users\HowellP,\\MOJ141SRV001\data\profiles\HowellP,HR Consultant,513
HOWES,User,Susan Howe,,\\mojfcsrv001\data\profiles\HoweS,Family Court Records,513
HOWET,User,Timothy Howe,\\GREE98261\HoweT,\\GREE98261\profile$\HoweT,Registered Nurse,513
HOWLEP,User,Pamela Howle,\\ROEB98205\data\users\HowleP,\\ROEB98205\data\profiles\HowleP,FCMT - Roebourne,513
HOWORTHH,User,Helen Howorth,\\casu98264\howorthh,\\casu98264\profile$\howorthh,Hospital Officer,513
HOWSONA,User,Anthony Howson,\\rocc98222\HowsonA,,Manager Mandurah,513
HOYLED,User,David Hoyle,\\banj98227\hoyled,\\banj98227\profile$\hoyled,Group Worker,513
HOYT,User,Tony Hoy,,\\mojfcsrv001\data\profiles\HoyT,Family Court Orders,513
HP-OVE-USER,User,HP-OVE-User,,,VantagePoint Service Account,66049
HRLAPTOP,User,HR Laptop,,\\moj141srv001\data\profiles\HRLaptop,Generic HR Laptop Account specific for HR,66113
HUBBARDR,User,Robert Hubbard,\\cann98265\HubbardR,\\cann98265\profile$\HubbardR,Industrial Officer,513
HUBBARDV,User,Vivian Hubbard,\\cann98265\HubbardV,\\cann98265\profile$\HubbardV,Senior Officer,513
HUBBLEJ,User,Josephine Hubble,\\mtlc98217\hubblej,\\mtlc98217\profile$\hubblej,JJD JJ Officer ,513
HUDSONA,User,Allan Hudson,\\GREE98261\hudsona,\\GREE98261\profile$\hudsona,Greenough Prison Prison Officer,513
HUDSONJ,User,Jennine Hudson,\\WSQ98263\HudsonJ,\\WSQ98263\profile$\HudsonJ,Admin Officer,513
HUDSONR,User,Robert Hudson,\\casu98264\hudsonr,\\casu98264\profile$\hudsonr,Probationery Prison Officer,513
HUDSONT,User,Terry Hudson,,\\mojfcsrv001\data\profiles\HudsonT,Family Court Registry,513
HUGHESB,User,Beverley Hughes,\\clc95896\hughesb$,\\clc95896\hughesb,Admin Assistant - Perth Magistrates Court,513
HUGHESK,User,Kristie Hughes,,\\moj141srv001\data\profiles\hughesk,Indigenous Traineeship - Clerical,513
HUGHESKE,User,Keith Hughes,\\MOJ141SRV001\data\users\HughesKe,\\MOJ141SRV001\data\profiles\HughesKe,Consultant,513
HUGHESN,User,Noel Hughes,\\msu98213\hughesn,\\msu98213\profile$\hughesn,Project Co-Ordinator - TSS,513
HUGHESPE,User,Peter Hughes,,,Prison Officer,513
HUIJSG,User,Gary Huijs,\\alba98266\huijsg,\\alba98266\profile$\huijsg,FCPO,513
HUKINA,User,A Hukin,,,???????/,66049
HULLKY,User,Kylie Hull,\\CASU98264\HullKy,\\CASU98264\profile$\HullKy,Medic - Casuarina - ,513
HULMEA,User,Aurthur Hulme,\\alba98266\hulmea,\\alba98266\profile$\hulmea,Prison Officer,513
HULMEAL,User,Alan Hulme,\\cann98265\HulmeAl,\\cann98265\profile$\HulmeAl,FCPO,513
HULMED,User,David Hulme,\\karn98218\HulmeD,\\karn98218\profile$\HulmeD,Prison Officer - Karnet,513
HULMEJ,User,Josephine Hulme,\\bunb98262\hulmej,\\bunb98262\profile$\hulmej,Prison Officer,513
HULMER,User,Rob Hulme,\\bunb98262\HulmeR,\\bunb98262\profile$\HulmeR,Prison Officer,513
HUMER,User,Rishelle Hume,,\\moj141srv001\data\profiles\humer,Aboriginal Employment Officer - HR,513
HUMFREYC,User,Clay Humfrey,\\cann98265\HumfreyC,\\cann98265\profile$\HumfreyC,Prison Officer,513
HUMPHRIG,User,Gregory Humphris,\\casu98264\humphrig,\\casu98264\profile$\humphrig,Prison Officer,513
HUNAPOJ,User,Jacqueline Hunapo,\\cann98265\HunapoJ,\\cann98265\profile$\hunapoj,Prison Officer,513
HUNTA,User,Adri Hunt,\\cann98265\hunta,\\cann98265\profile$\hunta,Senior Education Officer,513
HUNTBR,User,Brett Hunt,\\msu98213\HuntBR,\\msu98213\profile$\HuntBR,Prison Officer ,513
HUNTERG,User,Geoff Hunter,,\\wsq98263\profiles\hunterg,SOE Rollout,515
HUNTERL,User,Lee Hunter,\\broo98202\HunterL,\\broo98202\profile$\HunterL,Admin Assistant, Broome Prison,513
HUNTERLO,User,Louise Hunter,\\benc_res\hunterlo,\\benc_res\profile$\hunterlo,CCO,513
HUNTERR,User,Raymond Hunter,\\cann98265\HunterR,\\cann98265\profile$\HunterR,FCPO,513
HUNTERRO,User,Ross Hunter,\\jooc98201\hunterro,\\jooc98201\profile$\hunterro,A/JJO,513
HUNTERT,User,Timothy Hunter,\\alba98266\HunterT,\\alba98266\profile$\HunterT,Prob. Officer,513
HUNTERU,User,Ross Hunter,\\JOOC98201\HunteRu,\\JOOC98201\profile$\HunteRu,A/JJO,513
HUNTJ,User,Janis Hunt,\\woor98267\huntj,\\woor98267\profile$\huntj,Registered Nurse,513
HUNTK,User,Kelly Hunt,,\\clc95896\huntk,Court Services Receptionist,513
HUNTME,User,Meridith Hunt,,\\clc95896\huntme,Supervising Court Officer, Perth,513
HUNTS,User,Sue Hunt,,,Records,66049
HUPPATZK,User,Kerry Huppatz,\\cann98265\HuppatzK,\\cann98265\profile$\HuppatzK,Prison Officer,513
HURDLEM,User,Michelle Hurdle,,,Human Resources,513
HURKALAC,User,Christopher Hurkala,\\cann98265\HurkalaC,\\cann98265\profile$\HurkalaC,Gardens Officer,513
HURKALAN,User,Narelle Hurkala,\\CANN98265\HurkalaN,\\CANN98265\profile$\HurkalaN,Data Entry Operator,513
HURLEYJ,User,John Hurley,\\ranj98224\HurleyJ,\\ranj98224\profile$\HurleyJ,Group Worker,513
HURRELLS,User,Sally Hurrell,\\bunb98262\HurrellS,\\bunb98262\profile$\HurrellS,Prison Officer,513
HURSTC,User,Colleen Hurst,,\\moj141srv001\data\profiles\hurstc,ISD 15th Library,513
HUSSEYG,User,Grant Hussey,\\eago98223\husseyg,\\eago98223\profile$\husseyg,Prison Officer - Eastern Goldfields,513
HUSSEYP,User,Paul Hussey,\\casu98264\husseyp,\\casu98264\profile$\husseyp,Prison Officer,513
HUTCHESD,User,David Hutcheson,\\rive_res\hutchesd,\\rive_res\profile$\hutchesd,Prison Officer,513
HUTCHIND,User,Denis Hutchinson,\\roeb98205\HutchinD,\\roeb98205\profile$\HutchinD,Prison Officer,513
HUTCHINM,User,Michael Hutchings,\\GREE98261\hutchinm,\\GREE98261\profile$\hutchinm,Greenough Prison Prison Officer,513
HUYNHT,User,Thu Hue Huynh,,,Courts Developer,513
HYDEH,User,Helon Hyde,,,Court Officer,513
HYDEME,User,Megan Hyde,\\rgosrv1\hydem$,\\rgosrv1\hydem,Child Witness Service,513
HYMUSHS,User,Sue Hymus-Henry,\\albc98211\hymushs,\\albc98211\profile$\hymushs,JJO,513
IACOBT,User,Titel Iacob,\\casu98264\iacobt,\\casu98264\profile$\iacobt,Prison Officer - Casuarina,513
IAN DARBY,User,,,,,66049
ICMSL1,User,ICMS Test account,,,ICMS Test account,66049
ICMSTEST,User,,,,,513
ILARDAL,User,Lisa Ilarda,,\\mojfcsrv001\data\profiles\IlardaL,Family Court Magistrates chambers,513
ILESK,User,Keith Isles,\\woor98267\ilesk,\\woor98267\profile$\isesk,I.O (Section 94),513
ILICHP,User,Peter Ilich,\\GREE98261\ilichp,\\GREE98261\profile$\ilichp,Greenough Prison FCPO,513
ILICHS,User,Silvana Ilich,,\\moj141srv001\data\profiles\ilichs,Human Resources - Corporate and Policy Team,513
ILLIANOM,User,Michelle Illiano,\\woor98267\illianom,\\woor98267\profile$\illianom,Prison Officer,513
ILOTTBR,User,Brenda Ilott,\\jooc98201\ilottbr,\\jooc98201\profile$\ilottbr,Clerical Officer,513
ILVESSH,User,Hugo Ilvess,\\alba98266\ilvessh,\\alba98266\profile$\ilvessh,Senior Officer,513
IMLAHD,User,David Imlah (Magistrate),,,Magistrate,513
INALLD,User,David Inall,\\broo98202\InallD,\\broo98202\profile$\InallD,Prison Officer,513
INCER,User,Rose Ince,,\\moj141srv001\data\profiles\incer,Accounts Payable,513
INCOURT1,User,,,,,515
INCOURT2,User,,,,,515
INDERSH,User,Hilda Inder-Smith,\\CASU98264\InderSH,\\CASU98264\profile$\InderSH,Nurse,513
INDRISIB,User,Benjamin Indrisie,,\\frec98207\indrisib,Court Officer,513
INGRAMB,User,Barry Ingram,\\cann98265\IngramB,\\cann98265\profile$\IngramB,Industrial Officer,513
INGRAMJ,User,Jeanette Ingram,\\clc95896\ingramj$,\\clc95896\ingramj,Senior Officer/Keyboard,513
INGRAMR,User,Richard Ingram,,,Consultant,513
INGRAMRO,User,Rochelle Ingram,,\\moj141srv001\data\profiles\ingramro,Team Member,513
INWOODD,User,Damian Inwood,\\ROCC98222\InwoodD,\\ROCC98222\profile$\InwoodD,Social Work Student,513
IRELANDG,User,Gary Ireland,\\ranj98224\irelandg,\\ranj98224\profile$\irelandg,Acting Manager - Resources,513
IRVINEJ,User,James Irvine,\\cann98265\IrvineJ,\\cann98265\profile$\IrvineJ,Canteen Officer,513
IRVINGB,User,Bruce Irving,\\band98268\IrvingB,\\band98268\profile$\IrvingB,Prison Officer,513
IRVINGL,User,Leisa Irving,,,HR Policy,66113
ISAACM,User,Murray Isaac,\\ranj98224\IsaacM,\\ranj98224\profile$\IsaacM,Senior Officer Sec.,513
ISAACSK,User,Ken Isaacs,\\wsq98263\isaacsk,\\jardomddig1\profile$\isaacsk,Acacia - Milligan CBS Review Officer,66049
ISARDW,User,Wade Isard,\\cann98265\isardw,\\cann98265\profile$\isardw,Prison officer,513
ITALIANC,User,Carmelo Italiano,\\MIDC98212\ItalianC,\\MIDC98212\profile$\ItalianC,Security Officer,513
ITALIANF,User,Frank Italiano,\\wsq98263\italianf,\\wsq98263\profiles$\italianf,Arts Co-Ordinator ,513
IUSR_MOJADMIN2,User,Internet Guest Account,,,Internet Server Anonymous Access,66049
IUSR_MOJFCSRV001,User,Internet Guest Account,,,Internet Server Anonymous Access,66049
IUSR_MOJVIRUS,User,,,,Internet Server Anonymous Access,66113
IUSR_STEVESADMIN,User,Internet Guest Account,,,Internet Server Anonymous Access,66049
IUSR_WSQ100320,User,,,,Internet Server Anonymous Access,66049
IVESONN,User,Nigel Iveson,\\cann98265\IvesonN,\\cann98265\profile$\IvesonN,Prison Officer,513
IVEYC,User,Colleen Ivey,\\banj98227\iveyc,\\banj98227\profile$\iveyc,Case Planning Officer,515
IVORYJ,User,Jill Ivory,\\moj141srv001\data\users\ivoryj,\\moj141srv001\data\profiles\ivoryj,Project Officer,513
IWAM_MOJFCSRV001,User,Web Application Manager account,,,Internet Server Web Application Manager identity,66049
IWAM_MOJVIRUS,User,,,,Internet Server Web Application Manager identity,66113
IWAM_STEVESADMIN,User,Web Application Manager account,,,Internet Server Web Application Manager identity,66049
IWAM_WSQ100320,User,Web Application Manager account,,,Internet Server Web Application Manager identity,66049
JABRV,User,Viviane Jabr,,\\MOJ141SRV001\data\profiles\JabrV,Research Officer,513
JACHNIEK,User,Kryzysztof Jachniewicz,\\casu98264\jachniek,\\casu98264\profile$\jachniek,Prison Officer,513
JACKB,User,Bob Jack,,,Finance - Reconciliation Officer,513
JACKBO,User,Robert Jack,\\wsq98263\jackbo,\\wsq98263\profiles$\jackbo,A/Finance Co-orinator,513
JACKSOMA,User,Margaret Jackson,,\\clc95896\jacksoma,,513
JACKSONG,User,Gerald Jackson,\\BUNb98262\JacksonG,\\BUNb98262\data\profiles\JacksonG,Prison officer,513
JACKSONJ,User,Jim Jackson,\\GREE98261\jacksonj,\\GREE98261\profile$\jacksonj,Greenough Prison Prison Officer,513
JACKSONM,User,Martin Jackson,,,Courts Directorate,66049
JACKSONS,User,Stephen Jackson,,\\moj141srv001\data\profiles\jacksons,Admin Officer - CBS Operational Training,513
JACKSOSH,User,Sharla Jackson,\\banj98227\JacksoSh,\\banj98227\Profile$\JacksoSh,Groupworker - Rangeview,513
JACOBSEL,User,Elana Jacobs,\\jooc98201\jacobsel,\\jooc98201\profile$\jacobsel,JJO - Joondalup,513
JACOBSR,User,Roger Jacobs,,,PCO,513
JACOBST,User,Trey Jacobs,,\\mojfcsrv001\data\profiles\JacobsT,Family Court Registry,513
JACOMELK,User,Karen Jacomelli,\\karc98343\jacomelk,\\karc98343\profile$\jacomelk,JJ Karratha,513
JAKINSR,User,Rick Jakins,\\CLC95896\private$\JakinsR,\\CLC95896\roaming$\JakinsR,Information Officer,513
JAKOBSOA,User,Aleksander Jakobson,,\\jooncrtibm1\jakobsoa,Joondalup Court,66049
JAMESA,User,Angela James,,,MIAS,66049
JAMESC,User,Charley James,\\casu98264\jamesc,\\casu98264\profile$\jamesc,Stores Officer,515
JAMESD,User,Dianne James,\\BAND98268\JamesD,\\BAND98268\profile$\JamesD,Medical Records,513
JAMESK,User,Keith James,\\broo98202\JamesK,\\broo98202\profile$\JamesK,Prison Officer,513
JAMESKE,User,Kelly James,\\JARDOMDDIG1\JamesKe,\\JARDOMDDIG1\profile$\JamesKe,A/Adminstrative Co-ordinator,513
JAMESKI,User,Kieran James,\\casu98264\JamesKi,\\casu98264\profile$\JamesKi,Prison Officer,513
JAMESKY,User,Kylie James,\\PERC95846\JamesKy,\\PERC95846\profile$\JamesKy,Program Officer,513
JAMESR,User,Robert James,\\cann98265\JamesR,\\cann98265\profile$\JamesR,FCPO,513
JAMEST,User,Thomas James,\\MOJ141SRV001\data\users\JamesT,,Project Manager,66049
JAMESV,User,Vicki James,\\mojbjcsrv01\JamesV,\\mojbjcsrv01\profile$\JamesV,CBS Receptionist - Busselton,513
JAMIESOG,User,Gilmore Jamieson,,\\moj141srv001\data\profiles\jamiesog,Registrar General's Office,66049
JAMIESOJ,User,Judith Jamieson,,,HR Personnel,66049
JAMIESOR,User,Renate Jamieson,\\CASU98264\JamiesoR,\\CASU98264\profile$\JamiesoR,Registered Nurse,513
JANKOVIK,User,Kareena Jankovic,\\ranj98224\JankoviK,\\ranj98224\profile$\JankoviK,Group Worker,513
JANOWICT,User,Ted Janowic,,\\moj141srv001\data\profiles\janowict,Finance  Level 3 ext.1594,513
JARRETTP,User,Paul Jarret,\\band98268\jarretp,\\band98268\profile$\jarretp,Security Officer,513
JARRETTPA,User,Paul Jarrett,\\casu98264\jarrettpa,\\casu98264\profile$\jarrettpa,FCPO,513
JARVISC,User,Colleen Jarvis,,,Assistant Bench Clerk,513
JARVISN,User,Noel Jarvis,,\\mojfcsrv001\data\profiles\JarvisN,Family Court Projects,513
JASKOLAA,User,Ala Jaskola,\\WSQ98263\JaskolaA,\\WSQ98263\profile$\JaskolaA,Admin Support Officer,513
JEFFERYM,User,Mike Jeffrey,,\\cann98265\profile$\jeffreym,Prison Officer,513
JEFFERYS,User,Stuart Jeffery,,\\mojfcsrv001\data\profiles\JefferyS,Family Court Projects,513
JEFFSN,User,Natasha Jeffs,,,Court Officer,513
JENKINSC,User,Carolyn Jenkins,,,CSO Records,66049
JENKINSP,User,Pamela Jenkins,,\\clc95896\jenkinsp,Court Officer,513
JENKINSS,User,Stephen Jenkins,\\jardomddig1\jenkinss,\\jardomddig1\profiles$\jenkinss,Mgr, Strategic Projects,513
JENKINSST,User,Stephen Jenkins,\\mojnyasrv01\jenkinsst,\\mojnyasrv01\profile$\jenkinsst,Prison Officer,513
JENNINGR,User,Robert Jennings,\\cann98265\JenningR,\\cann98265\profile$\JenningR,Superintendent,513
JESSANIS,User,Shilpa Jessani,\\MOJ141SRV001\data\users\JessaniS,\\MOJ141SRV001\data\profiles\JessaniS,Contractor,513
JEWELLPA,User,Pauline Jewell,\\jooc98201\jewellpa,\\jooc98201\profile$\jewellpa,Clerical Officer,513
JOBSED,User,Dan Jobse,,\\moj141srv001\data\profiles\jobsed,Project Officer,513
JOBSED2,User,SOE Pilot Account,,\\wsq98263\profiles\jobsed2,Project Officer,66049
JOBSEM,User,Michelle Jobse,,\\rocc98222\data\profiles\JobseM,Court Officer - Rockingham,513
JOCELYNM,User,Malcolm Jocelyn,\\casu98264\jocelynm,\\casu98264\profile$\jocelynm,Senior Officer,513
JOHANSOG,User,Gail Johanson,\\woor98267\JohansoG,\\woor98267\profile$\JohansoG,Prison Officer,513
JOHNP,User,Peter John,\\cann98265\JohnP,\\cann98265\profile$\JohnP,Prison Officer,513
JOHNSC,User,Carrol Johns,\\rive_res\JohnsC,\\rive_res\profile$\JohnsC,Prison Officer,513
JOHNSLIN,User,Linda Johnson,\\LAWC98204\JohnsLin,\\LAWC98204\profile$\JohnsLin,Clerical Officer,513
JOHNSM,User,Margaret Johns,,\\moj141srv001\data\profiles\johnsm,HR Personnel,513
JOHNSOAN,User,Ann Johnson,,\\mojfcsrv001\data\profiles\JohnsoAn,Family Court Records,513
JOHNSOLY,User,Lyn Johnson,\\BUNB98262\JohnsoLy,\\BUNB98262\profile$\JohnsoLy,Education Officer,513
JOHNSOMI,User,Mimi Johnson,,,VSS Counselor,513
JOHNSON1,User,Adam Johnson,\\FREC98207\Johnson1,\\frec98207\profile$\johnson1,A/JJO,513
JOHNSONA,User,Aaron Johnson,\\msu98213\JohnsonA,\\msu98213\profile$\JohnsonA,Prison Officer,513
JOHNSONB,User,Ben Johnson,\\MOJ141SRV001\data\users\JohnsonB,\\MOJ141SRV001\data\profiles\JohnsonB,Research Officer,513
JOHNSONC,User,Cecily Johnson,\\KARN98218\JohnsonC,\\KARN98218\profile$\JohnsonC,Clinical Nurse,513
JOHNSONG,User,Greg Johnson,\\GREE98261\johnsong,,Greenough Prison Superintendent,513
JOHNSONJ,User,James Johnson,\\casu98264\johnsonj,\\casu98264\profile$\johnsonj,FCPO,515
JOHNSONK,User,Keith Johnson,\\casu98264\johnsonk,\\casu98264\profile$\johnsonk,Industrial Officer,513
JOHNSONL,User,Lisa Johnson,,\\MOJ141SRV001\data\profiles\JohnsonL,Public Affairs Officer,513
JOHNSONM,User,Michael Johnson,,,Courts Management -  10th Floor May Holman,66049
JOHNSONN,User,Neil Johnson,,,Year 2000 developer.,513
JOHNSONP,User,Peter Johnson,\\woor98267\JohnsonP,\\woor98267\profile$\JohnsonP,Prison Officer,513
JOHNSONPJ,User,Peter James Johnson,\\PERC95846\JohnsonPJ,\\PERC95846\profile$\JohnsonPJ,Program Officer,513
JOHNSONR,User,Ross Johnson,,,Clerk of Court,66049
JOHNSONSH,User,Sharon Johnson,\\bunb98262\JohnsonSh,\\bunb98262\profile$\JohnsonSh,Gratuties Clerk,513
JOHNSOPA,User,Pat Johnson,,,Records Officer,513
JOHNSPAT,User,Patricia Johnson,,,Receptionist,513
JOHNSTCA,User,Catriona Johnston,,\\moj141srv001\data\profiles\JohnstCa,CSC - Help Desk Analyst,513
JOHNSTCH,User,Chris Johnston,\\moj141srv001\data\users\johnstch,\\moj141srv001\data\profiles\johnstch,CSC - Technical Consultant,513
JOHNSTOC,User,Craig Johnston,\\bunb98262\JohnstoC,\\bunb98262\profile$\JohnstoC,Prison Officer,513
JOHNSTOD,User,Dorothy Johnston,\\GREE98261\johnstod,\\GREE98261\profile$\johnstod,Greenough Prison Nurse,513
JOHNSTODA,User,Daniel Johnstone,\\casu98264\johnstod,\\casu98264\profile$\johnstod,Prison Officer,513
JOHNSTOR,User,Raelene Johnston,\\wsq98263\johnstor,\\wsq98263\profile$\johnstor,Crown Prosecutor,513
JOHNSTOS,User,Sean Johnston,\\bunb98262\johnstos,\\bunb98262\profile$\johnstos,Prison Officer,513
JOKANOVD,User,Dragomir Jokanovic,,,HR Personnel,66051
JOLLYF,User,Francis Jolly,\\woor98267\JollyW,\\woor98267\profile$\JollyW,Industrial Officer,513
JONESAM,User,Amanda Jones,\\WOOR98267\JonesAm,\\WOOR98267\profile$\JonesAm,Education Officer,513
JONESB,User,Barney Jones,\\bunb98262\JonesB,\\bunb98262\profile$\JonesB,Prison Officer,513
JONESBA,User,Barry Jones,,\\mojfcsrv001\data\profiles\jonesba,Family Court Reception,513
JONESBR,User,Bryce Jones,\\woor98267\Jonesbr,\\woor98267\profile$\Jonesbr,FCPO,513
JONESC,User,Christopher Jones,\\eago98223\jonesc,\\eago98223\profile$\jonesc,Cook Instructor,513
JONESCH,User,Christina Jones,,\\eago98223\profile$\jonesch,Switchboard/Typist,513
JONESD,User,David Jones,\\CANN98265\JonesD,\\CANN98265\profile$\JonesD,Manager -Training,513
JONESDA,User,David Jones,\\CASU98264\JonesDa,\\CASU98264\profile$\JonesDa,Groundsman,513
JONESDK,User,Kylie Jones-Dyke,\\cann98265\JonesDK,\\cann98265\profile$\JonesDK,A/A&O Typist,513
JONESDO,User,Doug Jones,,,Magistrate,66049
JONESEL,User,Elaine Jones,,\\moj141srv001\data\profiles\jonesel,FMIS Consultant,513
JONESER,User,Erica Jones,\\GREE98261\joneser,\\GREE98261\Profile$\joneser,Greenough Prison Prison Officer,513
JONESEV,User,Evan Jones,\\wsq98263\JonesEv,,A/Mgr Business Planning,513
JONESF,User,JonesF,\\woor98267\JonesF,\\woor98267\profile$\JonesF,Fred Jones,513
JONESG,User,Gavan Jones,,,Sheriff,66049
JONESH,User,Harold Jones,\\KARN98218\JonesH,\\KARN98218\profile$\JonesH,Abbattoir,513
JONESI,User,Ian Jones,\\casu98264\jonesi,\\casu98264\profile$\jonesi,Prison officer,513
JONESIA,User,Ian Jones,\\CANN98265\JonesIa,\\CANN98265\Profile$\JonesIa,Prison Officer Canning Vale,513
JONESJ,User,John Jones,\\thot98350\jonesj,\\thot98350\profile$\jonesj,Thornlie JJ Team Coordinator,513
JONESJA,User,Janet Jones,\\cann98265\jonesja,\\cann98265\profile$\jonesja,Hakea Prison,513
JONESJO,User,John Jones,,\\MOJ141SRV001\data\profiles\JonesJo,Research Officer,513
JONESJU,User,Judy Jones,\\bunc98216\JonesJu,\\bunc98216\profile$\JonesJu,CCO,513
JONESK,User,Kerry Jones,\\bunb98262\jonesk,\\bunb98262\profile$\jonesk,Shift Officer,513
JONESM,User,Mark Jones,\\ranj98224\jonesm,\\ranj98224\profile$\jonesm,Groupworker,513
JONESMA,User,Mary Jones,\\BUNB98262\JonesMa,\\BUNB98262\profile$\JonesMa,Typist,513
JONESN,User,Neville Jones,,\\moj141srv001\data\profiles\jonesn,Policy and Legislation,513
JONESNE,User,Neill Jones,\\karn98218\JonesNe,\\karn98218\profile$\JonesNe,A/Superintendent,513
JONESO,User,Olivia Jones,\\midc98212\JonesO,\\midc98212\profile$\JonesO,CSO,513
JONESP,User,Phillippa Jones,\\porc500036\jonesp,\\porc500036\profile$\jonesp,Sessional Worker,513
JONESPE,User,Peter Jones,\\karn98218\JonesPe,\\karn98218\profile$\JonesPe,Farm Manager - Karnet Prison Farm,513
JONESR,User,Ron Jones,\\wsq98263\jonesr,\\wsq98263\profile$\jonesr,Executive Officer,513
JONESS,User,Stephen Jones,\\perc95846\joness,\\perc95846\profile$\joness,Sex Offender Treatment Unit,513
JONESSA,User,Sarah Jones,\\JARDOMDDIG1\JonesSa,\\JARDOMDDIG1\profile$\JonesSa,Consultant,513
JONESSUS,User,Susanne Jones,\\madc98210\JonesSus,\\madc98210\profile$\JonesSus,Maddington CBC,513
JONEST,User,Terry Jones,,,Temp SBS Oficer,66049
JONESV,User,Vince Jones,,,VSS,66051
JONGDYKM,User,Mal Jongedyk,\\alba98266\jongdykm,\\alba98266\profile$\jongdykm,Prison Officer,513
JORDANL,User,Lorraine Jordan,,\\moj141srv001\data\profiles\jordanl,IT SBS,513
JOYNESK,User,Kevin Joynes,\\casu98264\joynesk,\\casu98264\profile$\joynesk,Prison Officer,513
JUDGESC,User,Christopher Judges,,\\mojfcsrv001\data\profiles\JudgesC,Family Court Magistrates chambers,513
JUNGM,User,Maurice Jung,\\banj98227\jungm,\\banj98227\profile$\jungm,Group Worker,513
JUSTICEP,User,Peta Justice,,,Sheriffs Office,66049
KABZINSP,User,Paul Kabzinski,,\\MOJ141SRV001\data\profiles\KabzinsP,CSC - Help Desk Analyst,513
KAEDINGD,User,David Kaeding,,,Registar,513
KAEDINGM,User,Martin Kaeding,\\casu98264\kaedingm,\\casu98264\profile$\kaedingm,Prison Officer,513
KALAFATJ,User,Jouli Kalafatas,,,Court Services,66049
KALEMP,User,Paula Kalem,\\benc_res\kalemp,,Education Officer,513
KALKERI,User,Inge Kalker-Irvine,,\\MOJ141SRV001\data\profiles\KalkerI,Personnel Services Officer,513
KAMMEREG,User,Gertrude Kammerer,,\\clc95896\kammereg,Officer,513
KANDIAHJ,User,John Kandiah,,\\moj141srv001\data\profiles\kandiahj,Contractor - Purchasing,513
KANDOTHR,User,Ranjini Kandoth,\\perc95846\kandothr,\\perc95846\profile$\kandothr,Clerical Officer,513
KANED,User,Des Kane,\\bunb98262\KaneD,\\bunb98262\profile$\KaneD,Prison Officer,515
KAPADIAA,User,Auzare Kapadia,,,Unisys Consultant,513
KASSM,User,Michael Kass,,,Security Analyst,513
KAURM,User,Malkeet Kaur,,\\MOJ141SRV001\data\profiles\KaurM,Acting Financial Analyst,513
KAVANAGJ,User,Jonathon Kavanagh,\\msu98213\KavanagJ,\\msu98213\profile$\KavanagJ,Prison Officer,513
KAVVADIP,User,Peter Kavvadias,,,Finance - Budget,66049
KAWANAA,User,Andree Kawana,,,Joondalup Court,66049
KAWANAO,User,Onni Kawana,,,Children's Court ,513
KAYA,User,Allan Kay,\\banj98277\KayA,\\banj98277\profile$\KayA,Group Worker,513
KAYEM,User,Martin Kaye,\\roeb98205\kayem,\\roeb98205\profile$\kayem,Prison Officer,513
KAYH,User,Heather Kay,,\\moj141srv001\data\profiles\kayh,Executive Officer,513
KAYH2,User,Heather Kay,,,Second login for Heather,513
KAYS,User,Stephen Kay,,\\MOJ141SRV001\data\profiles\KayS,Director Business Improvement,513
KCHANP,User,Pa K Chan,\\eago98223\KchanP,\\eago98223\profile$\KchanP,Nurse,513
KEALYK,User,Kevin Kealy,,\\moj141srv001\data\profiles\kealyk,TOMS team,513
KEALYM,User,Marie Kealy,,\\moj141srv001\data\profiles\kealym,IT,513
KEANEJ,User,Josephine Keane,,\\mojopasrv001\data\profiles\KeaneJ,GAB - Enquires Officer,513
KEARNEYC,User,Christine Kearney,,,Court Officer - Carnarvon,513
KEARSLED,User,Dave Kearsley,\\cann98265\KearsleD,\\cann98265\profile$\KearsleD,Prison Officer,513
KEATINGN,User,Nuala Keating,\\wsq98263\keatingn,\\wsq98263\profile$\keatingn,DPP,513
KEAYM,User,Maureen Keay,\\woor98267\KeayM,\\woor98267\profile$\KeayM,Prison Officer,513
KEECHT,User,Terri Keech,,,Oracle Consultant,513
KEELANJ,User,Janice Keelan,\\msu98213\KeelanJ,\\msu98213\profile$\KeelanJ,Industrial Officer,513
KEENANM,User,Michael Keenan,\\cann98265\KeenanM,\\cann98265\profile$\KeenanM,Prison Officer,513
KEENL,User,Lorainne Keen,\\perc95846\keenl,\\perc95846\profile$\keenl,Receptionist/PA - Milligan CBS,513
KEHLMAIJ,User,Janine Maree Kehlmaier,\\frec98207\kehlmaij,\\frec98207\profile$\kehlmaij,Bentley CBS User,513
KELLOCKR,User,Robert Kellock,\\KUNC98337\KellockR,\\KUNC98337\profile$\KellockR,Officer,513
KELLYD,User,Danielle Kelly,,\\MOJ141SRV001\data\profiles\KellyD,Data Entry Officer,513
KELLYE,User,Ettie Kelly,,\\moj141srv001\data\profiles\kellye,Accounts Officer,513
KELLYG,User,Glenda Kelly,,\\clc95896\kellyg,Magistrate Secretary,66049
KELLYGR,User,Grace Kelly,,\\mojavssrv001\data\profiles\kellygr,AADRS,66049
KELLYH,User,Hazel Kelly,\\BUNB98262\KellyH,\\BUNB98262\profile$\KellyH,Reception,513
KELLYJ,User,John Kelly,\\casu98264\kellyj,\\casu98264\profile$\kellyj,Senior Officer - Casuarina,513
KELLYJA,User,Janise Kelly,\\mirc98215\KellyJa,\\mirc98215\profile$\KellyJa,CLERICAL OFFICER,513
KELLYS,User,Sean Kelly,\\alba98266\kellys,\\alba98266\profile$\kellys,Prison Officer,513
KELLYST,User,Steve Kelly,\\jardomddig1\kellyst,,Psychologist,513
KEMPSTEC,User,Chris Kempster,,,Contractor,513
KEMPTONM,User,Murray Kempton,\\cann98265\kemptonm,\\cann98265\profile$\kemptonm,Prison Officer,513
KEMPV,User,Vince Kemp,\\rocc98222\Kempv,\\rocc98222\profile$\Kempv,Admin Officer Rockingham CBS,513
KEMPVI,User,Vince Kemp,\\BENC_RES\KempVi,\\BENC_RES\Profile$\KempVi,Admin Officer,515
KENNEDYA,User,Alan Kennedy,\\bunb98262\KennedyA,\\bunb98262\profile$\KennedyA,Prison Officer,513
KENNEDYD,User,Dawn Kennedy,\\casu98264\kennedyd,\\casu98264\profile$\kennedyd,Prison Officer,513
KENNEDYJ,User,Justine Kennedy,\\perc95846\kennedyj,\\perc95846\profile$\kennedyj,Milligan CBS Clerical Officer,513
KENNEDYP,User,Penny Kennedy,\\rocc98222\KennedyP,\\rocc98222\profile$\KennedyP,Community Correction Officer,513
KENNEDYS,User,Sue Kennedy,\\KILL98208\KennedyS,\\KILL98208\profile$\KennedyS,Case Worker,513
KENNEDYT,User,Tracy Kennedy,,\\moj141srv001\data\profiles\kennedyt,HR Recruitment,513
KENNEDYTE,User,Terence Kennedy,\\msu98213\KennedyTE,\\msu98213\profile$\KennedyTE,Prison Officer,513
KENNEYA,User,Anne Kenney,\\GREE98261\kenneya,\\GREE98261\profile$\kenneya,Greenough Prison Senior Officer,513
KENNEYC,User,Carmen Kenney,,,HR Reception,66049
KENNEYG,User,Garry Kenney,\\GREE98261\kenneyg,\\GREE98261\profile$\kenneyg,Greenough Prison Senior Officer,513
KENTISHB,User,Bruce Kentish,\\cann98265\KentishB,\\cann98265\profile$\KentishB,Prison Officer,513
KENTS,User,Sharon Kent,\\casu98264\kents,\\casu98264\profile$\kents,Prison Officer,513
KENWORTA,User,Alma Kenworthy,\\casu98264\kenworta,\\casu98264\profile$\kenworta,Prison Officer,513
KENYONK,User,Kylie Kenyon,\\ccou98209\kenyonk$,\\ccou98209\kenyonk,Court Officer,513
KERFOOTV,User,Vicky Kerfoot,\\casu98264\kerfootv,\\casu98264\profile$\kerfootv,Relief Officer,513
KERINP,User,Paul Kerin,,\\mojfcsrv001\data\profiles\KerinP,Family Court Counselling,513
KERNAHAC,User,Carol Kernahan,,\\mojfcsrv001\data\profiles\KernahaC,Family Court Judges chambers,513
KERRHEML,User,Lynne Kerr-Hemingway,,,Court Officer Petty Sessions, Magistrates Crt,66049
KERRIGANS,User,Sue Kerrigan,\\woor98267\kerrigans,\\woor98267\profile$\\kerrigans,Prison Officer,513
KERRIGAS,User,Susan Kerrigan,,,Prison Officer - Nyandi,513
KERRJ,User,James Kerr,\\cann98265\KerrJ,\\cann98265\profile$\KerrJ,Senior Officer,513
KERSHAWK,User,Kelvin Kershaw,\\broo98202\KershawK,\\broo98202\profile$\KershawK,Prison Officer - Broome Regional Prison,513
KETTELLF,User,Frank Kettell,\\ranj98224\KettellF,\\ranj98224\profile$\KettellF,Assist. Super.,513
KETTLEJ,User,John Kettle,,,OM Client Team - Project Leader,513
KEWLEYJ,User,Jacqueline Kewley,,\\mojfcsrv001\data\profiles\KewleyJ,Family Court Registry,513
KHALIDJ,User,Juitta Khalid,\\mojmitsrv01\khalidj,\\mojmitsrv01\profile$\khalidj,Midland JJ Team Clerical Officer,513
KHAM,User,Man Kha,,,Revenue Officer,66049
KHANG,User,Gloria Khan,\\bunc98216\khang,\\bunc98216\profile$\khang,Community Corrections Officer,513
KHOKARP,User,Patrick Khokar,\\GREE98261\khokarp,\\GREE98261\profile$\khokarp,Greenough Prison Industrial Officer,515
KIASSATM,User,Mahsa Kiassati,\\perc95846\kiassatm,\\perc95846\profile$\kiassatm,FCMT,513
KICKETGL,User,Gloria Kickett,\\frec98207\kicketgl,\\frec98207\profile$\kicketgl,Aboriginal CCO,513
KICKETGR,User,Graham Kickett,\\GREE98261\KicketGr,\\GREE98261\profile$\KicketGr,Peer Support Officer,513
KICKETTB,User,Barry Kickett,\\kunc98337\KickettB,\\kunc98337\profile$\KickettB,Kununura CBS,513
KICKETTE,User,Elizabeth Kickett,\\mirc98215\kickette,\\mirc98215\profile$\kickette,CCO,513
KICKETTG,User,George Kickett,\\madc98210\KickettG,\\madc98210\profile$\KickettG,CCO OMD-CBS,513
KIDDG,User,George Kidd,\\bunb98262\KiddG,\\bunb98262\profile$\KiddG,FCPO,513
KIELYJ,User,Jennifer Kiely,,\\MOJ141SRV001\data\profiles\KielyJ,Personnel Officer,513
KILLDUTY,User,Killara Duty Officer,\\kill98208\killduty,\\kill98208\Profile$\killduty,Killara Support Services Case Workers,513
KILLENL,User,Leanne Killen,\\gree98261\killenl,\\gree98261\profile$\killenl,Prison Officer,513
KILLMIEM,User,Mark Killmier,\\MOJ141SRV001\data\users\KillmieM,\\MOJ141SRV001\data\profiles\KillmieM,Contracts Manager,513
KIMBERLH,User,Harold Kimberley,\\perc95846\kimberlh,\\perc95846\profile$\kimberlh,Snr Programs Officer,513
KIMBERM,User,Michael Kimber,\\casu98264\kimberm,\\casu98264\profile$\kimberm,Metalshop Instructor,513
KIMMORLT,User,Todd Kimmorley,\\cann98265\kimmorlt,\\cann98265\profile$\kimmorlt,Prison Officer,513
KINDNESD,User,Deborah Kindness,,\\armacrtibm1\kindnesd,Armadale Court,66049
KINGC,User,Clive King,\\msu98213\KingC,\\msu98213\profile$\KingC,Prison Officer,513
KINGD,User,Donna King,,\\MOJ141SRV001\data\profiles\KingD,CSC - Help Desk Analyst,513
KINGH,User,Hayley King,\\CANN98265\KingH,\\CANN98265\profile$\KingH,Forensic Case Manager,513
KINGJO,User,Josephine King,\\ranj98224\KingJO,\\ranj98224\profile$\KingJO,Nurse,513
KINGL,User,Lindsay King,,,Parlimentary Counsel Office,513
KINGM,User,Martin King,\\cann98265\KingM,\\cann98265\profile$\KingM,Prison Officer,513
KINGMIC,User,Michael King,,,Magistrate,513
KINGP,User,Peter King,,\\moj141srv001\data\profiles\kingp,Director - Financial Services,513
KINGPA,User,Patricia King,,\\moj141srv001\data\profiles\kingpa,HR Personnel,513
KINGR,User,Rachael King,,,HR  Corporate Training,66051
KINGSTOD,User,Devin Kingston,\\cann98265\KingstoD,\\cann98265\profile$\KingstoD,Prison Officer - CWC Remand,513
KINGW,User,Wayne King,\\woor98267\KingW,\\woor98267\profile$\KingW,IO Mechanic Workshop,513
KIOSK-1,User,,,,,66113
KIOSK-FC,User,Family Court Internet Kiosk,,,Family Court Internet Kiosk,66113
KIRBYF,User,Fred Kirby,\\roeb98205\kirbyf,\\roeb98205\profile$\kirbyf,Trainee Prison Officer,513
KIRKEE,User,Evan Kirke,\\RANJ98224\KirkeE,\\RANJ98224\profile$\KirkeE,Group Worker,513
KIRKJ,User,Janet Kirk,\\KARN98218\KirkJ,\\KARN98218\Profile$\KirkJ,Cashier - Karnet Prison Farm,513
KIRKS,User,Sally Kirk,,\\mojfcsrv001\data\profiles\KirkS,Family Court Counselling,513
KIRKT,User,Teresa Kirk,\\jooc98201\kirkt,\\jooc98201\\profile$\kirkt,SCCO - Joondalup,513
KIS,User,Simon Ki,,\\clc95896\kis,Court Officer,513
KITCHINS,User,Suzanne Kitching,\\MOJ141SRV001\data\users\KitchinS,\\MOJ141SRV001\data\profiles\KitchinS,HR Officer,513
KLARICHJ,User,John Klarich,,,Magistrates Court Management Group,66049
KLEINL,User,Leanne Klein,\\perc95846\KleinL,\\perc95846\profile$\KleinL,CCO,513
KLEPACKIR,User,Ray Klepacki,,\\MOJ141SRV001\data\profiles\KlepackiR,CSC - IT Support Analyst,513
KLOSEV,User,Vanessa Klose,\\clc95896\klosev$,\\clc95896\klosev,Court Officer,513
KLUCKM,User,Marianne Kluck,\\jardomddig1\kluckm,\\jardomddig1\Profile$\kluckm,Officer Offenders in Custody Team - Jardine,513
KNEAFSES,User,Sharon Kneafsey,,\\clc95896\kneafses,Court Officer,66049
KNEALEJ,User,John Kneale,\\msu98213\KnealeJ,\\msu98213\profile$\KnealeJ,Prison Officer,513
KNIGHTA,User,Andrew Knight,,\\moj141srv001\data\profiles\knighta,Admin Records Officer,513
KNIGHTB,User,Bernard Knight,\\GREE98261\KnightB,\\GREE98261\profile$\KnightB,Greenough Prison Prison Officer,513
KNIGHTD,User,Dianne Knight,,,DPP,66049
KNIGHTK,User,Karl Knight,\\bunb98262\KnightK,\\bunb98262\profile$\KnightK,Prison Officer - Bunbury Regional Prison,513
KNOTTJ,User,John Knott,\\jardomddig1\knottj,\\jardomddig1\profile$\knottj,Jardine SIU Manager,513
KNUCKEYJ,User,Jeff Knuckey,,,IT Consultant - Courts Technology Group,66049
KOBAYASY,User,Yuki Kobayashi,\\MOJ141SRV001\data\users\KobayasY,\\MOJ141SRV001\data\profiles\KobayasY,Law Reform Commission Staff,513
KOEIJERE,User,Elizabeth Koeijers,\\band98268\koeijere,\\band98268\profile$\koeijere,Registered Nurse,513
KOEKP,User,Patricia Koek,,\\clc95896\koekp,,513
KOKM,User,Mary Kok,\\CASU98264\KokM,\\CASU98264\profile$\KokM,Nurse,513
KOLBUSZJ,User,J Kolbusz,,,????????,66049
KOLODYNE,User,Eva Kolodynska,,\\moj141srv001\data\profiles\kolodyne,Finance,513
KOMARS,User,Stephen Komar,\\casu98264\komars,\\casu98264\profile$\komars,Hospital Officer,513
KONSTAND,User,Diane Konstantinou,\\CLC95896\private$\KonstatD,\\CLC95896\roaming$\KonstatD,Court Officer,513
KOOKA,User,Anne Kook,,\\moj141srv001\data\profiles\kooka,Officer - Accounting Services,513
KORDAC,User,Catherine Korda,\\perc95846\kordac,\\perc95846\profile$\kordac,Snr Programmes Officer,513
KORDICS,User,Savo Kordic,,\\MOJ141SRV001\data\profiles\KordicS,Tafe Student,513
KORYNH,User,Heidi Koryn,\\woor98267\KorynH,\\woor98267\profile$\KorynH,Enrolled Nurse,513
KOSHYA,User,Alex Koshy,\\benc_res\Koshya,\\benc_res\profile$\Koshya,JJD JJ Officer,513
KOSICKA,User,Ann Kosick,\\CANN98265\data\users\KosickA,\\CANN98265\data\profiles\KosickA,Education Clerk - Hakea,513
KOSJ,User,John Kos,\\banj98227\kosj,\\banj98227\profile$\kosj,Group Worker,513
KOUTROUV,User,Vicki Koutroubas,,,Year 2000,66049
KOUTSJ,User,James Kouts,\\ranj98224\KoutsJ,\\ranj98224\profile$\KoutsJ,Group Worker,513
KOUTSOUS,User,Samantha Koutsoukos,\\FREC98027\koutsousW$,\\FREC98027\koutsousP$,Fremantle  Clerical Officer,66049
KOVACE,User,Eva Kovac,\\benc_res\KovacE,\\benc_res\profile$\KovacE,A/WOO,513
KOVACL,User,Lyn Kovac,,\\clc95896\kovacl,Personnel Officer,513
KOWALV,User,Valerea Kowal,,\\clc95896\profile$\kowalv,Magistrates Receptionist,513
KOZAKJ,User,Jeff Kozak,\\benc_res\KozakJ,\\benc_res\profile$\KozakJ,Admin Officer,513
KOZMANM,User,Monique Kozman,,,Aboriginal Policy and Services,66049
KRASZLAK,User,Kati Kraszlan,,\\moj141srv001\data\profiles\kraszlak,Senior Policy Consultant,513
KRENKET,User,Trevor Krenke,,\\mojfcsrv001\data\profiles\krenket,Family Court Judges chambers,513
KRETSCHW,User,Wayne Kretschmer,\\BROO98202\kretschw,\\BROO98202\profile$\kretschw,Broome Prison Senior Officer,513
KRIKSTOS,User,Steven Krikstolaitis,\\casu98264\krikstos,\\casu98264\prolfile$\krikstos,Senior Officer ,513
KRISANSH,User,Heidi Krisanski,\\ranj98224\KrisansH,\\ranj98224\profile$\KrisansH,Group Worker,513
KRIWOBOA,User,Aleksander Kriwoborski,\\clc95896\kriwoboa$,\\clc95896\kriwoboa,Senior Court Officer,66049
KROEGERF,User,Fred Kroeger,,,Unix Systems Administrator,66049
KRONBERR,User,Robert Kronberger,,\\clc95896\kronberr,Strata Titles Referee,513
KROONENN,User,Natalie Kroonenburg,,,DPP Records,66049
KROONSTA,User,Anouska Kroonstuiver,,,Supervising Court Officer,513
KUERP,User,Patricia Kuer,,,Keyboard Operator,66049
KUKICI,User,Ilija Kukic,,,CSC Network Admin,513
KUKLAR,User,Richard Kukla,\\band98268\kuklar,\\band98268\profile$\kuklar,Prison Officer,513
KULISAN,User,Natasha Kulisa,,\\moj141srv001\data\profiles\kulisan,Accounts Payable Controller,513
KULJISM,User,Marianne Kuljis,\\wsq98263\kuljism,\\wsq98263\Profile$\kuljism,Manager Operational Standards,513
KULYNYCM,User,Mike Kulynycz,\\cann98265\KulynycM,\\cann98265\profile$\KulynycM,Senior Officer,513
KULYNYCW,User,Russell Kulynycz,\\band98268\kulynycw,\\band98268\profile$\kulynycw,FCPO,513
KURONENJ,User,Juha Kuronen,\\bunb98262\KuronenJ,\\bunb98262\profile$\KuronenJ,Industrial Officer,513
KUYERJ,User,John Kuyer,\\alba98266\kuyerj,\\alba98266\profile$\kuyerj,Senior Officer,513
L11CLC,User,Level 11 CLC Library,,,Generic account for Internet,513
LACOSEGE,User,Elizabeth Lacosegliaz,,\\moj141srv001\data\profiles\lacosege,Typist/Receptionist,513
LADENN,User,Natasha Laden,\\ccou98209\ladenn,\\ccou98209\profile$\ladenn,JJO,513
LAEDWIGI,User,Ingrid Laedwig,,\\mojbjcsrv01\laedwigi,Court Officer,513
LAGONIGR,User,Rosanna Lagonigro,,\\moj141srv001\data\profiles\lagonigr,HR Personnel,513
LAIDLERD,User,Deborah Laidler,\\RANJ98224\LaidlerD,\\RANJ98224\profile$\LaidlerD,Group Worker,513
LAIDLERJ,User,John Laidler,\\casu98264\laidlerj,\\casu98264\profile$\laidlerj,Probationery Prison Officer,513
LAINEA,User,Andrew Laine,,\\clc95896\lainea,Specialist Court Officer,66049
LAIRDC,User,Christine Laird,\\perc95846\lairdc,\\perc95846\profile$\lairdc,Milligan CBS Clerical Officer,513
LAKEK,User,Kelvin Lake,\\alba98266\lakek,\\alba98266\profile$\lakek,Prison Officer,513
LAKSAMAJ,User,Jung Laksama,,,IT Contractor,66049
LAMBERTD,User,Dee Lambert,,\\wsq98263\profiles$\lambertd,Personal Assistant,513
LAMBERTE,User,Eugene Lambert,\\bunb98262\LambertE,\\bunb98262\profile$\LambertE,Prison Officer,513
LAMBERTH,User,Hillary Lambert,,\\moj141srv001\data\profiles\lamberth,A\Media & Projects Officer,513
LAMBIEJO,User,John Lambie,\\msu98213\LambieJO,\\msu98213\profile$\LambieJO,Prison Officer,513
LAMONDK,User,Karen Lamond,\\ranj98224\LamondK,\\ranj98224\profile$\LamondK,Senior Officer,513
LAMT,User,Tia Lam,\\banj98227\lamt,\\banj98227\profile$\lamt,Group Worker,513
LANCASTP,User,Phil Lancaster,\\karn98218\LancastP,\\karn98218\profile$\LancastP,Senior Officer - Karnet Prison Farm,513
LANDELLJ,User,Jim Landells,\\cann98265\LandellJ,\\cann98265\profile$\LandellJ,FCPO,513
LANDERSL,User,Lillian Landers,,,Officer,513
LANEB,User,Barbara Lane,,,Magistrates,66049
LANEC,User,Carolyn Lane,\\broo98202\lanec,\\broo98202\profile$\lanec,Registered Nurse,513
LANEG,User,Gillian Lane,\\benc_res\Laneg,\\benc_res\profile$\Laneg,Clerical Bentley CBS,513
LANEK,User,Kathy Lane,,\\moj141srv001\data\profiles\lanek,,513
LANER,User,Richard Lane,\\perc95846\laner,\\perc95846\Profile$\laner,JJDIFFS WSQ,513
LANGER,User,Robert Lange,\\bunb98262\Langer,\\bunb98262\profile$\Langer,Senior Officer,513
LANGI,User,Ian Lang,\\casu98264\langi,\\casu98264\profile$\langi,Probationery Prison Officer - Casuarina,513
LANGJ,User,John Lang,,,HR  Consultant,66049
LANGLEYH,User,Helen Langley,\\jardomddig1\langleyh,\\jardomddig1\Profile$\langleyh,Data Entry Operator - Jardine,513
LANGMAIT,User,Tony Langmair,\\inal_res\langmait,\\inal_res\profile$\langmait,Manager I/V,513
LANGT,User,Travis Lang,,,I.T. Court Services, Level 16,513
LANKESTR,User,Richard Lankester,\\gree98261\lankestr,\\gree98261\profile$\lankestr,Senior Officer - Albert Facey House,513
LANZAM,User,Maria Lanza,,,Sheriff's Officer,66049
LAPEDAS,User,Santo La Pedalina,\\bunc98216\LaPedaS,\\bunc98216\profile$\LaPedaS,CCO,513
LAPHAMA,User,Allan Lapham,\\casu98264\laphama,\\casu98264\profile$\laphama,Prison Officer,513
LARCOMBR,User,Robert Larcombe,,\\mojfcsrv001\data\profiles\LarcombR,Family Court Registry,513
LARIATPE,User,Peter Lariat,\\jooc98201\lariatpe,\\jooc98201\profile$\lariatpe,CCO - Joondalup CBS,513
LARKEC,User,Chris Larke,,,Child Witness Service,513
LARNACHL,User,Lynette Larnach,,\\mojgabsrv01\profile$\larnachl,GAB - Personal Assistant,513
LARNACHN,User,Natalie Larnach,,\\mojgabsrv01\profile$\LarnachN,GAB - Admin Assistant,513
LASTW,User,Wally Last,\\casu98264\lastw,\\casu98264\profile$\lastw,Industrial Officer,513
LATHAMS,User,Steven Latham,,\\\profile$\LathamS,Group worker,513
LATKOVIM,User,Michael Latkovic,,,CSC Systems Consultant,513
LAUNDERM,User,Martin Launder,,,Session Officer,513
LAVERIK,User,Keith  Laverick,\\woor98267\LaveriK,\\woor98267\profile$\LaveriK,Prison Officer,513
LAWESK,User,Keith Lawes,\\kill98208\lawesk,\\kill98208\Profile$\lawesk,Killara Support Services Case Worker,513
LAWG,User,George Law,,,Notes Administrator,513
LAWLERD,User,Darryl Lawler,\\gree98261\lawlerd,\\gree98261\profile$\lawlerd,Greenough Prison Assistant Supt.,513
LAWLERG,User,Gwen Lawler,\\ccou98209\lawlerg$,\\ccou98209\lawlerg,Acting Clerk of Courts,513
LAWLERR,User,Regina Lawler,\\GREE98261\LawlerR,\\GREE98261\profile$\LawlerR,Receptionist,513
LAWLERS,User,Susan Lawler,,\\moj141srv001\data\profiles\lawlers,Accounts Receivable,513
LAWRENBE,User,Bernadette Lawrence,,\\MOJ141SRV001\data\profiles\Lawrenbe,Senior Policy Officer,513
LAWRENCA,User,Amanda Lawrence,\\casu98264\lawrenca,\\casu98264\profile$\lawrenca,Admin/Clerk,513
LAWRENCB,User,Brian Lawrence,\\cann98265\LawrencB,\\cann98265\profile$\LawrencB,Buildings Project,513
LAWRENCEM,User,Maike Lawrence-Brown,\\BUNB98262\LawrenceM,\\BUNB98262\profile$\LawrenceM,Admin Typist,513
LAWRENCG,User,Gaye Lawrence,\\alba98266\lawrenceg,\\alba98266\profile$\lawrenceg,Clerical Officer,513
LAWRENCM,User,Martin Lawrence,,,Consultant - Courts Technology Group,513
LAWRENCN,User,Nicola Lawrence,\\MIDC98212\LawrencN,\\MIDC98212\profile$\LawrencN,JJO - Midland,513
LAWRENCR,User,Robert Lawrence,,,Magistrate,66049
LAWSONG,User,Gillian Lawson,,\\mojopasrv001\data\profiles\lawsong,Deputy Public Advocate,513
LAWSONJ,User,John Lawson,,\\clc95896\lawsonj,Specialist Court Officer,513
LAWSONR,User,Richard Lawson,,\\moj141srv001\data\profiles\LawsonR,Policy and Legislation,515
LAZARIDK,User,Lazaradis Kathy,,,ISD SBS,513
LAZZARAT,User,Tanya Lazzara,,\\moj141srv001\data\profiles\lazzarat,Graduate - Court Services,513
LEACHA,User,Adam Leach,,\\mojfcsrv001\data\profiles\LeachA,Family Court Registry,513
LEACHC,User,Clint Leach,\\bunb98262\leachc,\\bunb98262\profile$\leachc,Prison Officer,513
LEACHI,User,Inga Leach,\\banj98227\leachi,\\banj98227\profile$\leachi,Group Worker,513
LEASKG,User,Gordon Leask,\\casu98264\leaskg,\\casu98264\profile$\leaskg,Senior Officer,513
LEAVYV,User,Vicki Leavy,,\\clc95896\leavyv,Senior Court Officer - Rockingham Court,513
LEDGERTM,User,Michael Ledgerton,\\cann98265\ledgertm,\\cann98265\profile$\ledgertm,Prison Officer,513
LEECA,User,Carol Lee,\\casu98264\leeca,\\casu98264\profile$\leeca,Senior Education Officer - Casuarina,513
LEECH,User,Christopher Lee,\\ranj98224\LeeCH,\\ranj98224\profile$\LeeCH,Group Worker,513
LEECHA,User,Anthony Leech,,,Director Metropolitan Prisons,513
LEEDERR,User,Richard Leeder,\\cann98265\LeederR,\\cann98265\profile$\LeederR,Prison Officer,513
LEEE,User,Ellie Lee,\\CANN98265\LeeE,\\CANN98265\profile$\LeeE,Typist,513
LEEG,User,Greg Lee,,\\moj141srv001\data\profiles\leeg,Co-Ordinator Discipline - HR,513
LEEGR,User,Greg Lee,\\pard98214\LeeGr,\\pard98214\profile$\LeeGr,Prison Officer,513
LEEL,User,Lyn Lee,\\casu98264\leel,\\casu98264\profile$\leel,Prison Employment Officer,513
LEEP,User,Phil Lee,\\cann98265\LeeP,\\cann98265\profile$\LeeP,Prison Officer,513
LEER,User,Romana Lee,\\wsq98263\leer,\\wsq98263\profile$\leer,Milligan CBS A/Manager,513
LEES,User,Sandra Lee,\\CANN98265\LeeS,\\CANN98265\profile$\LeeS,Registered Nurse,513
LEESTEA,User,Antony Lee Steere,\\bunb98262\LeeStea,\\bunb98262\profile$\LeeStea,Senior Officer,513
LEFROYJ,User,Jeanette Lefroy,,\\moj141srv001\data\profiles\lefroyj,Contractor,513
LEGASPIL,User,Luzviminda Legaspi,,\\mojfcsrv001\data\profiles\LegaspiL,Family Court Orders,513
LEGGETTS,User,Scott Leggett,\\bunb98262\leggetts,\\bunb98262\profile$\leggetts,Greenough Prison Prison Officer,513
LEGGR,User,Rebecca Legg,,\\moj141srv001\data\profiles\leggr,CSC - Help Desk Analyst,513
LEHMANB,User,Brian Lehman,\\casu98264\lehmanb,\\casu98264\profile$\lehmanb,Senior Officer - Casuarina,513
LEHMANBA,User,Barry Lehman,\\cann98265\LehmanBa,\\cann98265\profile$\LehmanBa,Senior Officer - Hakea,513
LEHMANL,User,Liz Lehman,\\band98268\lehmanl,\\band98268\profile$\lehmanl,Bandyup Superintendent,513
LEHTINEK,User,Kathryn Lehtinen,,,Court Officer,66049
LEICESTB,User,Brian Leicester,\\casu98264\leicestb,\\casu98264\profile$\leicestb,Acacia - Assistant Superintendent,66049
LEIDELH,User,Helen Leidel,,\\milligansrv\profiles$\leidelh,Perth CBS,66051
LEIGHD,User,David Leigh,\\east98340\LeighD,\\east98340\profile$\LeighD,East Perth Lockup,513
LEMERLEA,User,Auriol Lemerle,,\\mojfcsrv001\data\profiles\LemerleA,Family Court Magistrates chambers,513
LENGD,User,Darren Leng,\\WSQ98263\LengD,,IT Consultant,513
LENHARDW,User,Wilfred Lenhard,\\banj98227\lenhardw,\\banj98227\profile$\lenhardw,Group Worker,513
LENNOXS,User,Stephen Lennox,\\ranj98224\LennoxS,\\ranj98224\profile$\LennoxS,Bail Coordinator,513
LENSTRAM,User,Marlene Lenstra,\\ALBA98266\LenstraM,\\ALBA98266\profile$\LenstraM,Education Officer,513
LEONARDP,User,Phillip Leonard,\\msu98213\LeonardP,\\msu98213\profile$\LeonardP,Canine Section Training Specialist Services,513
LESERVER,User,Richard Leserve,\\banj98227\LeserveR,\\banj98227\profile$\LeserveR,Group Worker - Banksia Hill,513
LESKEL,User,Linda Leske,\\wsq98263\leskel,\\wsq98263\profiles$\leskel,Project Officer - Health Services - OM,513
LESKEM,User,Mark Leske,\\clc95896\leskem$,\\clc95896\leskem,Petty Sessions,66049
LESKEP,User,Peter Leske,,\\mojfcsrv001\data\profiles\LeskeP,Family Court Projects,513
LETCHT,User,Tracey Letch,\\JOOC98201\LetchT,\\JOOC98201\profile$\LetchT,A/CCO ,513
LETHLEAC,User,Chey Lethlean,,\\mojfcsrv001\data\profiles\LethleaC,Family Court Magistrates chambers,513
LEVENTHS,User,Suzanne Leventhal,,,MLU ,66049
LEVYF,User,Chas Levy,\\bunb98262\Levyf,\\bunb98262\profile$\Levyf,Prison Officer,513
LEWISD,User,Derek Lewis,,,Records,66049
LEWISDAR,User,Daryl Lewis,\\casu\98264\lewisdar,\\casu98264\profile$\lewisdar,Prison Officer,513
LEWISDAV,User,David Lewis (Genisys),\\clc95896\lewisdav$,\\clc95896\lewisdav,Project Officer,66049
LEWISH,User,Hemi Lewis,\\CANN98265\LewisH,\\CANN98265\profile$\LewisH,Prison Officer,513
LEWISJ,User,Jill Lewis,,\\clc95896\lewisj,CIC - May Holman Centre,513
LEWISM,User,Mark Lewis,\\cann98265\LewisM,\\cann98265\profile$\LewisM,Prison Officer,513
LEWISP,User,Paul Lewis,\\msu98213\LewisP,\\msu98213\profile$\LewisP,Prison Officer,513
LEWISS,User,Stacy Lewis,\\cann98265\lewiss,\\cann98265\profile$\lewiss,Prison Officer,513
LEWISV,User,Vicki Lewis,\\ROEB98205\LewisV,\\ROEB98205\profile$\LewisV,Admin Asst,513
LEYBOURC,User,Chris Leybourne,\\woor98267\LeybourC,\\woor98267\profile$\LeybourC,Prison Officer,513
LIACOPOL,User,Linda Liacopoulos,\\moj141srv001\data\users\liacopol,\\moj141srv001\data\profiles\liacopol,Receptionist,513
LIDDIARR,User,Paul Liddiard,\\cann98265\Liddiarr,\\cann98265\profile$\Liddiarr,Industrial Officer,513
LIEBR,User,Rene Lieb,\\woor98267\LiebR,\\woor98267\profile$\LiebR,Prison Officer,513
LIEDERMJ,User,John Liedermoy,\\karn98218\LiedermJ,\\karn98218\profile$\LiedermJ,Prison Officer - Karnet,513
LIGHTFOK,User,Kathy Lightfoot,\\mirc98215\lightfok,\\mirc98215\profile$\lightfok,A/JJO - Mirrabooka CBS,513
LILLEYMT,User,Taryn Lilleyman,\\MOJ141SRV001\data\users\LilleymT,\\MOJ141SRV001\data\profiles\LilleymT,PSO,513
LIMBM,User,Marie Limb,\\mojwarsrv01\limbm,\\mojwarsrv01\profile$\limbm,JJ Officer,513
LIMJ,User,Jacqueline Lim,\\MOJVPPSRV01\LimJ,\\MOJVPPSRV01\profile$\LimJ,Student,513
LIMR,User,Rosmary Lim,\\MOJ141SRV001\data\users\LimR,\\MOJ141SRV001\data\profiles\LimR,Work Experience,513
LINDELYN,User,Lynette Linde,,,Child Witness Preparation Officer - 9425 2165,513
LINEJ,User,Jamie Line,\\CANN98265\LineJ,\\CANN98265\data\profiles\LineJ,Hospital Officer,513
LINTOJ,User,Joy Linto,\\woor98267\LintoJ,\\woor98267\profile$\LintoJ,Relief HR Officer,513
LIPPLER,User,Rodney Lipple,\\CANN98265\LippleR,\\CANN98265\profile$\LippleR,Vocational Skills Trainer,513
LISSK,User,Kristian Liss,\\moj141srv001\data\users\lissk,,CSC - IT Support Analyst,513
LISTERH,User,Hilary Lister,\\casu98264\listerh,\\casu98264\profile$\listerh,Industrial Officer,513
LITHERLE,User,Estelle Litherland,,,OM Executive,513
LITTLEB,User,Barbara Little,\\banj98227\Littleb,\\banj98227\profile$\Littleb,Clerical Officer,513
LITTLEFT,User,Tracy Littlefair,,,Cashier,513
LITTLEG,User,Greg Little,\\BUNb98262\LittleG,\\BUNb98262\data\profiles\LittleG,Prison officer,513
LITTLER,User,Robert Little,\\roeb98205\LittleR,\\roeb98205\profile$\LittleR,Prison Officer,513
LITTLEWM,User,Martin Littlewood,\\broo98202\LittlewM,\\broo98202\profile$\LittlewM,Prison Officer,513
LLEWELLS,User,Sue Llewellyn,\\bunb98262\LlewellS,\\bunb98262\profile$\LlewellS,Prison Officer,513
LLEWELLZ,User,Zoe Llewellin,,\\MOJ141SRV001\data\profiles\LlewellZ,Admin Assistant,513
LLOYDG,User,Grant Lloyd,\\bunb98262\lloydg,\\bunb98262\profile$\lloydg,Probationery Prison Officer,513
LLOYDJ,User,Julieanne Lloyd,\\KUNC98337\LloydJ,\\KUNC98337\profile$\LloydJ,WOO,513
LLOYDR,User,Robin Lloyd,,,GECITS - Systems Support Analyst,513
LLOYDRI,User,Richard Lloyd,\\alba98266\lloydri,\\alba98266\profile$\lloydri,Industrial Officer - Albany Regional Prison,513
LLOYDRY,User,Ryan Lloyd,,\\moj141srv001\data\profiles\lloydry,Teltra Techi,513
LOBBS,User,Scott Lobb,\\CANN98265\LobbS,\\CANN98265\data\profiles\LobbS,Prison Officer,513
LOCKET,User,Tony Locke,\\LAWC98204\LockeT,\\LAWC98204\profile$\LockeT,Student,513
LOCKYERM,User,Mark Lockyer,\\MIRC98215\LockyerM,\\MIRC98215\profile$\LockyerM,A / JJO,513
LOFTHOUMA,User,Marion Lofthouse,\\perc95846\LofthouMa,\\perc95846\profile$\LofthouMa,Training Consultant - Milligan Island,513
LOGANM,User,Martin Logan,\\rive_res\loganm,\\rive_res\profile$\loganm,Riverbank Prison Officer,513
LOGANMI,User,Michael Logan,\\mojwarsrv01\LoganMi,\\mojwarsrv01\profile$\LoganMi,A/Prog. Supp. Officer,513
LOGANP,User,Peter Logan,\\ranj98224\LoganP,\\ranj98224\profile$\LoganP,Group Worker,513
LOGANS,User,Stephen Logan,,\\moj141srv001\data\profiles\logans,Trust Management Officer,513
LOGONTEST1,User,Logon Test,\\MOJ141SRV001\data\users\LogonTest1,\\MOJ141SRV001\data\profiles\LogonTest1,- MK - Disabled 29/03/2001,515
LOGONTEST2,User,Logon Test2,\\ALBA98266\data\users\LogonTest2,\\MOJ141SRV001\data\profiles\LogonTest2,- MK - Disabled 29/03/2001,515
LOINU,User,Nu Loi,,,Finance Officer,66051
LONGC,User,Colleen Long,\\band98268\longc,\\band98268\profile$\longc,Prison Officer,513
LONGJ,User,Judith Long,\\ranj98224\LongJ,\\ranj98224\profile$\LongJ,Nurse Manager,513
LONGLEYR,User,Robyn Longley,\\PERC95846\LongleyR,\\PERC95846\profile$\LongleyR,Senior Programmes Officer,513
LONGM,User,Michelle Long,\\ALBA98266\LongM,\\ALBA98266\profile$\LongM,FCMT,513
LONGMANF,User,Fredrick Longman,\\WSQ98263\LongmanF,\\WSQ98263\profile$\LongmanF,CCA - Head Office Operations,513
LONGMANG,User,Gary Longman,\\casu98264\longmang,\\casu98264\profile$\longmang,FCPO,513
LOOP,User,Phillip Loo,\\banj98227\LooP,\\banj98227\profile$\LooP,Group Worker,513
LOPESK,User,Kristy Lopes,\\ranj98224\lopesk,\\ranj98224\profile$\lopesk,Groupworker - Rangeview ,513
LOPEZD,User,Doreen Lopez,,,Accounts Officer - FER,66049
LOPEZK,User,Karen Lopez,,,Consultant,66049
LOUGHLID,User,Derek Loughlin,\\casu98264\loughlid,\\casu98264\profile$\loughlid,Probationery Prison Officer,513
LOVEH,User,Harry Love,\\casu98264\loveh,\\casu98264\profile$\loveh,Prison Officer,513
LOVELANK,User,Kevin Loveland,\\cann98265\lovelank,\\cann98265\profile$\lovelank,Prison Officer,513
LOVETTB,User,Bruce Lovett,\\alba98266\lovettb,\\alba98266\profile$\lovettb,Prison Officer,513
LOWC,User,Christine Low,,\\moj141srv001\data\profiles\lowc,Data Entry Officer,513
LOWEA,User,Adam Lowe,\\banj98227\lowea,\\banj98227\profile$\lowea,Group Worker,513
LOWEB,User,Bruce Lowe,,\\moj141srv001\data\profiles\loweb,Registrar General's Office,513
LOWEC,User,Christopher Lowe,\\cann98265\LoweC,\\cann98265\profile$\LoweC,Senior Officer,513
LOWEM,User,Michelle Lowe,,,Records,66049
LOWICKIP,User,Paul Lowicki,\\banj98227\LowickiP,\\banj98227\profile$\LowickiP,Senior Officer,513
LOXTONA,User,Angela Loxton,\\perc95846\loxtona,\\perc95846\profile$\loxtona,Milligan CBS Snr Program Officer,513
LRCWA1,User,Law Reform Commission,,\\moj141srv001\data\profiles\lrcwa1,Generic Login,513
LRCWA2,User,Law Reform Commission,,\\moj141srv001\data\profiles\lrcwa2,Generic Login,515
LRCWA3,User,Law Reform Commission,,\\moj141srv001\data\profiles\lrcwa3,Generic Login,515
LUBICZL,User,Lynette Lubicz,,\\moj141srv001\data\profiles\lubiczl,DG Executive Assistant,513
LUBRIGVI,User,Vicki Lubrig,,,Magistrates Court - Karratha,66049
LUCASE,User,Erica Lucas,\\gerc98200\lucase,\\gerc98200\profile$\lucase,Geraldton CBS - CCO,513
LUCASP,User,Peter Lucas,\\casu98264\lucasp,\\casu98264\profile$\lucasp,Hospital Officer - Casuarina,513
LUCASPA,User,Paul Lucas,\\CANN98265\lucaspa,\\CANN98265\data\profiles\lucaspa,Prison Officer,513
LUCASS,User,Stephen Lucas,\\casu98264\lucass,\\casu98264\profile$\lucass,Prison Officer,513
LUCKT,User,Tom Luck,,,Sheriffs Office,66049
LUCREJ,User,Jennifer Lucre,,\\moj141srv001\data\profiles\lucrej,ISD 15th Library,513
LUDWIGR,User,Rosemary Ludwig,\\band98268\ludwigr,\\band98268\profile$\ludwigr,Prison Officer,513
LUKERL,User,Laurie Luker,\\casu98264\lukerl,\\casu98264\profile$\lukerl,FCPO - Casuarina,513
LUMSDENS,User,Stephen Lumsden,\\GREE98261\lumsdens,\\GREE98261\profile$\lumsdens,Greenough Prison Prison Officer,513
LUNDB,User,Brian Lund,\\carc98346\lundb,\\carc98346\Profile$\lundb,Carnarvon CBS Senior CCO,513
LUNDK,User,Kaye Lund,\\carc98346\lundk,\\carc98346\Profile$\lundk,Carnarvon CBS Clerical Officer,513
LUOMAP,User,Paul Luoma,\\jardomddig1\luomap,\\jardomddig1\profile$\luomap,Prison Officer,513
LUPGENSA,User,Arno Lupgens,\\cann98265\LupgensA,\\cann98265\profile$\LupgensA,Prison Officer,513
LUPOG,User,Giovanni Lupo,\\moj141srv001\data\users\lupog,,,513
LUXTONR,User,Richard Luxton,\\cann98265\luxtonr,\\cann98265\profile$\luxtonr,Prison Officer,513
LYDONR,User,Rob Lydon,,\\moj141srv001\data\profiles\lydonr,Business Analyst,513
LYNAMD,User,Dianne Lynam,\\norc98226\lynamd,\\norc98226\profile$\lynamd,CBC,513
LYNCHK,User,Kevin Lynch,,\\MOJ141SRV001\data\profiles\LynchK,Contract,513
LYNCHP,User,Patrick Lynch,\\perc95846\lynchp,\\perc95846\profile$\lynchp,Milligan CBS Clerical Officer,513
LYNNM,User,Matt Lynn,\\casu98264\lynnm,\\casu98264\profile$\lynnm,Prison Officer,513
LYNNR,User,Robert Lynn,\\pard98214\lynnr,\\pard98214\profile$\lynnr,Prison Officer,513
LYONG,User,Gwen Lyons,\\jardomddig1\lyong,\\jardomddig1\profile$\lyong,Jardine House,513
LYONGFOI,User,Gwen Lyons,,,Corp Services FOI,66051
LYONL,User,Lynne Lyon,,\\moj141srv001\data\profiles\lyonl,ISD 15th Library,513
LYSLEB,User,Brian Lysle,,,Riverbank Prison,66049
LYSLEJ,User,Jeffrey Lysle,\\msu98213\LysleJ,\\msu98213\profile$\LysleJ,Prison Officer,513
LYSLER,User,Reg Lysle,\\rive_res\lysler,\\rive_res\profile$\lysler,Riverbank Prison - Senior Officer,513
LYSTERB,User,Barbara Lyster,\\karn98218\LysterB,\\karn98218\profile$\LysterB,Education Officer,513
MAARFATK,User,Khushro Maarfatia,\\casu98264\maarfatk,\\casu98264\profile$\maarfatk,Prison Officer,515
MAASM,User,Markus Maas,\\CANN98265\MaasM,\\CANN98265\Profile$\MaasM,Hospital Officer,513
MACATIND,User,David Macatinney,\\casu98264\macatind,\\casu98264\profile$\macatind,FCPO,513
MACAULES,User,Steve Macauley,\\alba98266\macaules,\\alba98266\profile$\macaules,Prison Officer,513
MACCOLLJ,User,John MacColl,\\jardomddig1\maccollj,,Offender Management - Albert Facey House,513
MACDONAD,User,David MacDonald,\\cann98265\macdonad,\\cann98265\profile$\macdonad,Prison Officer,513
MACDONAM,User,Malcolm MacDonald,\\cann98265\Macdonam,\\cann98265\profile$\Macdonam,Prison Officer,513
MACEYC,User,Carole Macey,,\\mojfcsrv001\data\profiles\maceyc,Family Court Counsellor,513
MACFARLC,User,Cheryl MacFarlane,,\\MOJ141SRV001\data\profiles\MacFarlC,,513
MACFARLM,User,Mick MacFarlane,\\roeb98205\MacFarlM,\\roeb98205\profile$\MacFarlM,Prison Officer,513
MACGILLJ,User,Judith Macgill,,,Parlimentary Counsel Office,66049
MACGILLM,User,Maureen MacGill,,\\clc95896\macgillm,Supervising Court Officer,513
MACGROTTM,User,Mervyn MacGrotty,,\\moj141srv001\data\profiles\macgrottm,HR Establishment Officer,513
MACKAYT,User,Tom Mackay,,\\moj141srv001\data\profiles\mackayt,Pyrton Co-ordiantor,513
MACKIEC,User,Colin Mackie,\\roeb98205\MackieC,\\roeb98205\profile$\MackieC,Prison Officer,513
MACMILLC,User,Craig Macmillan,\\cann98265\MacmillC,\\cann98265\profile$\MacmillC,Roster Officer,513
MACMILLJ,User,John MacMillan,,,Courts Tech Group ,513
MACPHAIC,User,Colin Macphail,,\\jardomddig1\profile$\macphaic,Sheriff Office Worker,513
MACWILLH,User,Hilary Macwilliam,,,Senior Policy Officer,66049
MADAFFAC,User,Carmelo (Charlie) Madaffari,\\casu98264\MadaffaC,\\casu98264\profile$\MadaffaC,FCPO - Casuarina,513
MADAFFAP,User,Paddy Madaffari,\\wsq98263\madaffap,\\wsq98263\profile$\madaffap,Detective - Police/Prison unit,513
MADDENL,User,Leonard Madden,\\CLC95896\MaddenL,\\CLC95896\roaming$\MaddenL,Tribunals Officer,513
MAGEEJ,User,Joe Magee,,,Contractor,66049
MAGJ,User,Jorgen Mag,,,CSC - Support Engineer,513
MAGTUTOD,User,Dolores Magtuto,,\\moj141srv001\data\profiles\magtutod,Finance Officer,513
MAGURRAD,User,David Magurran,\\casu98264\magurrad,\\casu98264\profile$\magurrad,Industrial Officer,513
MAGYARE,User,Eileen Magyar,,\\moj141srv001\data\profiles\magyare,Project Manager,513
MAHARK,User,Kevin Mahar,\\eago98223\MaharK,\\eago98223\profile$\MaharK,Superintendent - Eastern Goldfields,513
MAHERF,User,Francis Maher,\\casu98264\maherf,\\casu98264\profile$\maherf,Prison Officer,513
MAHERN,User,Nathan Maher,,,System Designer,513
MAHERP,User,Peter Maher,\\casu98264\maherp,\\casu98264\profile$\maherp,FCPO,513
MAHONEYN,User,Nick Mahoney,,\\clc95896\MahoneyN,CIC - May Holman Centre,513
MAHONYG,User,Graham Mahony,,\\MOJ141SRV001\data\profiles\MahonyG,Manager Quality,513
MAIDENJ,User,John Maiden,\\band98268\maidenj,\\band98268\profile$\maidenj,Prison Officer,513
MAIRATAS,User,Sebastian Mairata,\\moj141srv001\data\users\mairatas,,OM Projects  CSC,513
MAIRF,User,Francine Mair,\\rive_res\mairf,\\rive_res\profile$\mairf,Riverbank Prison Officer,513
MAJORC,User,Craig Major,\\alba98266\majorc,\\alba98266\profile$\majorc,Prison Officer,513
MAJORS,User,Shaun Major,\\wsq98263\majors,\\wsq98263\profile$\majors,Courts Contract Staff - now at Supreme,513
MAKINGSK,User,Karen Makings,\\rocc98222\makingsk,\\rocc98222\profile$\makingsK,A/Admin Officer - Rockingham,513
MALATESP,User,P Malates,,,??????,66049
MALEL,User,Leslie Male,\\ALBA98266\MaleL,\\ALBA98266\profile$\MaleL,Prison Officer,513
MALIEPAM,User,Michelle Maliepaard,,,Senior Communications Co-ordinator,513
MALLEYS,User,Steve Malley,,,Magistrates,66049
MALLOCHJ,User,Jamie Malloch,\\madc98210\mallochj,\\madc98210\profile$\mallochj,Maddington CBC,513
MALLONJ,User,John Mallon,,,Sheriff  Central Law Courts,513
MALLONP,User,Poppy Mallon,,,Courts Executive,66049
MALONEP,User,Peter Malone,,,Magistrates,66049
MALONER,User,Richard Malone,\\band98268\maloner,\\band98268\profile$\maloner,Prison Officer,513
MALSEEDI,User,Ian Malseed,\\eago98223\malseedi,\\eago98223\profile$\malseedi,Prison Officer,513
MANDOLEB,User,Brooke Mandolene,\\JOOC98201\MandoleB,\\JOOC98201\profile$\MandoleB,Work Order Officer,513
MANDZIJN,User,Nick Mandzij,\\alba98266\mandzijn,\\alba98266\profile$\mandzijn,Coord. Admin.,513
MANGLAVA,User,Annette Pelle,\\clc95896\manglava$,\\clc95896\manglava,CRT Magistrates Courts.  Admin Assistant.,513
MANLEYR,User,Rachel Manley,\\vsssrv\manleyr,,VSS MHC ,513
MANNINGJ,User,John Manning,\\kalc98221\manningj,\\kalc98221\profile$\manningj,Clerk of the Courts,513
MANNINGP,User,Peter Manning,,\\moj141srv001\data\profiles\manningp,Registrar General's Office,66049
MANNJ,User,Jason Mann,\\GREE98261\mannj,\\GREE98261\profile$\mannj,Greenough Prison Prison Officer,513
MANRICKJ,User,Joffre Manricks,\\casu98264\manrickj,\\casu98264\profile$\manrickj,Industrial Officer,513
MANSELLJ,User,Jeff Mansell,,\\moj141srv001\data\profiles\mansellj,Architechure Consultant,513
MANSELLM,User,Michael Mansell,,,Unisys - ICMS Project,513
MANSONM,User,Martin Manson,,,Y2K Contractor,66049
MANSVELJ,User,Jack Mansveld,,\\mojopasrv001\data\profiles\mansvelj,Guardian,513
MAPLEA,User,Anthony Maple,\\GREE98261\maplea,\\GREE98261\profile$\maplea,Greenough Prison Prison Officer,513
MARAZISA,User,Ann Marazis,\\MOJ141SRV001\data\users\MarazisA,\\MOJ141SRV001\data\profiles\MarazisA,Personnel Services Officer,513
MARCUSS,User,Sophie Marcus,\\MOJ141SRV001\MarcusS,\\MOJ141SRV001\data\profiles\MarcusS,Enquiries Officer,513
MARIEJ,User,John Marie,,,Records,66049
MARINGON,User,Narelle Maringoni,\\clc95896\maringon$,\\clc95896\maringon,Sheriffs Officer,513
MARINOR,User,Robert Marino,\\casu98264\marinor,\\casu98264\profile$\marinor,Prison Officer,513
MARKHAMT,User,Terry Markham,\\cann98265\MarkhamT,\\cann98265\profile$\MarkhamT,Senior Officer,513
MARKLEWK,User,Karen Marklew,\\alba98266\marklewk,\\alba98266\profile$\marklewk,Clerical Officer - disabled 4/7/01,515
MARKLEWS,User,Sharon Marklew,\\CLC95896\MarklewS,\\CLC95896\MarklewS,Recoveries Officer,513
MARKOS,User,Suzanne Marko,\\perc95846\markos,\\perc95846\profile$\markos,Trainee Programmes Officer,513
MARKOUC,User,Casey Markou,\\jardomddig1\markouc,\\jardomddig1\profile$\markouc,Records Officer - Jardine,513
MARKWELB,User,Brian Markwell,\\bunb98262\MarkwelB,\\bunb98262\profile$\MarkwelB,Prison Officer,513
MARKWELY,User,Yvonne Markwell,\\BUNC98216\MarkwelY,\\BUNC98216\profile$\MarkwelY,ACCO (Student),513
MAROCCHR,User,Roslyn Marocchi,,,Court Officer,513
MAROLDJ,User,Joel Marold,,,Technical Support Officer - ISD,66049
MARRAM,User,Michelle Marra,\\BUNC98216\MarraM,\\BUNC98216\profile$\MarraM,Clerical Person,513
MARRELLJ,User,Jenny Marrell,\\MANC98219\MarrellJ,\\MANC98219\profile$\MarrellJ,Work experience cco,513
MARRISB,User,Bryan Marris,\\MOJ141SRV001\data\users\MarrisB,\\MOJ141SRV001\data\profiles\MarrisB,WARS 2000 Contractor,515
MARRR,User,Ros Marr,,,Court Services,66049
MARSDENA,User,Anne Marsden,\\mirc98215\MarsdenA,\\mirc98215\profile$\MarsdenA,SCCO,513
MARSDENJ,User,Jeremy Marsden,\\albc98211\Marsdenj,\\albc98211\profile$\Marsdenj,CCO,513
MARSHA,User,Alan Marsh,\\cann98265\MarshA,\\cann98265\profile$\MarshA,Senior Officer,513
MARSHALA,User,Andrew Marshall,,,Policy and Legislation,66049
MARSHALC,User,Clint Marshall,\\eago98223\MarshalC,\\eago98223\profile$\MarshalC,Prison Officer,513
MARSHALD,User,Dianne Marshall,\\vmuc98225\marshald,\\vmuc98225\profile$\marshald,Mediator,513
MARSHALE,User,Eric Marshall,\\msu98213\MarshalE,\\msu98213\profile$\MarshalE,Prison Officer,513
MARSHALG,User,Grame Marshall,,,HR Policy ,66049
MARSHALK,User,Katie Marshall,,,Courts Developer,513
MARSHALM,User,Meg Marshall,,,Counsillor,66049
MARSHALP,User,Peter Marshall,\\perc95846\MarshalP,\\perc95846\profile$\MarshalP,Policy and Legislation,513
MARSHALT,User,Tracey Marshall,\\vmuc98225\marshalt,\\vmuc98225\profile$\marshalt,A/JJO,513
MARSHAPE,User,Peter James Marshall,\\cann98265\marshape,\\cann98265\profile$\marshape,Property Officer CW Campbell Remand Canning Vale,513
MARSHW,User,Warren Marsh,\\kill98208\marshw,\\kill98208\Profile$\marshw,Group Worker - Killara,513
MARTELLV,User,Vince Martelli,\\jardomddig1\MartellV,,Mgr, Finance,513
MARTHICW,User,Wayne Marthick,\\GREE98261\marthicw,\\GREE98261\profile$\marthicw,Greenough Prison Prison Officer,513
MARTI,User,Ian Mart,\\cann98265\MartI,\\cann98265\profile$\MartI,Prison Officer,515
MARTINA,User,Anne Martin,\\mojwarsrv01\martina,\\mojwarsrv01\profile$\martina,Warminda Snr Program Support Officer,513
MARTINAN,User,Andrew Martin,\\mojnyasrv01\martinan,\\mojnyasrv01\profile$\martinan,Co-ordinator Training,513
MARTINC,User,Carolyn Martin,,,Family Court Judges chambers,513
MARTINCA,User,Candy Martin,,\\mojfcsrv001\data\profiles\martinca,Family Court Projects,513
MARTIND,User,Donna Martin,,,Records,66049
MARTINDA,User,David Martin,,,Information Officer,513
MARTINI,User,Ian Martin,,\\clc95896\martini,Chairman,66049
MARTINIL,User,Lynette Martin,,\\moj141srv001\data\profiles\martinil,Registrar General's Office,513
MARTINJ,User,John Martin,\\pard98214\MartinJ,\\pard98214\profile$\MartinJ,Farm Manager - ,513
MARTINJO,User,Joseph Martin,,\\clc95896\martinjo,Court Officer, Perth,513
MARTINK,User,Kristy Martin,\\KALC98221\MartinK,\\KALC98221\profile$\MartinK,Court Officer,513
MARTINMA,User,Mary-Anne Martin,\\perc95846\martinma,\\perc95846\profile$\martinma,FCMT,513
MARTINOM,User,Mario Martino,\\ROEB98205\MartinoM,\\ROEB98205\profile$\MartinoM,Prison Officer,513
MARTINOP,User,Peter Martino,,,Magistrate,513
MARTINOT,User,Tina Martino,,\\moj141srv001\data\profiles\martinot,Finance,513
MARTINR,User,Richard Martin,\\bunb98262\MartinR,\\bunb98262\profile$\MartinR,Prison Officer,513
MARTINS,User,Sian Martin,\\moj141srv001\data\users\martins,,Public Affairs,513
MARTINT,User,Tracy Martin,,,Criminal Inj,66049
MARTINW,User,Wesley Martin,\\moj141srv001\data\users\martinw,,CSC - Systems Support Analyst,513
MARWICKP,User,Paul Marwick,\\alba98266\MarwickP,\\alba98266\profile$\MarwickP,Prison Officer,513
MASONB,User,Beverley Mason,\\BUNB98262\masonb,\\BUNB98262\Profile$\masonb,Clerk,513
MASONG,User,Gary Mason,,,Reconcilliation-Payroll,513
MASONGRA,User,Graeme Mason,\\carc98346\masongra,\\carc98346\Profile$\masongra,SCCO,513
MASONL,User,Lydia Mason,\\PERC95846\MasonL,\\PERC95846\profile$\MasonL,Student,513
MASS,User,Sandra Mas,\\clc95896\mass$,\\mojgabsrv01\profile$\mass,Court Officer,513
MASSIEG,User,Gary Massie,\\casu98264\massieg,\\casu98264\profile$\massieg,Prison Officer,513
MASTORD,User,Dot Mastor,\\alba98266\mastord,\\alba98266\profile$\mastord,Prison Officer,513
MASTRANP,User,Peter Mastrantonio,,,ISD TI Contractor,66049
MATELJAA,User,Adrian Mateljan,,,ISD Intranet Project,66051
MATHAML,User,Marie-Louise Matha,,,Kim Cadamy-T's Personal Assistant,66051
MATHESOA,User,Amanda Matheson,\\casu98264\mathesoa,\\casu98264\profile$\mathesoa,Admin Cleric,513
MATHESOP,User,Philip Matheson,\\casu98264\mathesop,\\casu98264\profile$\mathesop,Prison Officer,513
MATHEWA,User,Abe Mathew,\\benc_res\Mathewa,\\benc_res\profile$\Mathewa,Bentley CBS User,513
MATHEWSJ,User,James Mathews,,,Contractor - PW not to expire - kenc,66049
MATHEWSR,User,Ruth Matthews,\\woor98267\mathewsr,\\woor98267\profile$\mathewsr,Registered Nurse,513
MATTHETE,User,Terry Matthews,\\cann98265\matthete,,Senior Officer - Canning Vale,513
MATTHEWD,User,Daniel Matthews,\\gree98261\matthewd,\\gree98261\profile$\matthewd,Prison Officer,513
MATTHEWK,User,Kim Matthews,\\MOJ141SRV001\data\users\MatthewK,\\MOJ141SRV001\data\profiles\MatthewK,Snr Human Resources Officer,513
MATTHEWR,User,Rod Matthews,,,ISD SBS,66049
MATTHEWT,User,Todd Matthewson,,,CSC - Help Desk Analyst,513
MATTHEYE,User,Eben Mattheys,\\CASU98264\MattheyE,\\CASU98264\profile$\MattheyE,Psychologist,513
MAULEL,User,Linda Maule,\\perc95846\maulel,\\perc95846\profile$\maulel,Milligan CBS Snr Program Officer,513
MAURERM,User,Mervyn Maurer,\\GREE98261\maurerm,\\GREE98261\profile$\maurerm,Greenough Prison FCPO,513
MAXPA,User,Public Affairs - Mac Mail,,,Macintosh - Public Affair POP3 access,66113
MAXWELLM,User,Margaret Maxwell,\\kill98208\maxwellm,\\kill98208\profile$\maxwellm,JJ Officer,513
MAYESG,User,Graham Mayes,\\alba98266\mayesg,\\alba98266\profile$\mayesg,Prison Officer,513
MAYP,User,Paula May,\\WSQ98263\MayP,\\WSQ98263\profile$\MayP,Project Officer,513
MAYZEK,User,Kathryn Mayze,,\\mojfcsrv001\data\profiles\MayzeK,Data Entry Officer,513
MAZZELLG,User,Giancarlo Mazzella,\\casu98264\mazzellg,\\casu98264\profile$\mazzellg,Hospital Officer,515
MAZZIOTJ,User,Jane Mazziotta,,,Liaison Officer,66049
MCADAMA,User,Alan McAdam,\\alba98266\mcadama,\\alba98266\profile$\mcadama,Senior Officer,513
MCADAMF,User,Francis McAdam,,,CSO Records,66049
MCADAMK,User,Katie McAdamTokunaga,,,HR Training,66049
MCADAMT,User,Terry McAdam,\\clc95896\mcadamt$,\\clc95896\mcadamt,Court Services,513
MCALLISS,User,Sandy Mcallister,\\alba98266\mcalliss,\\alba98266\profile$\mcalliss,Cashier,513
MCALLIST,User,Tom Mcallister,\\alba98266\mcallist,\\alba98266\profile$\mcallist,Assistant Supt,513
MCALPING,User,Gordon McAlpine,\\casu98264\mcalping,\\casu98264\profile$\mcalping,Prison Officer,513
MCARDLEL,User,Linda McArdle,,,victim support officer,513
MCATEERD,User,Derick McAteer,\\casu98264\mcateerd,\\casu98264\profile$\mcateerd,Prison Officer,513
MCAULEYD,User,Damon McAuley,\\casu98264\mcauleyd,\\casu98264\profile$\mcauleyd,Prison Officer,513
MCBRIDEJ,User,Judith McBride,\\broo98202\McBrideJ,\\broo98202\profile$\McBrideJ,A/Record Officer,513
MCBRIDEM,User,Maureen McBride,\\gerc98200\mcbridem,\\gerc98200\profile$\mcbridem,Geraldton CBS Work Order Officer,513
MCBRIDJA,User,Jann McBride,\\perc95846\mcbridja,\\perc95846\profile$\mcbridja,Prison Services Milligan St.,513
MCCABEJ,User,Joanne McCabe,\\casu98264\mccabej,\\casu98264\profile$\mccabej,Hospital Officer - disabled 27/6/01,515
MCCAGHG,User,Geoff McCagh,\\GREE98261\McCaghG,\\GREE98261\profile$\McCaghG,Storeman - Greenough,513
MCCALLJ,User,Judy McCall,\\bunb98262\mccallj,\\bunb98262\profile$\mccallj,Nurse,513
MCCALLUJ,User,Jackie McCallum,\\perc95846\mccalluj,\\perc95846\profile$\mccalluj,Clerical,513
MCCALLUK,User,Karin McCallum,,,Records Officer,66051
MCCALLUR,User,Robert McCallum,\\casu98264\mccallur,\\casu98264\profile$\mccallur,Casuarina Prison Officer,513
MCCALLUS,User,Sylvia McCallum,\\vsssrv\McCalluS,\\vsssrv\Profiles$\McCalluS,Receptionist - VSS,513
MCCALMAG,User,Gregor Mccalman,,\\mojfcsrv001\data\profiles\MccalmaG,Family Court Projects,513
MCCANNS,User,Sinead McCann,\\midc98212\McCannS,\\midc98212\profile$\McCannS,CCO,513
MCCARTD,User,Ronald Michael McCarthy,,\\clc95896\mccartd,Court Officer,513
MCCARTHB,User,Bruce McCarthy,\\alba98266\mccarthb,\\alba98266\profile$\mccarthb,Prison Officer,513
MCCARTHC,User,Carl McCarthy,\\casu98264\McCarthC,\\casu98264\profile$\McCarthC,Prison Officer,513
MCCARTHG,User,Gerard McCarthy,\\mojwarsrv01\McCarthG,\\mojwarsrv01\profile$\McCarthG,A/Prog. Supp. Officer,513
MCCARTHM,User,Margaret McCarthy,\\CANN98265\McCarthM,\\CANN98265\profile$\McCarthM,Registered Nurse,513
MCCARTHR,User,Ron McCarthy,\\clc95896\mccarthr,\\clc95896\mccarthr,Local Court,513
MCCLUED,User,Deans McClue,\\karn98218\McClueD,\\karn98218\profile$\McClueD,Superintendent - Karnet Prison Farm,513
MCCLYMAB,User,Brian McClymans,\\gree98261\mcclymab,\\gree98261\profile$\mcclymab,A/Maintenance,513
MCCOMBJU,User,Judith McCombe,,,Manager Training - Canning Vale Prison,66049
MCCONNAG,User,Graham McConnachie,\\cann98265\McConnaG,\\cann98265\profile$\McConnaG,Prison Officer,513
MCCORMAD,User,Darren McCormack,\\pabo98220\mccormad,\\pabo98220\profile$\mccormad,A/Manager Sentence Information Unit,513
MCCORMIC,User,Christopher McCormick,\\CASU98264\McCormiC,\\CASU98264\profile$\McCormiC,Bakery Instructor,513
MCCOURTK,User,KeithMcCourt,\\casu98264\mccourtk,\\casu98264\profile$\mccourtk,Prison Officer,513
MCCRACKS,User,Shelley McCracken,\\band98268\mccracks,\\band98268\profile$\mccracks,Prison Officer,513
MCCREERV,User,Verdell McCreery,,,Court Officer,513
MCCRORIT,User,Thomas McCrorie,\\eago98223\McCroriT,\\eago98223\profile$\McCroriT,FCPO,513
MCCULLAG,User,Graham McCullagh,\\CANN98265\McCullaG,\\CANN98265\profile$\McCullaG,Prison Officer,513
MCCULLOK,User,Kristine McCulloch,\\WSQ98263\McCulloK,\\WSQ98263\profile$\McCulloK,Counsellor,513
MCDANNOM,User,Miriam McDannold,,\\moj141srv001\data\profiles\mcdannom,RGO,513
MCDERMOD,User,Darren McDermott,,,PCO,66049
MCDERMON,User,David McDermont,,,Police/Justice Core Functions,66049
MCDONALA,User,Arthur McDonald,\\casu98264\mcdonala,\\casu98264\profile$\mcdonala,Prison Officer,513
MCDONALJ,User,Jason McDonald,,,BCA Contractor,513
MCDONALJO,User,Joanne Mcdonald,\\bunb98262\mcdonaljo,\\bunb98262\profile$\McDonalJo,A/Admin Assist.,513
MCDONALP,User,Penelope McDonald,\\bunc98216\McDonalP,\\bunc98216\profile$\McDonalP,CCO,513
MCDONALS,User,Suzanne McDonald,,,Court Officer - South Headland,513
MCDONNEP,User,Peter McDonnell,\\cann98265\McDonneP,\\cann98265\profile$\McDonneP,Prison Officer,513
MCDOUGAA,User,Andrew McDougall,\\casu98264\mcdougaa,\\casu98264\profile$\mcdougaa,Prison Officer,513
MCDOUGAI,User,Ian McDougall,\\perc95846\mcdougai,\\perc95846\profile$\mcdougai,TOMS Master Trainer,513
MCDOUGAL,User,Lesley McDougall,,,Project Officer,66049
MCEWANC,User,Colin Mcewan,\\cann98265\mcewanc,\\cann98265\profile$\mcewanc,Prison Officer - Hakea,513
MCEWANM,User,Maureen McEwan,\\ranj98224\mcewanm,\\ranj98224\profile$\mcewanm,Registered Nurse,513
MCGEOWNL,User,Leslie Mcgeown,\\mojnyasrv01\mcgeownl,\\mojnyasrv01\profile$\mcgeownl,Investigator,513
MCGILLIC,User,Christine McGillivray,,,JJD JJ Officer,66049
MCGILLICH,User,Chris McGillivray,\\jooc98201\mcgillich,\\jooc98201\profile$\mcgillich,A/JJO,513
MCGINLAH,User,Hugh McGinlay,,,Records,66049
MCGIVERC,User,Catherine McGivern,\\band98268\mcgiverc,\\band98268\profile$\mcgiverc,Nurse,513
MCGLYNNT,User,Teresa McGlynn,,\\moj141srv001\data\profiles\mcglynn,Psychologist,513
MCGONIGL,User,Laurence McGonigle,,\\moj141srv001\data\profiles\mcgonigl,Project Manager - Corp/Legal ISD,513
MCGRATHC,User,Cheryl McGrath,,\\clc95896\mcgrathc,Senior Court Officer, Perth,513
MCGRATHK,User,Kim McGrath,\\band98268\mcgrathk,\\band98268\profile$\mcgrathk,Nursing Staff,515
MCGREGOA,User,Allyson McGregor,,,Senior Court Officer,513
MCGREGOB,User,Bruce McGregor,\\casu98264\mcgregob,\\casu98264\profile$\mcgregob,Prison Officer,513
MCGREGOJ,User,John McGregor,\\cann98265\mcgregoj,\\cann98265\profile$\mcgregoj,,513
MCGREGOM,User,Mal McGregor,\\karn98218\McGregoM,\\karn98218\profile$\McGregoM,Prison Officer- Karnet,513
MCGREGOP,User,Peter McGregor,\\roeb98205\McGregoP,\\roeb98205\profile$\McGregoP,Senior Officer,513
MCGUINNM,User,Marjorie McGuinness,\\CLC95896\McGuinnM$,\\CLC95896\McGuinnM,Registry Manager,513
MCGUIREC,User,Claude McGuire,\\GREE98261\McGuireC,\\GREE98261\profile$\McGuireC,Prison Officer,513
MCGUIREM,User,Michael McGuire,,,Magistrates,66049
MCGUIRKM,User,Maxine McGuirk,\\mojvppsrv01\McGuirkM,\\mojvppsrv01\profile$\McGuirkM,Clerical Officer,513
MCGUIRM,User,Morris McGuire,\\WOOR98267\McGuirM,\\WOOR98267\profile$\McGuirM,Prison Officer,513
MCHUGHP,User,Pam McHugh,\\banj98227\McHughP,\\banj98227\profile$\McHughP,Nursing Sister,513
MCINTOSL,User,Lorraine Mcintosh,,,Pharmacy Technician,513
MCINTYRT,User,Terrence John McIntyre,,,Magistrates,66049
MCIVERL,User,Linda McIver,,\\frec98207\mciverl,Court Officer,513
MCIVORC,User,Chris McIvor,,\\moj141srv001\data\profiles\mcivorc,Personal Assistant,513
MCKAYA,User,Alexander McKay,\\banj98227\mckaya,\\banj98227\profile$\mckaya,Group Worker,513
MCKAYH,User,Heather McKay,\\BAND98268\McKayH,\\BAND98268\profile$\McKayH,Prison Officer,513
MCKEAIGA,User,Greg McKeaig,\\wsq98263\mckeaiga,\\wsq98263\Profile$\mckeaiga,Bandyup Prison - Senior Officer,513
MCKEAIGN,User,Neil Mckeaig,\\casu98264\mckeaign,\\casu98264\profile$\mckeaign,Senior Officer,513
MCKENNAS,User,Sue McKenna,,,JJ Bunbury ??,66049
MCKENNED,User,David Mckenney,\\cann98265\MckenneD,\\cann98265\profile$\MckenneD,Senior Officer - CWC Remand,513
MCKENS,User,Susan McKenna,\\bunc98216\McKenS,\\bunc98216\profile$\McKenS,A/CCO,66049
MCKENZIEJ,User,James McKenzie,\\halc98338\mckenziej,\\halc98338\profile$\mckenziej,Halls Creek Manager,513
MCKENZIM,User,Matthew McKenzie,\\cann98265\mckenzim,\\cann98265\profile$\mckenzim,Programmes Officer,513
MCKEOWNA,User,Ashley McKeown,,\\CLC95896\mckeowna,Local Court,513
MCKIEH,User,Hugh Mckie,\\casu98264\mckieh,\\casu98264\profile$\mckieh,Prison Officer,513
MCKIEJ,User,Joan McKie,,,Regional Counsellor VSS - Derby,513
MCKINNOH,User,Helen Mckinnon,,\\moj141srv001\data\profiles\mckinnoh,Data Entry Officer,513
MCLACHLG,User,Gemma McLachlan,\\CLC95896\McLachlG$,\\CLC95896\McLachlG,Receptionist,513
MCLACHLS,User,Susan Mclachlan,,\\mojfcsrv001\data\profiles\MclachlS,Family Court Judges chambers,513
MCLARENN,User,Nina McLaren,,,Acting Director Corp Services,513
MCLAUCHW,User,Wayne McLauchlan,,\\moj141srv001\data\profiles\mclauchw,Contracts and Services,513
MCLAUGHE,User,Erica McLaughlin,\\kill98208\mclaughe,\\kill98208\Profile$\mclaughe,Killara Support Services Case Worker,513
MCLAUGHM,User,Maureen Mclaughlin,\\CASU98264\MclaughM,\\CASU98264\Profile$\MclaughM,Prison Officer,513
MCLAUGJ,User,John  McLaughlan,\\bunb98262\McLaugJ,\\bunb98262\profile$\McLaugJ,Prison Officer,513
MCLEAND,User,Debra Mclean,,\\jooncrtibm1\mcleand,Senior Court Officer,513
MCLEISHC,User,Colin McLeish,\\casu98264\mcleishc,\\casu98264\profile$\mcleishc,Prison Officer,513
MCLEODA,User,Alison McLeod,,,HR Industrial Relations,66051
MCLEODK,User,Kerry McLeod,\\benc_res\McLeodk,\\benc_res\profile$\McLeodK,CCO,513
MCLEODM,User,Madeleine Mcleod,\\vmuc98225\mcleodm,\\vmuc98225\profile$\mcleodm,Compliance Officer,513
MCLERNOJ,User,Justin McLernon,\\jooc98201\mclernoj,\\jooc98201\profile$\mclernoj,Student,513
MCLERNOS,User,Stephen McLernon,,,IT Analyst programmer,513
MCMAHONC,User,Christopher McMahon,\\cann98265\McMahonC,\\cann98265\profile$\McMahonC,Prison Officer,513
MCMAHONE,User,Erica Mcmahon,,\\mojfcsrv001\data\profiles\McMahonE,Family Court Listings,513
MCMAHONJ,User,Josephine McMahon,,\\moj141srv001\data\profiles\mcmahonj,Admin Ass.,513
MCMAHONN,User,Nicola McMahon-Winter,\\banj98227\mcmahonn,\\banj98227\profile$\mcmahonn,Groupworker,513
MCMANUSP,User,Peter McManus,\\pard98214\McManusP,\\pard98214\profile$\McManusP,Prison Officer,513
MCMASTEVI,User,Vincent McMaster,\\jooc98201\mcmastevi,\\jooc98201\profile$\mcmastevi,Joondalup SCCO,513
MCMENEMK,User,Kyle McMenemy,,\\moj141srv001\data\profiles\mcmenemk,CSC - Help Desk Analyst,513
MCMERRIB,User,Brett McMerrin,\\kunc98337\mcmerrib,\\KUNC98337\Profile$\mcmerrib,Kununurra CBS Manager,513
MCMULLAJ,User,Jacqueline McMullan,\\wsq98263\mcmullaj,\\wsq98263\profile$\mcmullaj,Co-Ordinator Accounting Control,66049
MCMULLEA,User,Allan McMullen,\\bunb98262\McMulleA,\\bunb98262\profile$\%usernam,Prison Officer,513
MCNAMADA,User,David McNamara,\\ranj98224\mcnamada,\\ranj98224\profile$\mcnamada,Groupworker - Rangeview,513
MCNAMAMI,User,Michelle McNamara,,,CSC - Inventory Administration,513
MCNAMARL,User,Liam McNamara,,\\moj141srv001\data\profiles\mcnamarl,Policy & Legislation,513
MCNAMARM,User,Mick Mcnamara,\\alba98266\mcnamarm,\\alba98266\profile$\mcnamarm,Prison Officer,513
MCNAMEES,User,Sarah McNamee,,\\MOJ141SRV001\data\profiles\McNameeS,Data Entry Officer,513
MCNEILK,User,Kim McNeil,,\\moj141srv001\data\profiles\mcneilk,HR Personnel Services Officer,513
MCNEILLL,User,Lisa McNeill,,,Records,66049
MCOURT1,User,In-court resulting,,,Fremantle Crt pilot,515
MCOURT2,User,In-Court resulting,,,Fremantle Crt pilot,515
MCPHEEL,User,Lesley McPhee,,\\moj141srv001\data\profiles\mcpheel,Accounts Officer,513
MCPHEEM,User,Marianne Mcphee,\\bunb98262\mcpheem,\\bunb98262\profile$\mcpheem,Education Officer,513
MCPHERG,User,Graham McPherson,\\rocc98222\McPherG,\\rocc98222\profile$\McPherG,A/SJJO,513
MCPHERSC,User,Carol McPherson,\\clc95896\mcphersc$,\\clc95896\mcphersc,Court Officer,513
MCPHERSD,User,Donald McPherson,\\banj98227\mcphersd,\\banj98227\profile$\mcphersd,Group Worker,513
MCPHERSG,User,Graham McPherson,,,JJD JJ Officer,66049
MCROSTIC,User,Cheryl McRostie,,,Court Services,66051
MCSEVICM,User,Moray McSevich,\\albc98211\mcsevicm,\\albc98211\profile$\mcsevicm,Manager,513
MEADD,User,Denise Mead,\\wsq98263\meadd,\\wsq98263\profile$\meadd,Forensic Case Manager,513
MEADOWSR,User,Robert Meadows,,\\MOJ141SRV001\data\profiles\MeadowsR,Solcitor General,513
MEARSK,User,Karen Mears,\\cann98265\mearsk,\\cann98265\profile$\mearsk,Officer - CREM,513
MEASHAMA,User,Alison Measham,\\woor98267\meashama,\\woor98267\profile$\meashama,Education Centre Officer - Wooroloo,513
MEDDINR,User,Rachel Meddin,,,JJD JJ Officer,66049
MEDDINS,User,Sarah Meddin,,,Assistand to Recruitment Officer,66051
MEINSK,User,Kylie Meins,,\\moj141srv001\data\profiles\meinsk,Executive Support Officer ,513
MEIRIR,User,Rueven Meiri,\\ranj98224\meirir,\\ranj98224\profile$\meirir,Senior Officer,513
MELANKON,User,Nicholas Melanko,\\wsq98263\melankon,\\wsq98263\profile$\melankon,Policy Branch,66049
MELLINGG,User,Gordon Melling,\\woor98267\MellingG,\\woor98267\profile$\MellingG,Prison Officer,513
MELLN,User,Norma Mell,,,Accounts Manager - FER,66049
MELTONM,User,Mary Melton,\\band98268\meltonm,\\band98268\profile$\meltonm,Nursing Staff,513
MELVILLM,User,Michelle Melville-Main,\\carc98346\melvillm,\\carc98346\profile$\melvillm,JJ Geraldton,513
MELVINA,User,Adrienne Melvin,,\\moj141srv001\data\profiles\melvina,HR Senior Personnel Officer,513
MENONH,User,Harry Menon,\\casu98264\menonh,\\casu98264\profile$\menonh,Prison Officer,515
MENTIPLG,User,Gary Mentiplay,\\karn98218\MentiplG,\\karn98218\profile$\MentiplG,Prison Officer,513
MERCERK,User,Kim Mercer,\\cann98265\Mercerk,\\cann98265\profile$\Mercerk,FCMT,513
MERCERL,User,Lindsay Mercer,\\KARN98218\MercerL,\\KARN98218\profile$\MercerL,Vocational Training Skill Dev Officer,513
MERCERP,User,Pam Mercer,,,Sheriffs office,66049
MERDZANR,User,Robert Merdzan,\\cann98265\MerdzanR,\\cann98265\profile$\MerdzanR,Prison Officer,513
MEREDITC,User,Clare Meredith,,,JJD JJ Officer,66049
MERILIOB,User,Barry Merilion,\\alba98266\meriliob,\\alba98266\profile$\meriliob,Senior Officer,513
MERINGTJ,User,Julie Merington,\\WOOR98267\MeringtJ,\\WOOR98267\profile$\MeringtJ,Relief Typist,513
MERRIAMC,User,Charles Merriam,,\\clc95896\merriamc,Delegate of Strata Titles Referee,66049
MERRILLD,User,David Merrill,\\cann98265\merrilld,\\cann98265\profile$\merrilld,Prison Officer,513
MERRITTB,User,Bryan Merritt,,,Project Officer,66049
MERRITTL,User,Lance Merritt,,\\clc95896\merrittl,Police/Justice Core Functions,66049
MERTENSD,User,Dale Mertens,\\banj98227\mertensd,\\banj98227\profile$\mertensd,Group Worker,513
MESCHIAK,User,Kaye Meschiati,,\\clc95896\meschiak,Secretary,513
MESITIS,User,Sam Mesiti,\\banj98227\mesitis,\\banj98227\profile$\mesitis,Senior Officer,513
METCALFH,User,Honor Metcalf,\\perc95846\metcalfh,\\perc95846\profile$\metcalfh,Administration Assistant,513
METCALFP,User,Peta Metcalfe,\\ROCC98222\MetcalfP,\\ROCC98222\profile$\MetcalfP,Work Experience,513
MEYERG,User,Gerard Meyer,\\casu98264\meyerg,\\casu98264\profile$\meyerg,Prison Officer,513
MEYERINT,User,Theodoor Meyerink,\\casu98264\meyerint,\\casu98264\profile$\meyerint,Prison Officer,513
MEYERL,User,Lorien Meyer,\\MADC98210\MeyerL,\\MADC98210\profile$\MeyerL,JJ Officer,513
MICHELIP,User,Peter Michelides,,,Magistrates,66049
MIDDLETD,User,David Middleton,\\eago98223\middletd,\\eago98223\profile$\middletd,Prison Officer,513
MIDDLETR,User,Rhona Middleton,\\BANJ98227\MiddletR,\\BANJ98227\profile$\MiddletR,Registered Nurse,513
MIDLANDCBS,User,Midland Community Based Services,,,Generic Login,513
MIDWOODC,User,Christine Midwood,,\\mojfcsrv001\data\profiles\MidwoodC,Counselling,513
MIHAILOE,User,Erica Mihailovic,\\band98268\mihalaie,\\band98268\profile$\mihalaie,Prison Officer,513
MILDENHR,User,Rosalind Mildenhall,\\BAND98268\MildenhR,\\BAND98268\profile$\MildenhR,Prison Officer,513
MILESK,User,Kelly Miles,\\kalc98221\milesk,\\kalc98221\profile$\milesk,Clerical - Kalgoorlie CBS,513
MILESM,User,Micheal Miles,\\banj98227\Milesm,\\banj98227\profile$\Milesm,Group Worker - Banksia Hill,513
MILEWICM,User,Margaret Milewicz,\\wsq98263\milewicm,\\wsq98263\profile$\milewicm,Contracts & Services,66049
MILLANEN,User,Nicole Millane,\\MOJ141SRV001\data\users\MillaneN,\\MOJ141SRV001\data\profiles\MillaneN,Public affairs Assistant,513
MILLARDD,User,Dan Millard,,\\moj141srv001\data\profiles\millardd,HR Employee Welfare,513
MILLARDM,User,Melissa Millard,\\kalc98221\MillardM,\\kalc98221\profile$\MillardM,Admin Officer,513
MILLARW,User,William Millar,,\\clc95896\millarw,Assessor - Criminal Injuries Compensation,513
MILLARWI,User,William Millar,\\clc95896\millarwi$,\\clc95896\millarwi,Assessor,513
MILLERA2,User,Astrid Miller,,,Tset account used by John Dicker,513
MILLERD,User,Deborah Miller,,,Regional Counsellor VSS - Esperance,513
MILLERDO,User,Dominique Miller,\\BAND98268\MillerDo,\\BAND98268\profile$\MillerDo,Nurse,513
MILLERG,User,Glenice Miller,\\bunb98262\MillerG,\\bunb98262\profile$\MillerG,Industrial Officer,513
MILLERH,User,Helen Miller,\\eago98223\MillerH,\\eago98223\profile$\MillerH,Prison Officer,513
MILLERJ,User,James Miller,\\bunb98262\MillerJ,\\bunb98262\profile$\MillerJ,Prison Officer,513
MILLERK,User,Karen Miller,\\gerc98200\millerk,\\gerc98200\profile$\millerk,Acting CCO,513
MILLERMA,User,Max Miller,\\eago98223\MillerMa,\\eago98223\profile$\MillerMa,Senior Officer,513
MILLERS,User,Steve Miller,\\midc98212\millers,\\midc98212\profile$\millers,Midland CBS SJJO,513
MILLERSA,User,Sandra Miller,\\CANN98265\MillerSa,\\CANN98265\profile$\MillerSa,Admin Officer,513
MILLERSC,User,Scott Miller,\\casu98264\MillerSc,\\casu98264\profile$\MillerSc,Prison Officer,513
MILLERW,User,Wilfred Miller,\\casu98264\millerw,\\casu98264\profile$\millerw,Prison Officer,513
MILLERWJ,User,Judith Miller-Warke,,,Policy Programs and Projects,66049
MILLINGM,User,Mark Millington,\\GREE98261\millingm,\\GREE98261\profile$\millingm,Greenough Prison Prison Officer,513
MILLINMA,User,Maureen Milling,,\\MOJGABSRV01\profile$\MillinMa,Estates Officer,513
MILLSE,User,Elaine Mills,\\perc95846\millse,\\perc95846\profile$\millse,Clerical Officer,513
MILLSK,User,Kerry Mills,,\\moj141srv001\data\profiles\millsk,ISD 15th Library,513
MILLSKE,User,Kevin Mills,\\cann98265\MillsKe,\\cann98265\profile$\MillsKe,Prison Officer,513
MILLSR,User,Robert Mills,,\\moj141srv001\data\profiles\millsr,Aboriginal Policy and Services,513
MILLSRIC,User,Rick Mills,\\casu98264\MillsRic,\\casu98264\profile$\MillsRic,Senior Officer,513
MILLSS,User,Simon Mills,\\broc98203\MillsS,\\broc98203\profile$\MillsS,A/JJO,513
MILLST,User,Tom Mills,\\wsq98263\millst,\\wsq98263\profile$\millst,Detective Sergeant - Police/Prisons unit,513
MILLSTEM,User,Michael Millsteed,,\\clc95896\millstem,Part Time Referee,66049
MILLWART,User,Tom Millward,,,Albany Court Officer,66049
MILND,User,David Miln,\\cann98265\MilnD,\\cann98265\profile$\MilnD,Prison Officer,513
MILNEC,User,Chris Milne,\\cann98265\milnec,\\cann98265\profile$\milnec,OM Chief Pharmacist, Canning Vale,513
MILNED,User,Douglas Milne,\\broo98202\MilneD,\\broo98202\profile$\MilneD,Prison Officer,513
MILNES,User,Silvana Milne,,\\clc95896\milnes,Court Officer,513
MILROYW,User,William Milroy,,\\moj141srv001\data\profiles\milroyw,Aboriginal Policy and Services,513
MILVERTG,User,Gary Milverton,\\perc95846\milvertg,\\perc95846\profile$\milvertg,Prison Catering,513
MINERSK,User,Kate Miners,,\\moj141srv001\data\profiles\minersk,Clerical Officer,513
MINETTB,User,Brian Minett,\\woor98267\MinettB,\\woor98267\profile$\MinettB,Senior Officer - Wooroloo,513
MINNOCKC,User,Christine Minnock,\\roec98206\minnockc,\\roec98206\profile$\minnockc,Clerical Officer,513
MINSHALZ,User,Zoe Minshall,\\PORC500036\MinshalZ,\\PORC500036\profile$\MinshalZ,CCO,513
MIRRVIS,User,Mirrabooka Visitors,\\mirc98215\mirrvis,\\mirc98215\profile$\mirrvis,Mirrabooka Visitors,66049
MISKIEWB,User,Barbara Miskiewicz,,,Senior Court Officer,513
MISQUITC,User,Charmaine Misquitta,,,GAB - Listings Officer,66049
MITCHELA,User,Allan Mitchell,\\casu98264\mitchela,\\casu98264\profile$\mitchela,Prison Officer ,513
MITCHELC,User,Clive Mitchell,\\cann98265\mitchelc,\\cann98265\profile$\mitchelc,Prison Officer,513
MITCHELD,User,Donna Mitchell,,\\moj141srv001\data\profiles\mitcheld,HR Policy and Development,513
MITCHELG,User,Grant Mitchell,\\bunb98262\MitchelG,\\bunb98262\profile$\MitchelG,FCPO,513
MITCHELLA,User,Alicia Mitchell,\\kalc98221\MitchellA,\\kalc98221\profile$\MitchellA,WOO,513
MITCHELP,User,Peter Mitchell,,,Court Services,513
MITCHELR,User,Robert mitchell,,,CSO Records,66049
MITCHELS,User,Susan Mitchell,,\\moj141srv001\data\profiles\MitchelS,Human Resources - Career Transition Consultant,513
MITCHERO,User,Roz Mitchell,,\\mojfcsrv001\data\profiles\MitcheRo,Family Court Magistrates chambers,513
MITCHESA,User,Sally-Anne Mitchell,\\CLC95896\private$\MitcheSa,,ICMS - Developement Contractor,66049
MLODZIKL,User,Lila Mlodzik,,\\moj141srv001\data\profiles\mlodzikl,Data Processing Officer, Registrar General's Off,66049
MODINT,User,Tracey Modin,\\wsq98263\modint,\\wsq98263\profiles$\modinT,Clerical Assistant,515
MOHANB,User,Bruce Mohan,,,ICMS - Data Warehouse,66049
MOHANNS,User,Saras Mohann,,\\MOJ141SRV001\data\profiles\MohannS,Finance Officer,513
MOHIM,User,Madge Mohi,\\BROO98202\MohiM,\\BROO98202\profile$\MohiM,Acting Education Officer,513
MOIRS,User,Susanne Moir,,\\MOJ141SRV001\data\profiles\MoirS,PSO,513
MOJO,User,MOJO Administrator,,,Built-in account for administering the computer/domain,66049
MOLAA,User,Angie Mola,,,Graduate - Court Services/HR,66049
MOLENDIM,User,Michelle Molendi,,\\rocc98222\data\profiles\molendim,A/Clerical Officer - Rockingham,513
MOLLICAP,User,Pina Mollica,,\\clc95896\mollicap,Judicial Support Officer,513
MOLONEYF,User,Franc Moloney,,,JJD JJ Officer, disabled 1/3/00,515
MOLONEYFR,User,Frank Moloney,\\perc95846\moloneyfr,\\perc95846\profile$\moloneyfr,Clerical Officer,513
MONACOR,User,Rhonda Monaco,\\wsq98263\monacor,\\wsq98263\profile$\monacor,PA,513
MONAGHAD,User,David Monaghan,,\\mojfcsrv001\data\profiles\MonaghaD,Family Court Magistrates chambers,513
MONAHANZ,User,Zoe Monahan,,\\MOJ141SRV001\data\profiles\MonahanZ,Reconciliation Officer,513
MONGOOJ,User,Joshua Mongoo,\\GREE98261\MongooJ,\\GREE98261\profile$\MongooJ,Prison Officer,513
MONKA,User,Anthony Monk,\\woor98267\MonkA,\\woor98267\profile$\MonkA,Prison Officer,513
MONKL,User,Lana Monk,\\woor98267\MonkL,\\woor98267\profile$\MonkL,Relief Cashier,513
MONTANUW,User,Walter Montanus,\\wsq98263\MontanuW,\\wsq98263\Profile$\MontanuW,OM - Service Procurement,513
MONTEROS,User,Anthony Monterosso,,\\clc95896\monteros,Senior Court Officer,513
MOOREA,User,Alan Moore,\\cann98265\MooreA,\\cann98265\profile$\MooreA,Prison Officer,515
MOOREC,User,Carolyn Moore,\\gerc98200\moorec,,Snr Court Officer ,513
MOORECRA,User,Adrian Moore-Crouch,,,Developer 16th Floor courts,66051
MOOREG,User,Gary Moore,,\\MOJ141SRV001\data\profiles\MooreG,Personnel Services Officer,513
MOOREH,User,Hazel Moore,\\perc95846\mooreh,\\perc95846\profile$\mooreh,SCCO - Perth CBS,513
MOOREHE,User,Helen Moore,\\woor98267\moorehe,\\woor98267\profile$\moorehe,Registered Nurse,513
MOOREI,User,Ian Moore,\\cann98265\MooreI,\\cann98265\profile$\MooreI,Senior Officer,513
MOOREJ,User,John Moore,\\eago98223\MooreJ,\\eago98223\profile$\MooreJ,FCPO,513
MOOREJE,User,Jeremy Moore,\\roeb98205\MooreJe,\\roeb98205\profile$\MooreJe,Prison Officer,513
MOOREJES,User,Jessica Moore,,\\clc95896\moorejes,Receptionist,66049
MOOREK,User,Kevin Moore,\\woor98267\MooreK,\\woor98267\profile$\MooreK,Prison Officer,513
MOOREKEN,User,Ken Moore,,,Magistrates,66049
MOOREL,User,Lucy Moore,,,,66049
MOOREP,User,Peter Moore,\\wsq98263\moorep,\\jardomddig1\profile$\moorep,Acacia - Milligan CBS Director,513
MOOREPA,User,Paul Moore,\\GREE98261\moorepa,\\GREE98261\profile$\moorepa,Greenough Prison FCPO,513
MORANM,User,Mary Moran,\\banj98227\moranm,\\banj98227\profile$\moranm,Group Worker,513
MORETONK,User,Keith Moreton,\\jardomddig1\moretonk,\\wsq98263\Profile$\moretonk,Supervisor Data Integrity - Jardine,513
MORFEAN,User,Natalino Morfea,\\cann98265\morfean,\\cann98265\profile$\morfean,Prison Officer,513
MORGANC,User,Catherine Morgan,,,Crown Prosecutor,513
MORGAND,User,Doug Morgan,\\EAGO98223\MorganD,\\EAGO98223\profile$\MorganD,Nursery Officer,513
MORGANJA,User,Janice Morgan,\\casu98264\morganj,\\casu98264\profile$\morganj,Sentence Planning Officer,513
MORGANJO,User,Josephine Morgan,,\\CLC95896\roaming$\MorganJo,Senior Court Officer,513
MORGANK,User,Kevin Morgan,,\\moj141srv001\data\profiles\morgank,Principal Policy Consultant,513
MORGANP,User,Phillip Morgan,\\GREE98261\morganp,\\GREE98261\profile$\morganp,Greenough Prison Prison Officer,513
MORGANPA,User,Paul Morgan,\\cann98265\morganpa,\\cann98265\profile$\morganpa,Prison officer,513
MORISEYF,User,Frank Morisey,\\CLC95896\MoriseyF$,\\CLC95896\MoriseyF,Executive Officer,513
MORONIA,User,Alan Moroni,,\\mojfcsrv001\data\profiles\MoroniA,Family Court Magistrates chambers,513
MORPHETB,User,Barbara Morphett,\\bunb98262\morphetb,\\bunb98262\profile$\morphetb,Prison Officer - Bunbury,513
MORPHETC,User,Carol Morphett,\\RANJ98224\MorphetC,\\RANJ98224\profile$\MorphetC,Registered Nurse,513
MORRISA,User,Andrew Morris,,,I.T. Level 18 WSQ, 9264 1615,513
MORRISG,User,Gareth Morris,\\casu98264\morrisg,\\casu98264\profile$\morrisg,Senior Officer,513
MORRISGA,User,Garry Morris,,\\moj141srv001\data\profiles\morrisga,CSC - Helpdesk Team Leader,513
MORRISI,User,Ian Morris,\\woor98267\MorrisI,\\woor98267\profile$\MorrisI,Prison Officer,513
MORRISJ,User,Jenny Morris,\\banj98227\morrisj,\\banj98227\profile$\morrisj,Group Worker,513
MORRISJO,User,John Morris,\\roeb98205\MorrisJo,\\roeb98205\profile$\MorrisJo,Prison Officer,513
MORRISK,User,Kevin Morris,,,Developer IT 12 Fl ,66051
MORRISM,User,Martin Morris,,,Clerk of the Courts,513
MORRISOJ,User,Jason Morrison,,\\moj141srv001\data\profiles\morrisoj,Contractor - Spherion,513
MORRISOL,User,Lorraine Morrison,\\kunc98337\MorrisoL,\\kunc98337\profile$\MorrisoL,Kununura CBS,513
MORRISOM,User,Margaret Morrison,\\RANJ98224\MorrisoM,\\RANJ98224\Profile$\MorrisoM,Receptionist,513
MORTIMEL,User,Lilian Mortimer,\\casu98264\mortimel,\\casu98264\profile$\mortimel,Hospital Officer,513
MORTOND,User,Darralyn Morton,\\casu98264\mortond,\\casu98264\profile$\mortond,FCPO,513
MORTONDA,User,Dave Morton,\\cann98265\MortonDa,\\cann98265\profile$\MortonDa,Coord Standards,513
MORTONDE,User,Debra Morton,\\casu98264\mortonde,\\casu98264\profile$\mortonde,Senior Officer,513
MORTONL,User,Lesley Mortin,\\casu98264\mortonl,\\casu98264\profile$\mortonl,Prison Officer,513
MORTONP,User,Pat Morton,\\gerc98200\mortonp,\\gerc98200\Profile$\mortonp,Carnarvon CBS Senior JJO,513
MORTONS,User,Sarah Morton,\\gerc98200\mortons,\\gerc98200\profile$\mortons,Geraldton CBS Clerical Officer,513
MOSELEYK,User,Karen Moseley,\\eago98223\MoseleyK,\\eago98223\profile$\MoseleyK,Receptionist,515
MOSESP,User,Pamela Moses,,,JJD JJ Officer,66049
MOSESPH,User,Phil Moses,\\pard98214\MosesPH,\\pard98214\profile$\MosesPH,FCPO,513
MOSESPHL,User,Phil Moses,,,Assistant Superintendant - laptop login,513
MOSESS,User,Susannah Moses,\\karn98218\MosesS,\\karn98218\profile$\MosesS,Prison Officer - Karnet,513
MOSSB,User,Bree Moss,\\frec98207\mossb,\\frec98207\profile$\mossb,Fremantle CBS A/CCO,513
MOTHERWK,User,Kieran Motherway,\\eago98223\MotherwK,\\eago98223\profile$\MotherwK,FCPO,513
MOTTJ,User,Jean Mott,,\\CLC95896\MottJ,Case Manager,513
MOTTP,User,Pamela Mott,,\\mojgabsrv01\profile$\MottP,GAB - Enquiries Officer,513
MOULTONB,User,Barry Moulton,,,JJ Narrogin,513
MOULTONBA,User,Barry Moulton,\\narc98339\MoultonBa,\\narc98339\profile$\MoultonBa,SJJO,515
MOWEA,User,Ann Mowe,\\midc98212\MoweA,\\midc98212\profile$\MoweA,JJO,513
MOYLEN,User,Neville Moyle,\\cann98265\MoyleN,\\cann98265\profile$\MoyleN,Project Amalgamation,513
MUDFORDR,User,Richard Mudford,,,JJ Kalgoorlie,66049
MUIRC,User,Colin Muir,\\wsq98263\muirc,\\jardomddig1\profile$\muirc,Milligan CBS Clerical Officer,513
MUIRT,User,Trevor Muir,\\GREE98261\muirt,\\GREE98261\Profile$\muirt,Greenough Prison FCPO,513
MULDERL,User,Luke Mulder,\\ALBC98211\MulderL,\\ALBC98211\profile$\MulderL,Community Correction Officer,513
MULDERSR,User,Robert Mulders,\\woor98267\MuldersR,\\woor98267\profile$\MuldersR,Industrial Officer,513
MULLANJ,User,James Mullan,\\casu98264\mullanj,\\casu98264\profile$\mullanj,Industrial Officer,513
MULVANYG,User,Glenys Mulvany,\\banj98227\mulvanyg,\\banj98227\profile$\mulvanyg,Snr Education Officer - Banksia Hill,513
MUMFORDM,User,Melvin Mumford,\\cann98265\MumfordM,\\cann98265\profile$\MumfordM,Industrial Officer,513
MUNDAYJ,User,Jacqueline Munday,,\\JooncrtIBM1\mundayj,Joondalup Court,513
MUNROJ,User,Julie Munro,,\\MOJ141SRV001\data\profiles\MunroJ,Snr Financial Systems Officr,513
MUNYARDW,User,Walter Munyard,,,PCO,66049
MURDOCHJ,User,John Murdoch,\\GREE98261\MurdochJ,\\GREE98261\profile$\MurdochJ,Tutor coordinator,513
MURDOCKS,User,Sharene Murdock,\\band98268\murdocks,\\band98268\profile$\murdocks,Prison Officer,513
MURFITK,User,Karen Murfit,,,JJD JJ Officer,66049
MURPHYD,User,Dianne Murphy,\\mojwarsrv01\murphyd,\\mojwarsrv01\profile$\murphyd,CBS Warminda Team Admin Officer,513
MURPHYDA,User,David Murphy,,,Senior Court Officer,513
MURPHYK,User,Kevin Murphy,\\GREE98261\murphyk,\\GREE98261\Profile$\murphyk,Greenough Prison Industrial Officer,513
MURPHYM,User,Mairad Murphy,,\\moj141srv001\data\profiles\murphym,Data Entry Clerk,513
MURPHYP,User,Peter Murphy,,,IT Offender Management,513
MURPHYPA,User,Pamela Murphy,\\band98268\murphypa,\\band98268\profile$\murphypa,Prison Officer,513
MURPHYPAT,User,Patricia Murphy,\\casu98264\murphypat,\\casu98264\profile$\murphypat,Clerical Oficer,513
MURPHYR,User,Robert Murphy,\\CANN98265\MurphyR,\\CANN98265\profile$\MurphyR,Recreation Officer,513
MURPHYS,User,Sandra Murphy,\\banj98227\murphys,\\banj98227\profile$\murphys,Group Worker,513
MURRAYA,User,Alistair Murray,\\casu98264\murraya,\\casu98264\profile$\murraya,Training and Development Officer,513
MURRAYB,User,Barbara Murray,\\MIRC98215\MurrayB,\\MIRC98215\profile$\MurrayB,A/JJO,513
MURRAYD,User,Dave Murray,\\cann98265\MurrayD,\\cann98265\profile$\MurrayD,Industrial Officer,513
MURRAYJ,User,John Murray,\\cann98265\murrayj,\\cann98265\profile$\murrayj,Prison Officer,513
MURRAYP,User,Pat Murray,\\casu98264\murrayp,\\casu98264\profile$\murrayp,Prison Officer,513
MURRAYPA,User,Paul Murray,\\casu98264\murraypa,\\casu98264\profile$\murraypa,Prison Officer,513
MURRAYR,User,Russell Murray,,,DPP Records,66049
MURRAYRO,User,Rochelle Murray,\\band98268\murrayro,\\band98268\profile\murrayro,Greenough Prison Prison Officer,513
MURRAYS,User,Sheila Murray,,\\MOJ141SRV001\data\profiles\MurrayS,Systems Contractor,513
MURRAYW,User,Wendy Murray,,,Director Planning and Policy,513
MUSCAC,User,Carmel Musca,,\\moj141srv001\data\profiles\muscac,HR Policy and Development,513
MUSKJ,User,Jacqueline Musk,,,Magistrates,513
MUTCHP,User,Philip Mutch,\\casu98264\mutchp,\\casu98264\profile$\mutchp,Prison Officer,513
MYERSK,User,Karen Myers,\\cann98265\myersk,\\cann98265\profile$\myersk,Hospital Officer,513
MYINTA,User,Aung Myint,\\perc95846\myinta,\\perc95846\profile$\myinta,Milligan CBS Clerical Officer,513
MYLESM,User,Michelle Myles,\\mirc98215\mylesm,\\mirc98215\profile$\mylesm,Student Social Worker,513
MYLESP,User,Paul Myles,\\perc95846\mylesp,\\perc95846\profile$\mylesp,TOMS Master Trainer,513
MYLOTTEM,User,Martin Mylotte,\\midc98212\mylottem,\\midc98212\profile$\mylottem,Senior Community Corrections Officer,513
NAGALLAS,User,Srinivas Nagalla,,,Oracle Consultant,513
NAGORSKG,User,George Nagorski,\\cann98265\nagorskg,\\cann98265\profile$\nagorskg,Officer,513
NAIRD,User,Danial Nair,\\bunb98262\NairD,\\bunb98262\profile$\NairD,Prison Officer,513
NAKK,User,Kylie Nak,,\\MOJ141SRV001\data\profiles\NakK,Financial Analyst,513
NAMEU,User,User Name,\\CANN98265\NameU,\\CANN98265\profile$\NameU,This is a test user,513
NANKIVEH,User,Hugh Nankivell,,\\clc95896\nankiveh,Commercial Registrar,66049
NANKIVIL,User,Leonie Nankiville,\\GREE98261\nankivil,\\GREE98261\profile$\nankivil,Greenough Prison Receptionist,513
NARKLEL,User,Lynnette Narkle,,\\mojfcsrv001\data\profiles\NarkleL,Family Court Registry - disabled 15/12/2000,515
NARKLEPH,User,Phil Narkle,\\midc98212\NarklePh,\\midc98212\profile$\NarklePh,Coordinator,513
NAWAQAVK,User,Karen Nawaqavou,,,Project Officer - AVS,513
NAYLORL,User,Linda Naylor,\\alba98266\naylorl,\\alba98266\profile$\naylorl,FCPO,513
NAYLORP,User,Peter Naylor,,\\moj141srv001\data\profiles\naylorp,Manager,513
NAYLORS,User,Steve Naylor,\\alba98266\naylors,\\alba98266\profile$\naylors,Prison Officer,513
NAZARETD,User,Deanne Nazareth,\\banj98227\NazaretD,\\banj98227\profile$\NazaretD,Educ. Clerical Officer,513
NAZARETM,User,Maria Nazareth,,\\mojfcsrv001\data\profiles\NazaretM,Family Court Judges chambers,513
NEEDHAMH,User,Heather Needham,\\espc98342\needhamh,\\espc98342\profile$\needhamh,Court Clerk,513
NEEDLEB,User,Brian Needle,\\alba98266\needleb,\\alba98266\profile$\needleb,Prison Officer,513
NEEDLEC,User,Charles Needle,,,Unisys/Amcon - Programmer,513
NEEDLEK,User,Kerry Needle,\\cann98265\NeedleK,\\cann98265\profile$\NeedleK,Prison Officer,513
NEIGHBOJ,User,John Neighbour,,\\clc95896\neighboj,Manager - Criminal Injuries,66049
NEILLR,User,Retha Neill,,,Fines 2000 Project Consultant,66049
NEINDORR,User,Reg Neindorf,,\\moj141srv001\data\profiles\NeindorR,Personnel Officer,513
NELLAP,User,Nella Peter,\\moj141srv001\data\users\nellap,,ISD IMB Projects,513
NELSONB,User,Barbara Nelson,\\GREE98261\nelsonb,\\GREE98261\profile$\nelsonb,Greenough Prison Prison Officer,513
NELSONI,User,Ian Nelson,\\cann98265\nelsoni,\\cann98265\profile$\nelsoni,Prison Officer,513
NELSONK,User,Kevin Nelson,\\GREE98261\nelsonk,\\GREE98261\profile$\nelsonk,Greenough Prison Prison Officer,513
NELSONM,User,Michelle Nelson,\\MOJ141SRV001\data\users\NelsonM,\\MOJ141SRV001\data\profiles\NelsonM,Co-ordinator Recruitment,513
NEOHJ,User,Jaime Neoh,,,Programmer/Analyst,513
NERIC,User,Clayton Neri,,,DPP Records,66049
NESBITTB,User,Barry Nesbitt,\\banj98227\nesbittb,\\banj98227\profile$\nesbittb,Group Worker,513
NEVILLEJ,User,Jeanne Neville,\\band98268\nevillej,\\band98268\profile$\nevillej,Psychologist,513
NEWELLS,User,Steve Newell,,,Workforce Planner,66049
NEWLANDL,User,Leanne Newland,\\BANJ98227\NewlandL,\\BANJ98227\profile$\NewlandL,Counselling Psychologist Registrar,513
NEWMANIM,User,Imogen Newman,\\frec98207\NewmanIm,\\frec98207\profile$\NewmanIm,A/CCO,513
NEWMANJA,User,Jason Newman,\\LAWC98204\NewmanJa,\\LAWC98204\profile$\NewmanJa,Social Work Student,513
NEWMANM,User,Murray Newman,\\RANJ98224\data\users\NewmanM,\\RANJ98224\data\profiles\NewmanM,Group Worker Rangeview,513
NEWMANN,User,Naomi Newman,\\GREE98261\NewmanN,\\GREE98261\profile$\NewmanN,Registered Nurse,513
NEWMANT,User,Terrena Newman,,\\mojgabsrv01\profile$\NewmanT,GAB - Listings Officer,513
NEWONET,User,Todd Newone,\\CANN98265\data\users\NewoneT,\\CANN98265\data\profiles\NewoneT,Todd Test account Cann,513
NEWTONS,User,Sydney Newton,\\roeb98205\NewtonS,\\roeb98205\profile$\NewtonS,Prison Officer,513
NEWTONSH,User,Sharen Newton,,,Manager of Information Services,66049
NGG,User,Geak Chin,\\cann98265\ngg,\\cann98265\profile$\ngg,Pharmacy Health Services,513
NGUYENB,User,Ben Nguyen,,\\moj141srv001\data\profiles\Nguyenb,Professional Research Assistant,513
NICHOLLK,User,Kerry Nicholl,,\\mojfcsrv001\data\profiles\NichollK,Family Court Projects,513
NICHOLLP,User,Paul Nicholls,,,Magistrates,66049
NICHOLLS,User,Stephen Nicholls,\\cann98265\NichollS,\\cann98265\profile$\NichollS,Prison Officer,513
NICHOLSA,User,Anne Nicholson,\\mtlc98217\nicholsa,,Education Officer,513
NICHOLSB,User,Bryan Nicholson,,\\moj141srv001\data\profiles\nicholsb,Contracts and Services,513
NICHOLSR,User,Robert Nicholson,\\msu98213\NicholsR,\\msu98213\profile$\NicholsR,Industrial Officer,513
NICHOLSS,User,Sarah Nicholson,,,Typist - May Holman Centre,66049
NICOLSOA,User,Alistair Nicolson,,\\clc95896\nicolsoa,Management Group,66049
NIKOLICD,User,Drazen Nikolic,\\WSQ98263\NikolicD,\\WSQ98263\Profile$\NikolicD,IT Consultant,513
NIKOLICK,User,Kanita Nikolic,,,CSC - Computer Programmer,513
NILONR,User,Roger Nilon,\\mtlc98217\NilonR,\\mtlc98217\profile$\NilonR,CCO,515
NIMMOK,User,Kyra Nimmo,\\moj141srv001\data\users\nimmok,\\moj141srv001\data\profiles\nimmok,Human Resources,513
NIXONR,User,Richard Nixon,,,,66049
NOBELM,User,Malcolm Nobel,\\casu98264\nobelm,\\casu98264\profile$\nobelm,Prison Officer,513
NOELS,User,Serena Noel,\\wsq98263\noels,\\wsq98263\profile$\noels,Receptionist,513
NOJUNAST,User,Tiffany Nojunas,,\\frec98207\NojunasT,Court Officer,513
NOONANJ,User,John Noonan,\\eago98223\NoonanJ,\\eago98223\profile$\NoonanJ,FCPO,513
NORGARDG,User,Grechen Norgard,,,Regional Counsellor VSS - Northam,513
NORMANS,User,Syd Norman,\\broo98202\NormanS,\\broo98202\profile$\NormanS,Prison Officer,513
NORRISH1,User,Helen Norris,\\wsq98263\norrish1,\\wsq98263\Profile$\norrish1,A/Project Officer - Regional Prisons,513
NORRISHE,User,Helen Norris,\\ranj98224\NorrisHE,\\ranj98224\profile$\NorrisHE,Finance&Admin,513
NORTHCON,User,Nathalie Northcott,\\jooc98201\northcon,\\jooc98201\profile$\northcon,Social Work Student,513
NORTHG,User,Gerald North,\\GREE98261\NorthG,\\GREE98261\profile$\NorthG,Registered Nurse,513
NORTHIND,User,David Northing,\\karn98218\northind,\\karn98218\profile$\northind,Storeperson - Karnet,513
NORTHJ,User,Jan North,\\alba98266\northj,\\alba98266\profile$\northj,Nurse,513
NORTONS,User,Stephen Norton,\\casu98264\nortons,\\casu98264\profile$\nortons,Senior Officer,513
NORVALLJ,User,Janet Norvall,,\\jooncrtibm1\norvallj,Joondalup Court,513
NOTIGANJ,User,Julie Notigan,,\\jooncrtibm1\notiganj,Senior Court Officer,513
NOTTLEG,User,Graham Nottle,\\band98268\NottleG,\\band98268\profile$\NottleG,Senior Officer,513
NOVAKK,User,Katarina Novak,,\\moj141srv001\data\profiles\novakk,Registrar General's Office,66049
NOVAKKIM,User,Kim Novak,,\\moj141srv001\data\profiles\novakkim,Office Assistant,513
NOWICKIR,User,Ron Nowicki,\\perc95846\nowickir,\\perc95846\profile$\nowickir,Perth CBS Manager (Milligan St),513
NOWOTNYS,User,Steven Nowotny,\\roeb98205\NowotnyS,\\roeb98205\profile$\NowotnyS,Industrial Officer,513
NTPRINT,User,,,,Print account for Samba,66049
NUGENTM,User,Maxwell Nugent,\\roeb98205\NugentM,\\roeb98205\profile$\NugentM,Industrial Officer,513
NYANGONT,User,Tendayi Nyangoni,,\\MOJ141SRV001\data\profiles\NyangonT,Project Manager - JIMS,513
OAKELEYC,User,Chris Oakeley,\\jardomddig1\OakeleyC,,Consultant,513
OATESJ,User,John Oates,\\casu98264\oatesj,\\casu98264\profile$\oatesj,FCPO,513
OBRIANBE,User,Betty Obrian,,\\moj141srv001\data\profiles\obrianbe,Ministrial Liason Unit,513
OBRIEN,User,Kate Obrien,\\ccou98209\obrienk$,,Acting President Perth Childrens Court,513
OBRIENE,User,Eithne O'Brien,\\frec98207\OBrienE,\\frec98207\profile$\OBrienE,JJO,513
OBRIENL,User,Lindsay O'brien,\\casu98264\obrienl,\\casu98264\profile$\obrienl,FCPO,513
OBYRNEP,User,Peter Obyrne,\\alba98266\obyrnep,\\alba98266\profile$\obyrnep,Prison Officer,513
OCALLAGP,User,Peta O'Callaghan,\\roeb98205\ocallagp,\\roeb98205\profile$\ocallagp,Relief Typist,513
OCONNEJ,User,Jean O'Connell,\\kill98208\oconnej,\\kill98208\profile$\oconnej,A/Unit Manager,513
OCONNELG,User,Greg O'Connell,,\\MOJ141SRV001\data\profiles\OConnelG,RBDM Officer,513
OCONNELM,User,Michele O'Connell,,\\moj141srv001\data\profiles\oconnelm,HR,513
OCONNEM,User,Melanie O`Connell,\\banj98227\oconnem,\\banj98227\profile$\oconnem,Group Worker,513
O'CONNOK,User,Kerry O'Connor,\\kill98208\o'connok,\\kill98208\Profile$\o'connok,Killara Support Services Admin Assistant.,513
OCONNORA,User,Angela Oconnor,,\\frec98207\oconnora,Court Officer,513
OCONNORD,User,Dan Oconnor,\\alba98266\oconnord,\\alba98266\profile$\oconnord,Senior Officer,513
OCONNORN,User,Noreen O'Connor,,\\moj141srv001\data\profiles\oconnorn,Registrar General's Office,66049
ODEAB,User,Bernard O`Dea,\\casu98264\odeab,\\casu98264\profile$\odeab,Co-ord Human Resources,513
ODEAS,User,Shane O'Dea,\\band98268\ODeaS,\\band98268\profile$\ODeaS,ASPM,513
ODGERSE,User,Eloise Odgers,\\KALC98221\OdgersE,\\KALC98221\profile$\OdgersE,A/CCO,513
ODONNEI,User,Ian O'Donnell,\\woor98267\ODonneI,\\woor98267\profile$\ODonneI,Prison Officer,513
ODONNELJ,User,Joanne O'Donnell,,,Counsellor - VSS Broome,66049
ODONNELM,User,Megan O'Donnell,,,HR Reception,66051
ODONOGJ,User,John O'Donoghue,\\GREE98261\odonogj,\\GREE98261\profile$\odonogj,Greenough Prison Prison Officer,513
ODWYERL,User,Lee O'Dwyer,,,Parlimentary Counsel Office,66049
ODWYERM,User,Mark O'Dwyer,,,Parlimentary Counsel Office,66049
OESDBA,User,- MK - Disabled 29/03/2001,,,Data Warehouse Test Account 1,66051
OESGUEST,User,- MK - Disabled 29/03/2001,,,Data Warehouse Test Account 3,66051
OESINIT,User,- MK - Disabled 29/03/2001,,,Data Warehouse Test Account 2,66051
OFRILIAT,User,Liat Ofri,,\\clc95896\ofriliat,Court Officer, Perth,513
OGGR,User,Robin Ogg,\\roeb98205\OggR,\\roeb98205\profile$\OggR,Industrial Officer,513
OGILVIEM,User,Marion Ogilvie,\\roeb98205\OgilvieM,\\roeb98205\profile$\OgilvieM,Prison Officer,513
OGRADYC,User,Celia O'Grady,\\wsq98263\ogradyc,\\wsq98263\profile$\ogradyc,Policy Programs and Projects,513
OHARAM,User,Michael O'Hara,\\moj141srv001\data\users\oharam,,Contract Management - Leave H: drive,513
OHAREE,User,Elaine Ohare,,,Parlimentary Counsel Office,513
OHERND,User,Denise Ohern,\\cann98265\OhernD,\\cann98265\profile$\OhernD,Prison Officer,513
OICBAR,User,Offender in Custody Barcode,,,OM - Generic Login,513
OKEEFEB,User,Brett O'Keefe,\\cann98265\OKeefeB,\\cann98265\profile$\OKeefeB,Industrial Officer,513
OKEEFEC,User,Chris O'Keefe,\\rive_res\okeefec,\\rive_res\profile$\okeefec,Riverbank Prison Officer,513
OKEEFER,User,Richard O'Keefe,,,IT Contractor,66051
OKUMUG,User,Gloria Okumu,,\\moj141srv001\data\profiles\okumug,Data Entry Officer - Expenditure,513
OLDHAMW,User,Wayne Oldham,\\lawc98204\oldhamw,\\lawc98204\profile$\oldhamw,Central Law Courts Court Breaches,513
OLDSL,User,Lynette Olds,\\ranj98224\OldsL,\\ranj98224\profile$\OldsL,Group Worker,515
OLIVERIT,User,Tanina Oliveri,\\mojvppsrv01\OliveriT,\\mojvppsrv01\profile$\OliveriT,Clin.&Foren.Psych.,513
OLIVERL,User,Leo Oliver,\\alba98266\oliverl,\\alba98266\profile$\oliverl,FCPO,515
OLIVERR,User,Robert Oliver,,\\mojfcsrv001\data\profiles\oliverr,CLC Support,513
OLLERTOA,User,Annina Ollerton,\\broo98202\OllertoA,\\broo98202\profile$\OllertoA,Prison Officer,513
OLMANM,User,Mihalj Olman,\\pard98214\olmanm,\\pard98214\profile$\olmanm,Prison Officer,513
OLNEYT,User,Tracey Olney,,\\moj141srv001\data\profiles\olneyt,Library,513
OLOUGHLH,User,Hector O'Loughlin,,\\mojavssrv001\data\profiles\oloughlh,AADRS,66049
OLSENP,User,Peter Olsen,\\cann98265\OlsenP,\\cann98265\profile$\OlsenP,Industrial Officer,513
OLSONJ,User,John Olson,\\woor98267\OlsonJ,\\woor98267\profile$\OlsonJ,Prison Officer,513
OMALBA,User,OM ALBANY,,\\ALBA98266\profile$\OMALBA,Generic user login - supervised by site CSA,66049
OMARAG,User,Greg O'Mara,\\band98268\omarag,\\band98268\profile$\omarag,Transport Officer,513
OMARAK,User,Kerryn O'Mara,,,Trainee Officer,513
OMARAR,User,Rod Omara,\\casu98264\omarar,\\casu98264\profile$\omarar,Greenough Prison Prison Officer,513
OMBAND,User,OM Bandyup,,\\BAND98268\data\profiles\OMBAND,Generic user login - supervised by site CSA,66049
OMBANJ,User,OM Banksia,,\\BANJ98227\data\profiles\ombanj,Generic user login - supervised by site CSA,66049
OMBROO,User,OM BROOME,,\\BROO98202\profile$\OMBROO,Generic user login - supervised by site CSA,66049
OMBUNB,User,OM BUNB,,\\BUNB98262\profile$\OMBUNB,Generic user login - supervised by site CSA,66049
OMCASU,User,OM Casuarina,,\\CASU98264\data\profiles\OMCASU,Generic user login - supervised by site CSA,66049
OMEAGO,User,OM EAGO,,\\EAGO98223\profile$\OMEAGO,Generic user login - supervised by site CSA,66049
OMGREE,User,OM GREENOUGH,,\\GREE98261\profile$\OMGREE,Generic user login - supervised by site CSA,66049
OMHAKEA,User,OM Hakea,,\\CANN98265\data\profiles\OMHAKEA,Generic user login - supervised by site CSA,66049
OMKARN,User,OM Karnet,,\\KARN98218\data\profiles\OMKarn,Generic user login - supervised by site CSA,66049
OMNYANDI,User,OM Nyandi,,\\BAND98268\data\profiles\OMNYANDI,Generic user login - supervised by site CSA,66049
OMPARD,User,OM PARDELUP,,\\PARD98214\profile$\OMPARD,Generic user login - supervised by site CSA,66049
OMRANJ,User,OM Rangeview,,\\RANJ98224\data\profiles\OMRANJ,Generic user login - supervised by site CSA,66049
OMRIVE,User,OM Riverbank,,\\rive_res\profile$\omrive,Generic user login - supervised by site CSA,66049
OMROEB,User,OM ROEBOURNE,,\\ROEB98205\profile$\OMROEB,Generic user login - supervised by site CSA,66049
OMWOOR,User,OM Wooroloo,,\\WOOR98267\data\profiles\OMWOOR,Generic user login - supervised by site CSA,66049
ONEILLJ,User,John O'Neill,\\BUNC98216\ONeillJ,\\BUNC98216\profile$\ONeillJ,JJO,513
ONEILLL,User,Lyn O'Neill,\\bunb98262\oneilll,\\bunb98262\profile$\oneilll,Nurse,513
ONEILLP,User,Paul O'Neill,,,PCO,66049
ONEILLT,User,Terry O'Neill,,,PCO IS Project,66049
ONGH,User,Howard Ong,,,Contractor - Warehouse,513
OPALAPTOP,User,Generic Account for OPA Laptop,,,Authorised by Julie Roberts,513
OPENSHAD,User,David Openshaw,\\perc95846\openshad,\\perc95846\profile$\openshad,TOMS Master Trainer,513
OPENSHAS,User,Susana Openshaw,\\GREE98261\openshas,\\GREE98261\profile$\openshas,Greenough Prison Nurse,515
OPTSEC,User,Optika Security,,,Optika Security Server Admin User - No Expire,66049
ORACLE,User,Database Administrators,,,IT DBAs,66049
ORANGED,User,Doug Orange,,,MOJ Technical Support,513
ORCHARDB,User,Brian Orchard,\\gree98261\orchardb,\\gree98261\profile$\orchardb,Prison Officer,513
OREILLYA,User,Amelita O'Reilly,,,Sheriffs Office,66049
OREILLYJ,User,Jim O'Reilly,\\vsssrv\oreillyj,\\vsssrv\profiles$\oreillyj,Sheriff Office Worker,513
ORELLANR,User,Roxana Elizabeth Orellana,,\\MOJ141SRV001\data\profiles\orellanr,Personnel Services Officer,513
OREOBA,User,Barbara Oreo,\\albc98211\OreoBa,\\albc98211\profile$\OreoBa,CCO,513
ORLOFFH,User,Henry Orloff,\\rive_res\orloffh,\\rive_res\profile$\orloffh,Riverbank Prison Officer,513
ORMESHEA,User,Amanda Ormesher,,\\clc95896\ormeshea,Court Officer,513
ORMESHEK,User,Kim Ormesher,,,Joondalup Court,66049
OROURKB,User,Bernard o'Rourkes,\\CLC95896\data\users\oRourkB,\\CLC95896\data$\roaming\oRourkB,Consultant,513
ORRGO,User,Gordon Orr,\\karn98218\OrrGo,\\karn98218\profile$\OrrGo,A&O Coord,513
ORRINGEK,User,Keith Orringe,\\cann98265\OrringeK,\\cann98265\profile$\OrringeK,Senior Officer,513
ORRL,User,Leigh Orr,\\alba98266\orrl,\\alba98266\profile$\orrl,Prison Officer,513
ORRM,User,Melissa Orr,\\msu98213\orrm,\\msu98213\profile$\orrm,TSS Clerical,513
ORRP,User,Phyllis Orr,\\karn98218\OrrP,\\karn98218\profile$\OrrP,Nurse,513
OSMANJ,User,June Osman,\\mojnyasrv01\osmanj,\\mojnyasrv01\profile$\osmanj,Prison Officer Nyandi,513
OSULLIVR,User,Roderic (Rory) O'Sullivan,,,Counsellor,513
OSYKAJ,User,Julie Osyka,\\mojpetsrv01\osykaj,\\mojpetsrv01\profile$\osykaj,Perth JJ Team Admin Officer,513
OTADOYL,User,Lilia Otadoy,,\\moj141srv001\data\profiles\otadoyl,Finance,513
OTOOLET,User,Thomsa O'Toole,\\roeb98205\OTooleT,\\roeb98205\profile$\OTooleT,Prison Officer,513
OTWAYJ,User,Joe Otway,,,Information Security Consultant,513
OUTRAMK,User,Katherine Outram,\\mojwarsrv01\Outramk,\\mojwarsrv01\profile$\Outramk,Warminda,513
OVENSL,User,Lawrence Ovens,\\casu98264\ovensl,\\casu98264\profile$\ovensl,Prison Officer,513
OVENST,User,Terry Ovens,\\cann98265\OvensT,\\cann98265\profile$\OvensT,Prison Officer,513
OVERHEUS,User,Susan Overheu,\\karn98218\OverheuS,\\karn98218\profile$\OverheuS,Nurse - Karnet,513
OVERSBYW,User,Walter Oversby,\\cann98265\OversbyW,\\cann98265\profile$\OversbyW,S.O. Security,513
OWENB,User,Brenda Owen,\\benc_res\owenb,\\benc_res\profile$\owenb,Nurse,513
OWENG,User,Gwenyth Owen,\\rive_res\oweng,\\rive_res\profile$\oweng,Registered Nurse, Riverbank Prison,513
OWENSD,User,Diane Owens,\\cann98265\OwensD,\\cann98265\profile$\OwensD,Admin Coord,513
OWENST,User,Tammi Owens,,,Receptionist/Counter Clerk,513
OZANNEB,User,Bev Ozanne,\\kunc98337\OzanneB,\\kunc98337\profile$\OzanneB,Kununura CBS,513
OZANNEI,User,Ian Ozanne,\\mirc98215\Ozannei,\\mirc98215\profile$\Ozannei,Mirrabooka CBS Manager,513
PACKINGJ,User,Jerry Packington,,,Magistrates,66049
PAGET,User,Tracy Page,,,Fremantle CBS Clerical Officer,513
PAGETH,User,Helen Paget,\\ranj98224\pageth,\\ranj98224\profile$\pageth,Registered Nurse,513
PAGETR,User,Tracy Page,\\frec98207\PageTr,\\frec98207\profile$\PageTr,Clerical Officer,513
PAICED,User,Doug Paice,,\\MOJ141SRV001\data\profiles\PaiceD,Contractor WARS2000,513
PALFREDA,User,David Palfrey,\\alba98266\palfreda,\\alba98266\profile$\palfreda,Prison Support Officer - Albany Prison,513
PALFREYD,User,Davis Palfery,\\cann98265\palfrey,\\cann98265\profile$\palfrey,Prison Officer,66049
PALLAGID,User,Des Pallagi,,,Technical Architect,513
PALLIERP,User,Paul Pallier,\\cann98265\pallierp,\\cann98265\profile$\pallierp,Prison Officer,513
PALMD,User,Daniel Palm,,\\moj141srv001\data\profiles\palmd,Personnel Services Officer,513
PALMERAV,User,Avril Palmer,,\\mojfcsrv001\data\profiles\palmerav,Judges Orderly,513
PALMERT,User,Trevor Palmer,\\GREE98261\palmert,\\GREE98261\profile$\palmert,Greenough Prison Prison Officer,513
PALMERTR,User,Tracy Palmer,,,A/Snr Educ Officer,513
PALTRIDM,User,Maggie Paltridge,,,Courts Tech Group ,513
PANEVS,User,Sophie Panev,\\mirc98215\panevs,\\mirc98215\profile$\panevs,Admin Assistant - Mirrabooka CBS,513
PAPADOPE,User,Elizabeth Papadopoulos,,\\moj141srv001\data\profiles\papadope,CORPORATE - ISD,513
PAPADOPM,User,Mark Papadopoulos,\\ccou98209\papadopm$,\\ccou98209\papadopm,Court Offcier, Perth,513
PAPANDRNI,User,Nick Papandreou,\\midc98212\PapandrNi,\\midc98212\profile$\PapandrNi,CBS Regional Manager - Midland/Northam CBS,513
PAPERTAP,User,Priscilla Papertalk,\\gerc98200\papertap,\\gerc98200\profile$\papertap,Clerical Person,513
PARATORC,User,Carla Paratori,\\RANJ98224\ParatorC,\\RANJ98224\Profile$\ParatorC,Researcher,513
PARISSED,User,Dean Parisse,\\GREE98261\parissed,\\GREE98261\profile$\parissed,Greenough Prison Prison Officer,513
PARKEA,User,Alan Parke,\\alba98266\parkea,\\alba98266\profile$\parkea,Assistant Supt,513
PARKERAN,User,Anet Parker,\\cann98265\ParkerAn,\\cann98265\profile$\ParkerAn,Admin Co ordinator,513
PARKERF,User,Frank Parker,\\pard98214\ParkerF,\\pard98214\profile$\ParkerF,FCPO,513
PARKERJ,User,Joy Parker,\\wsq98263\Parkerj,\\wsq98263\Profile$\Parkerj,Level 12 OM Exec Admin Officer,513
PARKERJA,User,Jason Parker,\\bunb98262\parkerja,\\bunb98262\profile$\parkerja,Prison Officer,513
PARKERJO,User,Jo-Anne Parker,\\kalc98221\parkerjo,\\kalc98221\profile$\parkerjo,Judicial Support Officer,66049
PARKERK,User,Kathleen Parker,,,CWS Counsellor,513
PARKERM,User,Michael Parker,,\\mojgabsrv01\profile$\ParkerM,GAB - Senior Listings Officer,513
PARKERMY,User,Myriam Parker,,\\moj141srv001\data\profiles\parkermy,Revenue Officer,513
PARKERS,User,Steve Parker,\\eago98223\ParkerS,\\eago98223\profile$\ParkerS,Senior Officer,513
PARKESG,User,Geoffrey Parkes,\\karn98218\ParkesG,\\karn98218\profile$\ParkesG,Prison Officer,513
PARKINI,User,Ian Parkin,\\casu98264\parkini,\\casu98264\profile$\parkini,Probationary Prison Officer,513
PARKINSC,User,Chris Parkinson,,,Offender Management,513
PARNELLJ,User,Judith Parnell,,\\moj141srv001\data\profiles\parnellj,ISD 15th Library,513
PAROLOP,User,Peter Parolo,,\\moj141srv001\data\profiles\parolop,Coordinator Accounting Controls,513
PARRIMAF,User,Frank Parriman,\\broc98203\ParrimaF,\\broc98203\profile$\ParrimaF,Manager,513
PARRIMAJ,User,Jeffrey Parriman,\\BROC98203\ParrimaJ,\\BROC98203\profile$\ParrimaJ,CCO,513
PARRIMJA,User,Jaimie Parriman,\\PORC500036\parrimja,\\PORC500036\profile$\parrimja,A/CCO - South headland,513
PARSONK1,User,Kevin Parsons,,,Second Login,513
PARSONSD,User,Diane Parsons,,\\moj141srv001\data\profiles\parsonsd,MIAS,513
PARSONSJ,User,Jim Parsons,\\karn98218\ParsonsJ,\\karn98218\profile$\ParsonsJ,Prison Officer - Karnet,513
PARSONSK,User,Kevin Parsons,,\\armacrtibm1\ParsonsK,Court of Petty Sessions,513
PARSONSL,User,Leah Parsons,\\banj98227\parsonsl,\\banj98227\profile$\parsonsl,Group Worker,513
PARSONSR,User,Ralph Parsons,\\casu98264\parsonsr,\\casu98264\profile$\parsonsr,Medical Officer,513
PARSONSSA,User,Sally Parsons,\\lawc98204\ParsonsSa,\\lawc98204\profile$\ParsonsSa,CCO,513
PARTLONM,User,Mary Partlon,\\GREE98261\partlonm,\\GREE98261\Profile$\partlonm,Greenough Prison Psychologist,513
PARTRIDM,User,Marlene Partridge,,,Senior Court Officer,513
PASCHC,User,Corina Pasch,,,RGO Consultant,66049
PASCOEN,User,Neil Pascoe,\\broo98202\PascoeN,\\broo98202\profile$\PascoeN,Prison Officer,513
PASCOEP,User,Phillip Pascoe,,,Corporate Legal,66049
PASCOEST,User,Stephen Pascoe,,\\moj141srv001\data\profiles\pascoest,Industrial Officer - did belong to TOMS,513
PASQUALD,User,Dannielle Pasquale,,,Judicial Support Officer,513
PASSMORL,User,Lillian Passmore,\\mojavssrv001\data\users\aadrs\PassmorL,\\mojavssrv001\data\profiles\PassmorL,Senior Mediation / Training Officer,513
PASSS,User,Sylvia Pass,\\casu98264\passs,\\casu98264\profile$\passs,Clerical Officer,513
PATERSOD,User,David Paterson,,,JJD JJ Officer,513
PATERSODA,User,David Paterson,\\banj98227\patersoda,\\banj98227\profile$\patersoda,Asst. Superintendant,513
PATERSON,User,Nancy Paterson,,,Child Witness Officer,66049
PATMOREJ,User,John Patmore,\\casu98264\patmorej,\\casu98264\profile$\patmorej,Senior Shift Officer,513
PATRICKJ,User,Jonathan Patrick,\\CLC95896\private$\PatrickJ,\\CLC95896\roaming$\PatrickJ,Analyst/Programmer,513
PATRICKM,User,mark Patrick,\\casu98264\patrickm,\\casu98264\profile$\patrickm,Prison Officer,513
PATROL,User,Patrol User ID,,,,66049
PATTENDD,User,Dave Pattenden,\\bunb98262\PattendD,\\bunb98262\profile$\PattendD,Assist Super.Sec.,513
PATTENG,User,Graeme Patten,\\rive_res\patteng,\\rive_res\profile$\patteng,Riverbank Front Counter Prison Officer ,513
PATTENS,User,Suzanne Patten,\\gerc98200\pattens,\\gerc98200\profile$\pattens,Court Officer,513
PATTENT,User,Trevor Patten,\\cann98265\PattenT,\\cann98265\profile$\PattenT,Prison Officerr,513
PATTERSL,User,Louise Patterson,\\ranj98224\PattersL,\\ranj98224\profile$\PattersL,Group Worker,513
PATTERSR,User,Richard Patterson,\\bunb98262\PattersR,\\bunb98262\profile$\PattersR,Prison Officer,513
PATTRICJ,User,Joanne Pattrick,,\\moj141srv001\data\profiles\pattricj,Registrar General's Office,66049
PAULA,User,Artie Paul,\\woor98267\PaulA,\\woor98267\profile$\PaulA,Prison Officer,513
PAULC,User,Crown Paul,\\woor98267\PaulC,\\woor98267\profile$\PaulC,Prison Officer,513
PAULIND,User,David Paulin,\\casu98264\paulind,\\casu98264\profile$\paulind,Personnel Officer,513
PAULS,User,Shook Ching Paul,,,OM Financial Analyst,515
PAULSU,User,Susan Paul,\\band98268\paulsu,\\band98268\profile$\paulsu,Prison Officer,513
PAVLINOJ,User,John Pavlinovich,\\madc98210\pavlinoj,\\madc98210\profile$\pavlinoj,CCO,513
PAVLINOP,User,Pamela Pavlinovich,\\mtlc98217\pavlinop,\\mtlc98217\profile$\pavlinop,A/CCO Mt Lawley,513
PAYNED,User,Deborah Payne,,\\moj141srv001\data\profiles\payned,Administrator,513
PAYNEF,User,Frank Payne,\\cann98265\PayneF,\\cann98265\profile$\PayneF,Prison Officer,513
PAYNEP,User,Phil Payne,,\\clc95896\paynep,Supervising Court Officer,66049
PAYNES,User,Suzanne Payne,\\WSQ98263\PayneS,\\WSQ98263\profile$\PayneS,Admin Assistant,513
PAYNEW,User,William Payne,\\WOOR98267\PayneW,\\WOOR98267\profile$\PayneW,Prison Officer,513
PC16_SHERIFF,User,PC16_SHERIFF,,,,66049
PC7_SHERIFF,User,pc7_sheriff,,,,66049
PCCOMMON,User,Courts Pccommon Print Server,,,Courts Pccommon Print Server,66049
PCO_REC,User,PCO Reception,,,Parlimentary Counsel Office,66049
PEACEB,User,Beverley Peace,\\CANN98265\PeaceB,\\CANN98265\profile$\PeaceB,Cook Instructor,513
PEARCEL,User,Lynette Pearce,\\CANN98265\PearceL,\\CANN98265\profile$\PearceL,E and vt Course Planning,513
PEARCEM,User,Marja Pearce,\\wsq98263\pearcem,\\wsq98263\Profile$\pearcem,Level 12 OM Exec JJ Officer,513
PEARCESH,User,Shane Pearce,\\alba98266\pearcesh,\\alba98266\profile$\pearcesh,Prison Officer,513
PECKJ,User,Joanne Peck,\\band98268\peckj,\\band98268\profile$\peckj,Switchboard,513
PEDRICKS,User,Sharon Pedrick,\\cann98265\PedrickS,\\cann98265\profile$\PedrickS,Prison Officer,513
PEDRICKST,User,Steve Pedrick,\\cann98265\PedrickSt,\\cann98265\profile$\PedrickSt,Prison Officer,513
PEERSW,User,Wilma Peers,\\wsq98263\PeersW,\\wsq98263\profile$\PeersW,Internal Investigator,513
PEGRAMB,User,Brian Pegram,\\band98268\Pegrumb,\\band98268\profile$\Pegrumb,FCPO,513
PEILLJ,User,John Peill,\\broo98202\PeillJ,\\broo98202\profile$\PeillJ,Prison Officer,513
PEIRCEB,User,Brian Peirce,\\alba98266\peirceb,\\alba98266\profile$\peirceb,Senior Officer,515
PEKAARK,User,Karon Pekaar,\\rive_res\pekaark,\\rive_res\profile$\pekaark,Cashier - Riverbank,513
PENMANS,User,Sheila Penman,\\ranj98224\penmans,\\ranj98224\profile$\penmans,Registered Nurse,513
PENNM,User,Malcolm Penn,\\moj141srv001\data\users\pennm,\\moj141srv001\data\profiles\pennm,Policy and Legislation,513
PENNON,User,Ngaire Penno,\\PORC500036\PennoN,\\PORC500036\profile$\PennoN,Clerical Officer - CBS,513
PENNYE,User,Eleanor Penny,,\\MOJ141SRV001\data\profiles\PennyE,Financial Systems Office,513
PENNYJ,User,Julienne Penny,,,Family Court Judges chambers,513
PENNYK,User,Kristopher Penny,,,Joondalup Court,513
PENWALDC,User,Christopher Penwald,,\\MOJ141SRV001\data\profiles\PenwaldC,Executive Officer - Special Projects,513
PEPET,User,Tony Pepe,,\\wsq98263\profiles$\pepet,Resource Coordinator,513
PEREIRAA,User,Ashley Pereira,\\cann98265\PereiraA,\\cann98265\profile$\PereiraA,Gratuities Officer,513
PEREIRAD,User,Deirdre Pereira,\\wsq98263\pereirad,\\wsq98263\profile$\pereirad,Personal Assistant,513
PEREIRAJ,User,Joyce Pereira,\\perc95846\PereiraJ,\\perc95846\profile$\PereiraJ,Clerical Officer ,513
PEREIRAM,User,Monica Pereira,,,Aboriginal Policy Services,513
PEREJMIS,User,Stanley Perejmibida,,\\mojfcsrv001\data\profiles\PerejmiS,Family Court Projects,513
PERGUNAF,User,Francis Pergunas,\\casu98264\pergunaf,\\casu98264\profile$\pergunaf,Prison Officer,513
PERKINS1,User,Trevor Perkins,\\KARN98218\Perkins1,\\KARN98218\profile$\Perkins1,Abbattoir,513
PERKINST,User,Tony Perkins,\\MOJ141SRV001\data\users\PerkinsT,\\MOJ141SRV001\data\profiles\PerkinsT,Accounting Contractor,513
PERRYD,User,Donna Perry,,\\moj141srv001\data\profiles\perryd,Pulbications Assistant,513
PERRYM,User,Michael Perry,\\karn98218\PerryM,\\karn98218\profile$\PerryM,Prison Officer - Karnet,513
PERSES,User,Sean Perse,,\\moj141srv001\data\profiles\perses,3rd Floor Assets,513
PESTERJ,User,John Pester,\\cann98265\PesterJ,\\cann98265\profile$\PesterJ,Prison Officer,513
PETERSD,User,Douglas Peters,\\ranj98224\PetersD,\\ranj98224\profile$\PetersD,Group Worker,513
PETERSEB,User,Barry Petersen,\\casu98264\peterseb,\\casu98264\profile$\peterseb,Prison Officer,513
PETERSEP,User,Peter Petersen,\\casu98264\petersep,\\casu98264\profile$\petersep,Prison Officer,513
PETERSS,User,Sheree Peters,\\mojnyasrv01\peterss,\\mojnyasrv01\profile$\peterss,Prison Officer - Nyandi,513
PETRONIJ,User,Jody Mark Petroni,,,Web Developer,513
PETRUSAL,User,Linda Petrusa,,,DPP - Internet Access,66049
PETTETG,User,Gary Pettet,\\alba98266\pettetg,\\alba98266\profile$\pettetg,Prison Officer,513
PETTITL,User,Linda Pettit,,,Records,66049
PETTITM,User,Marg Pettit,\\bunb98262\PettitM,\\bunb98262\profile$\PettitM,Prison Officer,513
PGTEST,User,Pauly G test,,,Test Account,513
PHACEASD,User,Deborah Phaceas,,,HR - Personnel Services,513
PHILIPPC,User,Carmel Philippe,,,HR Project Manager,66049
PHILLIJO,User,Jodie Phillips,\\ROEB98205\PhilliJo,\\ROEB98205\profile$\PhilliJo,,513
PHILLIMA,User,Margaret Phillips,\\CANN98265\PhilliMa,\\CANN98265\Profile$\PhilliMa,Clerical Support Officer,513
PHILLIPA,User,Pauline Phillips,\\clc95896\phillipa$,\\clc95896\phillipa,Director Magistrates Court,66049
PHILLIPD,User,Denyse Phillips,,,Referee - Small Claims,513
PHILLIPF,User,Fay Phillips,,\\clc95896\phillipf,Local Court,513
PHILLIPJ,User,Jane Phillip,,,HR Personnel ,66049
PHILLIPK,User,Kerri Phillips,,\\MOJFCSRV001\data\profiles\PhillipK,Legal Researcher - Family Court,513
PHILLIPM,User,Marion Phillips,,\\moj141srv001\data\profiles\phillipm,Library Assistant,513
PHILLIPP,User,Peter Phillip,,\\mojavssrv001\data\profiles\Phillipp,AVS,513
PHILPOTA,User,Adrian Philpott,\\cann98265\PhilpotA,\\cann98265\profile$\PhilpotA,Industrial Officer,513
PHILPOTJ,User,Jennifer Philpott,\\mojnyasrv01\philpotj,\\mojnyasrv01\profile$\philpotj,Prison Officer,513
PHILPS,User,Suzanne Philp,\\cann98265\PhilpS,\\cann98265\profile$\PhilpS,Movements Officer,513
PHOENIXG,User,Geraldine Phoenix,\\band98268\phoenixg,\\band98268\profile$\phoenixg,Prison Officer - Casuarina,513
PIASENTP,User,Peter Piasente,,\\MOJ141SRV001\data\profiles\PiasentP,Financial Analyst,513
PICHLERM,User,Martin Pichler,,,IT Corp/Legal,66049
PICKENSL,User,Lee Pickens,,\\mojopasrv001\data\profiles\Pickensl,Receptionist,513
PICKETTA,User,Angela Pickett,\\BANJ98227\PickettA,\\BANJ98227\profile$\PickettA,Aboriginal Welfare Officer,513
PICKETTD,User,David Pickett,\\msu98213\PickettD,\\msu98213\profile$\PickettD,Prison Officer,513
PICKETTE,User,Evelyn Pickett,\\WOOR98267\PickettE,\\WOOR98267\profile$\PickettE,Relief Medical Officer,513
PICKETTR,User,Roger Pickett,,,HR Policy and Development,66051
PICKETTV,User,Violet Pickett,\\BUNC98216\PickettV,\\BUNC98216\data\profiles\PickettV,CCO,513
PICKINH,User,Helen Pickin,\\BAND98268\PickinH,\\BAND98268\profile$\PickinH,Nursing Sister,513
PIERREA,User,Andy Pierre,\\bunb98262\PierreA,\\bunb98262\profile$\PierreA,Prison Officer,513
PIETERSC,User,Charles Pietersen,\\woor98267\PietersC,\\woor98267\profile$\PietersC,FCPO,513
PIGGOTTL,User,Lynton Piggott,\\lawc98204\piggottl,\\lawc98204\profile$\piggottl,Senior Policy Officer,513
PILTONG,User,Graeme Pilton,\\wsq98263\tomspilt,\\moj141srv001\data\profiles\piltong,Policy Programs and Projects,513
PINKARDK,User,Kevin Pinkard,\\moj141srv001\data\users\PinkardK,,Sheriff Office Worker,66049
PINNEGAC,User,Christopher Pinnegar,\\karn98218\PinnegaC,\\karn98218\profile$\PinnegaC,FCPO - Karnet Prison Farm,513
PINTOD,User,David Pinto,,\\MOJ141SRV001\data\profiles\PintoD,A/Manager Corperate Planning,513
PIPERA,User,Alan Piper,,,Director General ,66049
PISRASKI,User,Pisraskis, Mark,,,,513
PITCHENP,User,Pamela Pitchen,,\\clc95896\pitchenp,Judicial Support Officer,66049
PITTARDJ,User,John Pittard,\\casu98264\pittardj,\\casu98264\profile$\pittardj,Prison Officer - Casuarina,513
PITTARDT,User,Tammy Pittard,\\BANJ98227\PittardT,\\BANJ98227\profile$\PittardT,Managerial Support - disabled 27/6/01,515
PITTDONA,User,Donald Pitt,\\clc95896\pittdona$,\\clc95896\pittdona,Court Officer, Perth,513
PLANTK,User,Kevin Plant,\\alba98266\plantk,\\alba98266\profile$\plantk,Prison Officer,513
PLESKUSP,User,Pam Pleskus,,\\mojgabsrv01\profile$\pleskusp,GAB - Senior Enquiries Officer,513
PLEWRIGB,User,Ben Plewright,\\LAWC98204\PlewrigB,\\LAWC98204\profile$\PlewrigB,CATS,513
PLUMLEYN,User,Noel Plumley,\\wsq98263\plumleyn,\\wsq98263\profile$\plumleyn,Medical Officer,513
PLUMTREE,User,PlumTree training account,,,Temporary account for PlumTree training,513
PLUNKETJ,User,Jeff Plunkett,,,Executive Officer - DPP,513
POADA,User,April Poad,\\gree98261\PoadA,\\gree98261\profile$\PoadA,Prison Officer - Greenough,513
POFFICER,User,Project Officer,,,E & UTU,66049
POHD,User,Dixee Poh,\\ranj98224\pohd,\\ranj98224\profile$\pohd,Groupworker - Rangeview,513
POLICE,User,Login for Internet machine,,,Police/Justice Core Functions,66049
POLICE2,User,Generic Login,,,Police/Justice Core Functions,66049
POLLARDA,User,Alan Pollard,\\woor98267\PollardA,\\woor98267\profile$\PollardA,Industrial Officer,513
POLLOCKM,User,Margaret Pollock,\\madc98210\PollockM,\\madc98210\profile$\PollockM,Admin Assistant,515
POLPROS,User,Generic Login,,,Police/Justice Core Functions,66049
POMSTOMS,User,Not really neccessary,\\wsq98263\Pomstoms,\\wsq98263\Profiles$\Pomstoms,Printer test account,66049
POOLEK,User,Kerry Poole,\\wsq98263\poolek,\\wsq98263\profile$\poolek,OM Executive,513
POOLET,User,Tony Poole,\\norc98226\poolet,\\norc98226\profile$\poolet,Northam CBS A/Snr JJO,513
POONC,User,Connie Poon,\\casu98264\poonc,\\casu98264\profile$\poonc,Hospital Officer - Casuarina,513
POPPD,User,Doug Popp,\\woor98267\PoppD,\\woor98267\profile$\PoppD,Prison Officer,513
PORDANR,User,Robyn Pordan,\\jardomddig1\pordanr,\\jardomddig1\profile$\pordanr,Clerical Officer,513
PORRITTD,User,Daniel Porritt,\\band98268\porrittd,\\band98268\profile$\porrittd,Prison Officer,513
PORTERE,User,Emma Porter,\\vmuc98225\PorterE,\\vmuc98225\profile$\PorterE,Clerical Officer,513
POSTHUME,User,Elizabeth (Liz) Posthuma,\\karn98218\posthume,\\karn98218\profile$\posthume,Registered Nurse,513
POTTERB,User,Bradley Potter,\\ranj98224\PotterB,\\ranj98224\profile$\PotterB,Senior Officer,513
POTTERD,User,David Potter,\\MOJ141SRV001\data\users\PotterD,\\MOJ141SRV001\data\profiles\PotterD,Budget Analyst,513
POTTERJ,User,James Potter,\\casu98264\potterj,\\casu98264\profile$\potterj,Prison Officer - Casuarina,513
POTTSC,User,Colin Potts,\\cann98265\PottsC,\\cann98265\profile$\PottsC,Prison Officer,513
POTTST,User,Tarryn Potts,\\GREE98261\pottst,\\GREE98261\profile$\pottst,Greenough Prison Prison Officer,513
POVEYB,User,Bradley Povey,\\banj98227\poveyb,\\banj98227\profile$\poveyb,Group Worker,513
POWELLP,User,Paul Powell,,,Sheriff's Office,66049
POWERJ,User,June Power,\\GREE98261\powerj,\\GREE98261\profile$\powerj,Greenough Prison Prison Officer,513
POWERL,User,Liz Power,\\wsq98263\powerl,\\wsq98263\Profile$\powerl,Prison Operations - Albert Facey House,513
POWG,User,Graham Pow,\\broo98202\PowG,\\broo98202\profile$\PowG,Prison Officer,513
POYNTONS,User,Susan Poynton,,\\moj141srv001\data\profiles\poyntons,ISD 15th Library,513
POZAROWS,User,Sheila Pozarowszczyk,,,A/Admin Assistant,513
PPMS_USER,User,Generic Account for PPMS,,,Crons and Install Procedures - TOMS Support,66049
PPP,User,Policy Projects and Programs,,,Generic Login,66049
PRAGNELM,User,Mary Ann Pragnell,,,Historical Data Takeup, Registrar General's Offi,66051
PRATIGNE,User,Eric Pratignjo,,,IT Project Leader OM,66049
PREECEP,User,Peter Preece,\\casu98264\preecep,\\casu98264\profile$\preecep,Prison Officer,513
PRETZEL1,User,Pretzel Logic One,,,Pretzel Logic Intranet FTP Account 1,66049
PRETZEL2,User,Pretzel Logic Two,,,Pretzel Logic Intranet FTP Account 2,66049
PRGOMETM,User,Michael Prgomet,,\\moj141srv001\data\profiles\prgometm,HR,513
PRIBILC,User,Camilla Pribil,,,HR Policy,66049
PRICEA,User,Adam Price,,,Accounts Officer - Court Services,66049
PRICEG,User,Gail Price,\\woor98267\priceg,\\woor98267\profile$\priceg,Admin Co-ordinator,513
PRICEL,User,Lisa Price,,,JJD JJ Officer,66049
PRIDDLED,User,Donald Priddle,\\casu98264\priddled,\\casu98264\profile$\priddled,Industrial Officer,513
PRIESTLG,User,Gary Priestley,\\cann98265\priestlg,\\cann98265\profile$\priestlg,Prison Officer,513
PRIESTLH,User,Hayley Priestley,,\\moj141srv001\data\profiles\priestlh,Policy Officer,513
PRIESTMR,User,Ross Priestman,\\banj98227\PriestmR,\\banj98227\profile$\PriestmR,Deputy Superintendent,513
PRIMROSK,User,Kathy Primrose,,\\MOJFCSRV001\data\profiles\PrimrosK,Family Court,513
PRIORR,User,Ray Prior,\\alba98266\priorr,\\alba98266\profile$\priorr,FCPO,513
PRISGROP,User,Peter Prisgrove,\\perc95846\prisgrop,\\perc95846\profile$\prisgrop,Perth CBS,513
PRITCHAM,User,Meg Pritchard,,,Sheriffs Office,66049
PROCTEDE,User,Deborah Procter,\\mojwatsrv01\proctede,\\mojwatsrv01\profile$\proctede,JJ Officer,513
PROCTERD,User,Debbie Procter,\\wsq98263\britainr,\\wsq98263\profile$\ProcterD,PA, Health Services, Offender Management,513
PROCTERG,User,Geoffrey Procter,\\casu98264\procterg,\\casu98264\profile$\procterg,Prison Officer,513
PROFEDIT,User,Profile Editor,,,,66049
PROFFITJ,User,John Proffit,\\karn98218\proffitj,\\karn98218\profile$\proffitj,FCPO,513
PROJECT,User,Generic login for Robert Mills,,\\moj141srv001\data\profiles\project,Aboriginal Policy and Services,513
PROUDM,User,Mark Proud,,\\mojfcsrv001\data\profiles\proudm,Family Court Counselling,513
PRYCEC,User,Colin Pryce,\\bunb98262\PryceC,\\bunb98262\profile$\PryceC,Prison Officer,513
PRYCER,User,Roslyn Pryce,\\bunb98262\prycer,\\bunb98262\profile$\prycer,Nurse,513
PUCHALSK,User,Karina Puchalska,\\mtlc98217\PuchalsK,\\mtlc98217\profile$\PuchalsK,JJO,513
PUCKRDIJ,User,Jan Puckrdige,\\porc500036\PuckrdiJ,\\porc500036\profile$\PuckrdiJ,Clerical Officer,513
PUERTOLE,User,Elizika Puertollano,\\broc98203\puertole,\\broc98203\profile$\puertole,Clerical Officer - Broome,513
PUGHRICK,User,Rick Pugh,\\frec98207\pughrick,\\frec98207\profile$\pughrick,Senior Court Officer, Perth,513
PUGLIEST,User,Tricia Pugliese,\\perc95846\pugliest,\\perc95846\profile$\pugliest,Perth CBS,513
PULFORDM,User,Mark Pulford,\\cann98265\PulfordM,\\cann98265\profile$\PulfordM,Prison Officer,513
PULFORDR,User,Rodney Pulford,\\casu98264\pulfordr,\\casu98264\profile$\pulfordr,Probationery Prison Officer,513
PULJICA,User,Anna Puljic,,\\moj141srv001\data\profiles\puljica,HR Recruitment,513
PULLELAA,User,Dr Ananth Pullela,,,Health Services,513
PYKES,User,Susan Pyke,\\frec98207\pykes,\\frec98207\profile$\pykes,Community Based Education Officer,513
PYNTS,User,Steven Pynt,,\\clc95896\pynts,Deputy Chairman,66049
PYWELLH,User,Harry Pywell,\\ranj98224\PywellH,\\ranj98224\profile$\PywellH,Group Worker,513
QUACHB,User,Ben Quach,,\\MOJ141SRV001\data\profiles\QuachB,Contractor WARS2000,513
QUADRIOT,User,Terri Quadrio,\\midc98212\quadriot,\\midc98212\profile$\quadriot,Clerical Officer - Midland CBC,513
QUARTEMI,User,Michelle Quartermaine,\\warm98344\quartemi,\\warm98344\profile$\quartemi,Aboriginal PSO,513
QUARTERB,User,Bernie Quartermaine,\\alba98266\quarterb,\\alba98266\profile$\quarterb,Prison Officer,513
QUARTERJ,User,John Quartermaine,,,Year 2000 Project,66051
QUARTERR,User,Rita Quartermaine,\\narc98339\QuarterR,\\narc98339\profile$\QuarterR,Clerical Officer,513
QUICKW,User,William Quick,\\INAL_RES\QuickW,\\INAL_RES\profile$\QuickW,Admin Asst,513
QUINNA,User,Adam Quinn,\\banj98227\QuinnA,\\banj98227\profile$\QuinnA,CCO,513
QUINNE,User,Emma Quinn,\\karc98343\quinne,\\karc98343\profile$\quinne,Clerical Officer - Karratha CBS,513
QUINNJ,User,John Quinn,,,Records,66049
QUINNL,User,Lee Quinn,\\moj141srv001\data\users\quinnl,,CSC - SOE Engineer,513
QUINNM,User,Milton Quinn,\\band98268\quinnm,\\band98268\profile$\quinnm,Industrial Officer,513
QUINNR,User,Rohan Quinn,,,GAB - Management ,66049
QUINNS,User,Sandy Quinn,\\clc95896\quinns$,,Courts Management -  10th Floor May Holman,513
QUIRKJ,User,Jennifer Quirk,\\WSQ98263\QuirkJ,\\WSQ98263\profile$\QuirkJ,Contractor,513
RABBITTA,User,Angela Rabbitt,\\jardomddig1\rabbitta,\\jardomddig1\profile$\rabbitta,A Manager Parole Release,513
RACKHAMA,User,Andrew Rackham,\\banj98227\rackhama,\\banj98227\profile$\rackhama,GROUPWORKER,513
RADANOVH,User,Hannelore Radanovic,\\pabo98220\Radanovh,\\pabo98220\profile$\Radanovh,clerk,513
RADICEM,User,Margaret Radice,\\cann98265\RadiceM,\\cann98265\profile$\RadiceM,Cashier,513
RADICEVM,User,Mitch Radicevic,\\cann98265\RadicevM,\\cann98265\profile$\RadicevM,Senior Officer,513
RADICIJ,User,Joe Radici,,,Contractor for HR,66049
RADIS,User,Shana Radi,\\PERC95846\RadiS,\\PERC95846\profile$\RadiS,Program Officer,513
RADISICL,User,Lili Radisic,\\benc_res\RadisicL,\\benc_res\profile$\RadisicL,CCO - Bentley CBS,513
RAECHRIS,User,Christopher Rae,\\CLC95896\RaeChris$,\\CLC95896\RaeChris,Court Officer,513
RAFFAD,User,Debbi Raffa,\\ccou98209\raffad$,,Associate,513
RAFFERTP,User,Peter Rafferty,,,Sheriff Office Worker,66049
RAHMANE,User,Ernest Rodney Rahman,\\broo98202\Rahmane,\\broo98202\profile$\Rahmane,FCPO,513
RAKICHM,User,Mark Rakich,,,DPP Records,66049
RALPHD,User,Dot Ralph,\\band98268\ralphd,\\band98268\profile$\ralphd,Bandyup CBS,513
RALPHI,User,Ian Ralph,\\casu98264\ralphi,\\casu98264\profile$\ralphi,Prison Officer,513
RAMAKRIH,User,Hyacinth Ramakrishnan,,\\mojfcsrv001\data\profiles\RamakriH,Family Court Counselling,513
RAMSAYN,User,Nelson Ramsay,,,CSC - IT Support Analyst,513
RAMSAYP,User,Paul Ramsay,,,HR, RPL Officer,66049
RANDALLJ,User,Jacquelyn Randall,\\bunb98262\RandallJ,\\bunb98262\profile$\RandallJ,Industrial Officer,513
RANDALLM,User,Mark Randall,\\alba98266\randallm,\\alba98266\profile$\randallm,Prison Officer,513
RANDERIZ,User,Zeiba Randeria,,\\CLC95896\RanderiZ,Keyboard Officer,513
RANGERV,User,Val Ranger,\\mojvppsrv01\rangerv,\\mojvppsrv01\profile$\rangerv,Victoria Park JJ Team Admin Coord.,513
RANGITOD,User,Dave Rangitoheriri,\\cann98265\Rangitod,\\cann98265\profile$\Rangitod,Prison Officer - Hakea,513
RANKINB,User,Brian Rankin,,,Co-ord Parole Release,513
RANKINK,User,Karen Rankin,\\cann98265\RankinK,\\cann98265\profile$\RankinK,Prison Officer,513
RAPLEYM,User,Marie Rapley,,,Court Officer,513
RATKOVIT,User,Theodore Ratkovic,\\casu98264\ratkovit,\\casu98264\profile$\ratkovit,Prison Officer,513
RATTEND,User,Daniel Ratten,\\casu98264\rattend,\\casu98264\profile$\rattend,Probationery Prison Officer,513
RAUCHR,User,Robert Rauch,\\band98268\rauchr,\\band98268\profile$\rauchr,Prison Officer,513
RAVENG,User,Gail Raven,\\msu98213\RavenG,\\msu98213\profile$\RavenG,Industrial Officer,513
RAVENM,User,Margaret Raven,\\kalc98221\RavenM,\\kalc98221\profile$\RavenM,CCO,513
RAVINDRR,User,Ravi Ravindran,,,IT Offender Management Consultant,513
RAWLINGW,User,William Rawling,\\woor98267\rawlingw,\\woor98267\profile$\rawlingw,WorkCamp Officer - ,513
RAWLINSC,User,Craig Rawlins,,\\MOJ141SRV001\data\profiles\RawlinsC,Records Officer,513
RAWSONG,User,Gerald Rawson,\\inal_res\RawsonG,\\inal_res\profile$\RawsonG,Senior Officer,513
RAWSONK,User,Kirk Rawson,\\eago98223\rawsonk,\\eago98223\profile$\rawsonk,Prison Officer - Eastern Goldfields,513
RAYD,User,Daryl Ray,\\bunb98262\RayD,\\bunb98262\profile$\RayD,Prison Officer,513
RAYMONDR,User,Ramah Raymond,,\\CLC95896\RaymondR,Tribunals Officer,513
RAYNERD,User,Darryl Rayner,\\banj98227\raynerd,\\banj98227\profile$\raynerd,Group Worker,513
RAYNERG,User,Gary Rayner,\\cann98265\RaynerG,\\cann98265\profile$\RaynerG,ASPM - Westralia Square,513
RAYNERK,User,Karen Rayner,,\\clc95896\raynerk,Court Officer,513
RAYNESG,User,Geoffrey Raynes,\\eago98223\RaynesG,\\eago98223\profile$\RaynesG,Senior Officer,513
RAYNEYF,User,Faith Rayney,\\wsq98263\rayneyf,\\wsq98263\profile$\rayneyf,Correspondence Officer,513
RAYNEYH,User,Harold Rayney,,,JJD JJ Officer,66049
RAYSONA,User,Angie Rayson,,,Oracle Consultant, Finance,513
READ,User,Danielle Rea,,\\mojgabsrv01\profile$\read,Processing Clerk,513
READA,User,Anne Read,\\broc98203\ReadA,\\broc98203\profile$\ReadA,SCCO - broc98203,513
READC,User,Chris Read,,\\moj141srv001\data\profiles\ReadC,Policy and Legislation,513
READD,User,Damien Read,\\bunb98262\readd,\\bunb98262\profile$\readd,Prison Officer,513
REDDENS,User,Sean Redden,\\MOJ141SRV001\data\users\ReddenS,\\MOJ141SRV001\data\profiles\ReddenS,Legal Records Staff,513
REDDYS,User,Stephen Reddy,,,JJD JJ Officer,66049
REDDYST,User,Stephen Reddy,\\ranj98224\ReddyST,\\ranj98224\profile$\ReddyST,Group Worker,513
REDECKIP,User,Paula Redeckis,,\\midlcrtibm1\redeckip,Court Officer,66049
REDFERNL,User,Linda Redfern,\\casu98264\redfernl,\\casu98264\profile$\redfernl,Industrial Officer,513
REEBYR,User,Robert Reedy,\\alba98266\reebyr,\\alba98266\profile$\reebyr,Senior Officer,513
REEDC,User,Clay Reed,\\CASU98264\ReedC,\\CASU98264\profile$\ReedC,Industrial Officer,513
REEDD,User,David Reed,\\casu98264\reedd,\\casu98264\profile$\reedd,Prison Officer,513
REEVEA,User,Alma Reeve,,,JSO L2,66049
REEVESD,User,David Reeves,\\banj98227\reevesd,\\banj98227\profile$\reevesd,Group Worker - Banksia Hill,513
REEVESM,User,Michael Reeves,\\cann98265\reevesm,\\cann98265\profile$\reevesm,Prison officer,513
REGANA,User,Arnold Regan,\\bunb98262\ReganA,\\bunb98262\profile$\ReganA,Prison Officer,513
REGAND,User,Diane Regan,,,JJ Kalgoorlie,66049
REGANG,User,Gennifer Regan,\\karn98218\ReganG,\\karn98218\profile$\regang,Prison Officer,513
REIDD,User,Dianne Reid,\\pabo98220\Reidd,\\pabo98220\profile$\Reidd,Clerk,515
REIDG,User,Gordon Reid,\\eago98223\ReidG,\\eago98223\profile$\ReidG,Prison Officer - Eastern Goldfields,513
REIDW,User,Wade Reid,\\cann98265\ReidW,\\cann98265\profile$\ReidW,FCPO,513
REIDYK,User,Kayleen Reidy,\\MOJ141SRV001\data\users\ReidyK,\\MOJ141SRV001\data\profiles\ReidyK,Indigenous Trainee,513
REIDYM,User,Marilyn Reidy,\\banj98227\reidym,\\banj98227\profile$\reidym,Banksia Hill CBS CCO,513
REILLYE,User,Eddie Reilly,\\broo98202\ReillyE,\\broo98202\profile$\ReillyE,Prison Officer,513
REILLYS,User,Sandra Reilly,,\\mojfcsrv001\data\profiles\ReillyS,Family Court Records,513
REINDLM,User,Mike Reindl,\\BROO98202\ReindlM,\\BROO98202\Profile$\ReindlM,Education Officer,513
REM,User,Maria Julie Re,,\\moj141srv001\data\profiles\rem,HR Officer,513
REPLICA,User,Replication Service user,,,MOJ_MASTER replication user account,66113
REPLSERVICE,User,Replication Service,,,Service Account,66049
REPLUSER,User,Replication User,,,Domain Replication of login scripts,66049
RESERVE,User,Reserve Link,,,Reserve Link for Lev 3 - Finance,66049
REUBENJ,User,James Reuben,,,Information Officer - FER,66049
REWHACH,User,Chris Rewha,\\mojwarsrv01\RewhaCh,\\mojwarsrv01\profile$\RewhaCh,A/SJJO,513
REYGATEA,User,Adele Reygate,,,HR Recruitment Officer,66051
REYNIERC,User,Christine Reyniers,\\casu98264\reynierc,\\casu98264\profile$\reynierc,FCPO - Casuarina,513
REYNOLDD,User,David Reynolds,,,Sheriff's Office,513
REYNOLDH,User,Hayley Reynolds,,\\CLC95896\roaming$\ReynoldH,Court Officer,513
REYNOLDM,User,Merrilyn Reynolds,\\GREE98261\reynoldm,\\GREE98261\profile$\reynoldm,Greenough Prison Admin Assist.,513
REYNOLMA,User,Mark Reynolds,\\cann98265\reynolma,\\cann98265\profile$\reynolma,Prison Officer,513
RHODESA,User,Anthony Rhodes,,\\moj141srv001\data\profiles\rhodesa,Procurement Officer,66051
RICEA,User,Anthony Rice,\\cann98265\RiceA,\\cann98265\profile$\RiceA,Senior Officer,513
RICEC,User,Cindy Rice,\\casu98264\ricec,\\casu98264\profile$\ricec,Cashier,513
RICHARCL,User,Clive Richards,,,Unisys Contractor - Courts Technology Group,513
RICHARCR,User,Craig Richardson,,,Intelligence Officer,513
RICHARDA,User,Anthony Richards,\\RANJ98224\RichardA,\\RANJ98224\profile$\RichardA,Group Worker,513
RICHARDC,User,Cindy Richardson,\\bunb98262\richardc,\\bunb98262\profile$\richardc,Receptionist,513
RICHARDJ,User,Jamie Richards,\\wsq98263\richardj,\\wsq98263\profile$\richardj,Project Officer - OM Performance Standards - WSQ,513
RICHARDKE,User,Ken Richards,\\midc98212\RichardKe,\\midc98212\profile$\RichardKe,SCCO,513
RICHARDL,User,Linda Richards,,\\moj141srv001\data\profiles\richardl,HR Personnel Services,513
RICHARDM,User,Marilyn Richardson,,\\mojfcsrv001\data\profiles\RichardM,Family Court - Grad Student,513
RICHARDP,User,Peter Richards,,\\moj141srv001\data\profiles\richardp,,513
RICHARDV,User,Vern Richards,,\\clc95896\richardv,,66049
RICHARDW,User,Warren Richards,\\cann98265\richardw,\\cann98265\profile$\richardw,Prison Officer,513
RICHARLE,User,Leah Richards,\\MTLC98217\RicharLe,\\MTLC98217\profile$\RicharLe,CCO,513
RICHARLI,User,Lisa Richardson,\\BUNC98216\RicharLi,\\BUNC98216\profile$\RicharLi,Clerical,513
RICHARPE,User,Phillip Richardson,\\CASU98264\RicharPe,\\CASU98264\profile$\RicharPe,Nurse,513
RICHARYA,User,Yadira Richards,,,Unisys Contractor - Courts Technology Group,513
RICKIEG,User,Greg Rickie,,,Court Services,66049
RIDGEG,User,Geoffrey Ridge,\\gree98261\ridgeg,\\gree98261\profile$\ridgeg,FCPO,513
RIDGEWAL,User,Lynne Ridgeway,\\JOOC98201\RidgewaL,\\JOOC98201\profile$\RidgewaL,A/JJO,513
RIDLEYK,User,Ken Ridley,,\\MOJ141SRV001\data\profiles\RidleyK,Project Manager EDMS,513
RIDLEYS,User,Sussan Ridley,,,VSS Counselor,513
RIEBELIS,User,Shane Riebeling,,\\clc95896\RiebeliS,Senior Court Officer,513
RIGBYD,User,Darren Rigby,\\perc95846\rigbyd,\\perc95846\profile$\rigbyd,Programmes Officer,513
RIGHETTM,User,Maria Teresa Righetti,\\frec98207\righettm,\\frec98207\profile$\righettm,CCO - Rockingham,513
RIGHTONR,User,Robert Righton,\\KARN98218\RightonR,\\KARN98218\profile$\RightonR,Dairy,513
RILEYA,User,Alan Riley,\\karn98218\RileyA,\\karn98218\profile$\RileyA,Prison Officer,513
RILEYS,User,Steven Riley,,\\moj141srv001\data\profiles\rileys,Application Sampler,513
RINALDIG,User,Genevieve Rinaldi,\\perc95846\rinaldig,\\perc95846\profile$\rinaldig,Milligan CBS Clerical Officer,513
RIOLOT,User,Tony Riolo,,,PCO IS Project,66049
RIPPONA,User,Andrea Rippon,\\casu98264\rippona,\\casu98264\profile$\rippona,Clerical Officer,515
RISKASE,User,Eva Riskas,,,Court Officer,513
RITCHIEI,User,Ian Ritchie,\\cann98265\RitchieI,\\cann98265\profile$\RitchieI,Senior Officer,513
RITCHIEW,User,Wendy Ritchie,\\banj98227\ritchiew,\\banj98227\profile$\ritchiew,Group Worker,513
ROBBI,User,Ian Robb,\\inal_res\RobbI,\\inal_res\profile$\RobbI,Prison Officer,513
ROBBINSK,User,Karenza Robbins,,\\moj141srv001\data\profiles\robbinsk,Project Officer - Organisation Performance,513
ROBBINSP,User,Paul Robbins,\\GREE98261\robbinsp,\\GREE98261\rprofile$\obbinsp,Greenough Prison FCPO,513
ROBBP,User,Paul Robb,\\GREE98261\robbp,\\GREE98261\profile$\robbp,Greenough Prison Prison Officer,513
ROBBW,User,William Robb,\\casu98264\robbw,\\casu98264\profile$\robbw,Prison Officer,513
ROBERTCO,User,Colin Roberts,,,Magistrates,513
ROBERTSA,User,Andrew Robertson,\\casu98264\robertsa,\\casu98264\profile$\robertsa,Prison Officer,513
ROBERTSAO,User,Allen Roberts,\\rive_res\RobertsAO,\\rive_res\profile$\RobertsAO,Senior Shift Officer,513
ROBERTSC,User,Cheryl Roberts,,\\frec98207\robertsc,A/Senior Court Officer,513
ROBERTSD,User,David Roberts,\\gree98261\robertsd,\\gree98261\profile$\robertsd,Prison Officer - Greenough,513
ROBERTSG,User,Garry Robertson,,\\MOJGABSRV01\profile$\robertsg,GAB - Executive Officer,66049
ROBERTSH,User,Hugh Roberts,\\casu98264\robertsh,\\casu98264\profile$\robertsh,Industrial Officer,515
ROBERTSJ,User,Julie Roberts,,,Public Advocate,513
ROBERTSJO,User,Joe Robertson,\\jardomddig1\RobertsJo,\\jardomddig1\profile$\RobertsJo,Prison Officer,513
ROBERTSL,User,Lorraine Robertson,\\BANJ98227\RobertsL,\\BANJ98227\profile$\RobertsL,Education Officer,513
ROBERTSM,User,Mark Roberts,,\\mojfcsrv001\data\profiles\RobertsM,Family Court Listings,513
ROBERTSN,User,Norman Roberts,,,Magistrate - Unused Dec99 - 4/8/00,513
ROBERTSS,User,Shaun Roberts,\\BANJ98227\RobertsS,\\BANJ98227\profile$\RobertsS,Group Worker,513
ROBERTST,User,Trevor Roberts,,,HR,513
ROBERTSTR,User,Trevor Roberts,\\perc95846\RobertsTr,\\perc95846\profile$\RobertsTr,CCO - Psychologist?,513
ROBEW,User,william Robe,\\casu98264\robew,\\casu98264\profile$\robew,Prison Officer - Casuarina Prison,513
ROBINSA,User,Alison Robins,,,Magistrates already disabled (4/7/1),515
ROBINSOA,User,Adrianne Robinson,\\PARD98214\RobinsoA,\\PARD98214\profile$\RobinsoA,Registered Nurse,513
ROBINSOD,User,Dave Robinson,,,CSC - SMS project,513
ROBINSOJ,User,Jeffery Robinson,\\msu98213\RobinsoJ,\\msu98213\profile$\RobinsoJ,Prison Officer,513
ROBINSOL,User,Lyn Robinson,\\MOJ141SRV001\data\users\RobinsoL,\\MOJ141SRV001\data\profiles\RobinsoL,Project Officer,513
ROBINSOM,User,Myra Robinson,\\ranj98224\robinsom,\\ranj98224\profile$\robinsom,PA,513
ROBINSOP,User,Patricia Robinson,,,Regional Counsellor VSS - Geraldton,513
ROBINSOR,User,Raymond Robinson,\\KARN98218\RobinsoR,\\KARN98218\profile$\RobinsoR,Farm,513
ROBINSPE,User,Penelope Robinson,,\\mojfcsrv001\data\profiles\robinspe,Family Court Counselling,513
ROBINTEST,User,robin Test,\\wsq98263\robintest,\\wsq98263\profile$\robintest,test account,66049
ROBSONH,User,Hiawatha Robson,\\banj98227\robsonh,\\banj98227\profile$\robsonh,Group Worker,513
ROBSONJ,User,Jamie Robson,\\madc98210\RobsonJ,\\madc98210\profile$\RobsonJ,,513
ROBSONL,User,Lesley Robson,\\perc95846\robsonl,\\perc95846\profile$\robsonl,Programmes Officer,513
ROCCHECS,User,Susan Roccheccioli,\\MOJ141SRV001\data\users\RocchecS,\\MOJ141SRV001\data\profiles\RocchecS,Executive Assistant,513
ROCHFORF,User,Frank Rochford,\\BANJ98227\RochforF,\\BANJ98227\profile$\RochforF,A/Human Resources Officer,513
RODERICL,User,Leon Roderick,\\casu98264\rodericl,\\casu98264\profile$\rodericl,Senior Officer,513
RODINZL,User,Linda Rodin - Zimdahl,,\\MOJ141SRV001\data\profiles\RodinZL,Personnel Services Offices,513
RODRIGUB,User,Bernard Rodrigues,\\banj98227\rodrigub,\\banj98227\profile$\rodrigub,Group Worker,513
RODRIGUL,User,Leonie Rodriguez,,,Finance - win 95 machine,66049
RODRIGUS,User,Samuel Rodrigues,,\\moj141srv001\data\profiles\rodrigus,Finance - Accounts Payable,513
RODRIGUSH,User,Shelley Rodriguez,\\kunc98337\RodriguSh,\\kunc98337\profile$\RodriguSh,Kununura CBS,513
RODZIEWA,User,Amanda Rodziewicz,,\\mojfcsrv001\data\profiles\rodziewa,Trainee,513
ROEBUCKC,User,Christopher Roebuck,\\ranj98224\roebuckc,\\ranj98224\profile$\roebuckc,Groupworker,513
ROEC,User,Carol Roe,,\\moj141srv001\data\profiles\roec,Policy and Legislation,513
ROEG,User,Graeme Roe,,,VSS,66049
ROETHELI,User,Ian Roetheli,\\rive_res\roetheli,\\rive_res\profile$\roetheli,Riverbank Prison - Senior Officer,513
ROGASCHV,User,Val Rogasch,\\madc98210\RogaschV,\\madc98210\profile$\RogaschV,Clerical Officer,513
ROGERSC,User,Catherine Rogers,\\ARMACRTIBM1\private$\RogersC,\\ARMACRTIBM1\roaming$\RogersC,Court Officer,513
ROGERSG,User,Glynis Rogers,,,Court Officer - Pinjarra,513
ROGERSK,User,Karen Rogers,\\band98268\rogersk,\\band9898268\profile$\rogersk,Prison Officer,513
ROGERSKE,User,Ken Rogers,\\WSQ98263\RogersKe,\\WSQ98263\profile$\RogersKe,Manager BSN Improvement,513
ROGERSP,User,Peter Rogers,\\eago98223\RogersP,\\eago98223\profile$\RogersP,Senior Officer,513
ROGOWSKA,User,Andre Rogowski,\\casu98264\rogowska,\\casu98264\profile$\rogowska,Prison Officer,513
ROLLINSL,User,Loretta Rollinson,\\alba98266\rollinsl,\\alba98266\profile$\rollinsl,Prison Officer,513
ROLLNIKJ,User,Joe Rollnik,\\woor98267\RollnikJ,\\woor98267\profile$\RollnikJ,Prison Officer,513
ROLPHA,User,Anthony (Nick) Rolph,\\ALBA98266\RolphA,\\ALBA98266\profile$\RolphA,Education Officer,513
ROMEOM,User,Michael Romeo,,\\midlcrtibm1\romeom,Court Officer,513
RONNERTS,User,Stella Ronnert,,,Level 18 ISD,513
ROOLEYW,User,Wendy Rooley,\\INAL_RES\RooleyW,\\INAL_RES\profile$\RooleyW,Internal Investigations,513
ROPERE,User,Emily Roper,\\banj98227\ropere,\\banj98227\profile$\ropere,Group Worker,515
ROPERP,User,Peter Roper,\\cann98265\RoperP,\\cann98265\profile$\RoperP,Roster Officer,513
RORKES,User,Sue Rorke,\\msu98213\rorkes,\\msu98213\profile$\rorkes,Clerical Officer - Training and Specialist Servi,513
RORKESU,User,Susan Rorke,\\msu98213\RorkeSU,\\msu98213\profile$\RorkeSU,Clerical Officer,515
ROSARIOI,User,Inez Rosario,\\MTLC98217\RosarioI,\\MTLC98217\data\profiles\RosarioI,Community Corrections Officer,513
ROSEJ,User,Jan Rose,\\MOJ141SRV001\data\users\RoseJ,\\MOJ141SRV001\data\profiles\RoseJ,Project Manager,513
ROSEM,User,Mark Rose,\\CANN98265\RoseM,,Business Manager,513
ROSENBEJ,User,Julie Rosenberg,\\wsq98263\rosenbej,\\wsq98263\profile$\rosenbej,Manager, Performance Standards,513
ROSES,User,Suzanne Rose,\\perc95846\roses,\\perc95846\profile$\roses,Co-Ordinator, JJ Education,513
ROSSATTM,User,Marleen Rossatti,,\\mojopasrv001\data\profiles\rossattm,Voluntary Trainee - OPA,513
ROSSG,User,Glenn Ross,\\wsq98263\rossg,,Manager Forensic Case Management Team,513
ROSSIF,User,Frank Rossi,,,Courts Technology - Consultant,513
ROSSITEV,User,Veronica (Ronnie) Rossiter,\\cann98265\Rossitev,\\cann98265\profile$\Rossitev,Industrial Officer,513
ROSSJ,User,Jacqui Ross,,\\mojgabsrv01\profile$\rossj,Guardianship and Admin Board,513
ROSSOUWA,User,Annie Rossouw,,\\mojfcsrv001\data\profiles\RossouwA,Family Court Grad Student,513
ROTHERYJ,User,John Rothery,\\casu98264\rotheryj,\\casu98264\profile$\rotheryj,FCPO,513
ROTHERYJE,User,Jean Rothery,\\madc98210\RotheryJe,\\madc98210\profile$\RotheryJe,WOO,513
ROTHW,User,Willem Roth,\\pard98214\RothW,\\pard98214\profile$\RothW,Probationery Off,66049
ROUENT,User,Tamara Rouen,\\band98268\rouent,\\band98268\profile$\rouent,Occupational Therapist,513
ROUSEJ,User,Julie Rouse,\\mojmitsrv01\rousej,\\mojmitsrv01\profile$\rousej,Perth JJ Team Coordinator,513
ROUVALIC,User,Con Rouvalis,\\cann98265\RouvaliC,\\cann98265\profile$\RouvaliC,Prison Officer,513
ROWBOTTJ,User,Jason Rowbottom,\\casu98264\RowbottJ,\\casu98264\profile$\RowbottJ,Prison Officer,513
ROWEC,User,Cassandra Rowe,\\perc95846\rowec,\\perc95846\profile$\rowec,Milligan CBS Clerical Officer,513
ROWED,User,Daniel Rowe,\\casu98264\rowed,\\casu98264\profile$\rowed,Prison Officer,513
ROWEDO,User,Donna Rowe,\\BAND98268\RoweDo,\\BAND98268\profile$\RoweDo,Medical Records Officer,513
ROWEJ,User,Janeen Rowe,\\band98268\RoweJ,\\band98268\profile$\RoweJ,Prison Officer,513
ROWELLG,User,Graham Rowell,\\casu98264\rowellg,\\casu98264\profile$\rowellg,Senior Officer,513
ROWEN,User,Neville Rowe,\\cann98265\RoweN,\\cann98265\profile$\RoweN,FCPO,513
ROWEV,User,Vanessa Rowe,\\frec98207\rowev,\\frec98207\profile$\rowev,Student - OMD,513
ROWLEYM,User,Micheal Rowley,\\banj98227\rowleym,\\banj98227\profile$\rowleym,Group Worker,513
ROWLEYS,User,Susan Rowley,\\band98268\rowleys,\\band98268\profile$\rowleys,Prison Officer ,513
ROWSTHOJ,User,Jarrod Rowsthorn,,,CSC - Support Engineer,513
ROYJ,User,Janet Roy,,,Snr Court Officer,513
ROZARIOM,User,Michelle Rozario,\\PORC500036\RozarioM,\\PORC500036\profile$\RozarioM,Clerical Officer,513
ROZMANB,User,Boris Rozman,,\\moj141srv001\data\profiles\rozmanb,3rd Floor Finance,513
RUBIANOA,User,Armando Rubiano,,,Contractor,66049
RUDDA,User,Alan Rudd,\\pard98214\RuddA,\\pard98214\profile$\RuddA,Prison Officer,513
RUDDC,User,Clinton Rudd,\\pard98214\ruddc,\\pard98214\profile$\ruddc,Farm Officer - Gardens Projects,513
RUDDJ,User,Judy Rudd,\\PARD98214\RuddJ,\\PARD98214\profile$\RuddJ,Administration Assistant,513
RUGGIERR,User,Rita Ruggiero,,\\jooncrtibm1\ruggierr,Senior Court Officer,513
RUHLD,User,Dawson Ruhl,,,Family Court Counselling,513
RURAKA,User,Andrew Rurak,\\CANN98265\RurakA,\\CANN98265\profile$\RurakA,Management support officer,513
RUSHACKM,User,Michelle Rushack,,\\jooncrtibm1\rushackm,Court Officer,513
RUSHT,User,Teresa Rush,\\kunc98337\RushT,\\kunc98337\profile$\RushT,Kununura CBS,513
RUSHTONB,User,Brett Rushton,\\albc98211\Rushtonb,\\albc98211\profile$\Rushtonb,WOO,66049
RUSHTONV,User,Victoria Rushton,\\CLC95896\RushtonV$,\\CLC95896\RushtonV,Court Officer - disabled 27/6/01,515
RUSSD,User,Daniel Russ,\\broo98202\RussD,\\broo98202\profile$\RussD,Industrial Officer,513
RUSSELB,User,Barbara Russel,\\ccou98209\russelbW$,\\ccou98209\russelbP$,Court Services Admin Assist.,513
RUSSELLA,User,Audrey Russell,\\benc\public$\russella,\\benc\Profiles$\russella,Bentley CBS User,515
RUSSELLD,User,Dianne Russell,\\KARN98218\RussellD,\\KARN98218\profile$\RussellD,Medical Records Officer,513
RUSSELLJ,User,Julie Russell,,,Court Officer,513
RUSSELLP,User,Peter Russell,\\cann98265\RussellP,\\cann98265\profile$\RussellP,Prison Officer,513
RUSSELLR,User,Randall Russell,\\casu98264\russellr,\\casu98264\profile$\russellr,Prison Officer - Casuarina,513
RUSSOP,User,Pauline Russo,\\wsq98263\russop,\\wsq98263\profile$\russop,OM JJ_Custodial,513
RUTHVENA,User,Alan Ruthven,\\cann98265\RuthvenA,\\cann98265\profile$\RuthvenA,ASOS,513
RUTHVENG,User,Geoff Ruthven,\\band98268\ruthveng,\\band98268\profile$\ruthveng,Senior Officer,513
RUTHVENL,User,Loren Ruthven,\\casu98264\ruthvenl,\\casu98264\profile$\ruthvenl,Prison officer,513
RUWOLDTK,User,Kerry Ruwoldt,\\jardomddig1\ruwoldtk,\\jardomddig1\Profile$\ruwoldtk,Officer Offender Community Based Team - Jardine,513
RYANJE,User,Jennifer Ryan,,,Court Officer,513
RYANK,User,Kathy Ryan,\\pabo98220\Ryank,\\Pabo98220\Profile$\Ryank,Coordinator,513
RYANP,User,Paul Ryan,,,Data Warehouse,66049
RYANPE,User,Peter Ryan,\\roeb98205\RyanPe,\\roeb98205\profile$\RyanPe,Prison Officer,513
RYANW,User,Wendy Ryan,,\\mojfcsrv001\data\profiles\RyanW,Librarian,513
RYDERP,User,Peter Ryder,\\banj98227\RyderP,\\banj98227\profile$\RyderP,Group Worker,513
RYDERTO,User,Tony Ryder,\\roec98206\ryderto,\\roec98206\profile$\ryderto,A/SCCO,513
SAIDK,User,Kevin Said,\\cann98265\SaidK,\\cann98265\profile$\SaidK,Prison Officer,513
SALMONB,User,Brian Salmon,\\casu98264\salmonb,\\casu98264\profile$\salmonb,Prison Officer,513
SALMONM,User,Mick Salmon,\\bunb98262\salmonm,\\bunb98262\profile$\salmonm,Industrial Officer - Bunbury Prison,513
SALOMONZ,User,Zwanette Salomons,\\ranj98224\salomonz,\\ranj98224\profile$\salomonz,Groupworker,513
SAMAIE,User,Eva Samai,,\\moj141srv001\data\profiles\samaie,Finance,513
SAMBORSD,User,David Sambordki,\\gerc98200\samborsd,\\gerc98200\profile$\samborsd,JJ Geraldton,513
SAMPSONJ,User,Jane Sampson,\\mojvppsrv01\SampsonJ,\\mojvppsrv01\profile$\SampsonJ,Sen.Clin&Foren.Psyc,513
SAMSONT,User,Thomas Samson,\\banj98227\samsont,\\banj98227\profile$\samsont,Groupworker,513
SAMUELRP,User,Prakash Arthur Samuelraj,\\casu98264\samuelra,\\casu98264\profile$\samuelra,FCPO - Casuarina,513
SANDARSM,User,Melissa Sandars,\\MTLC98217\SandersMe,\\MTLC98217\profile$\SandersMe,JJO,513
SANDELLM,User,Mark Sandells,\\gree98261\sandellm,\\gree98261\profile$\sandellm,Gree Prison Officer,513
SANDERSM,User,Merriwyn Sanders,\\cann98265\SandersM,\\cann98265\profile$\SandersM,Information Officer,513
SANDERST,User,Tim Sanders,\\cann98265\SandersT,\\cann98265\profile$\SandersT,Industrial Officer,513
SANDLERI,User,Ivan Sandler,\\band98268\sandleri,\\band98268\profile$\sandleri,Information Officer,513
SANGSTEA,User,Annette Sangster,\\CASU98264\data\users\SangsteA,\\CASU98264\data\profiles\SangsteA,FCMT - Social Worker,513
SANSALOD,User,Dominic Sansalone,,\\moj141srv001\data\profiles\sansalod,Human Resources,513
SANSALOS,User,Sue Sansalone,,,Court Officer,513
SANTIG,User,Gino Santi,\\casu98264\santig,\\casu98264\profile$\santig,Prison Officer,513
SARAC,User,Colleen Sara,\\bunc98216\SaraC,\\bunc98216\profile$\SaraC,JJO,513
SARALAMN,User,Nadja Saralam,\\wsq98263\saralamn,\\wsq98263\profile$\saralamn,CSC - Consultant,513
SARICHA,User,Anita Sarich,,\\moj141srv001\data\profiles\saricha,Revenue Officer,513
SARICHI,User,Ivan Sarich,\\madc98210\SarichI,,Manager - Maddington CBS,513
SARUBINM,User,Mina Sarubin,\\BROO98202\SarubinM,\\BROO98202\profile$\SarubinM,Welfare Officer,513
SAUERA,User,Angela Sauer,,\\moj141srv001\data\profiles\sauera,Data Entry Officer,513
SAUNDERD,User,Dianne Saunders,\\CARC98346\SaunderD,\\CARC98346\profile$\SaunderD,Clerical Officer - Carnarvon CBS,513
SAUNDERR,User,Rhonda Saunders,\\cann98265\saunderr,\\cann98265\profile$\saunderr,Hospital Officer - Hakea,513
SAVILLDA,User,Daniel Savill,\\ROEB98205\SavillDa,\\ROEB98205\profile$\SavillDa,Clerical Officer,513
SAVILLH,User,Helen Savill,\\broo98202\SavillH,\\broo98202\profile$\SavillH,Prison Officer,513
SAWLEJ,User,John Sawle,\\jooc98201\sawlej,\\jooc98201\profile$\sawlej,Manager,513
SAWYERT,User,Tania Sawyer,\\mojvppsrv01\SawyerT,\\mojvppsrv01\profile$\SawyerT,Security Officer,513
SAYCES,User,Samantha Sayce,\\frec98207\sayces,\\frec98207\profile$\sayces,Clerical Officer,513
SCADER,User,Robert Scade,\\alba98266\scader,\\alba98266\profile$\scader,Prison Officer,513
SCADERO,User,Rodney Scade,\\woor98267\ScadeRo,\\woor98267\profile$\ScadeRo,FCPO,513
SCALAF,User,Franca Scala,\\band98268\scalaf,\\band98268\profile$\scalaf,Prob Prison Officer,513
SCALLYS,User,Selina Scally,\\GREE98261\ScallyS,\\GREE98261\profile$\ScallyS,Medical Officer,513
SCANLONG,User,Giselle Scanlon,\\msu98213\scanlong,\\msu98213\profile$\scanlong,Medical Records Officer,513
SCAREYB,User,Bill Scarey,\\cann98265\scareyb,\\cann98265\profile$\scareyb,Prison Officer,513
SCAREYS,User,Scott Scarey,\\cann98265\scareys,\\cann98265\profile$\scareys,Acting Admin Coordinator,513
SCHAECHH,User,H Shaeche,,,??????????,66051
SCHAECHJ,User,Julia Schaeche,,\\moj141srv001\data\profiles\schaechj,Registrar General's Office,66049
SCHIELW,User,Wally Schiel,\\GREE98261\schielw,\\GREE98261\profile$\schielw,Greenough Prison Reception Officer,513
SCHILOJ,User,James Schilo,\\casu98264\schiloj,\\casu98264\profile$\schiloj,Deputy Superintendent,513
SCHLEICJ,User,Joan Schleicher,\\gerc98200\schleicj,\\gerc98200\profile$\schleicj,Geraldton CBS,513
SCHMIDTA,User,Andrew Schmidt,\\casu98264\schmidta,\\casu98264\profile$\schmidta,Prison Officer,513
SCHMIDTK,User,Kurt Schmidtke,,\\moj141srv001\data\profiles\schmidtk,I.T. Technical Officer,513
SCHMIDTL,User,Lorelie Schmidt,,,L3 Organisational Performance,66049
SCHMIDTR,User,Ross Schmidt,,,Unisys Consultant bassed in Brisbane,513
SCHNEIDC,User,Chris Schneider,\\cann98265\SchneidC,\\cann98265\profile$\SchneidC,Prison Officer,513
SCHNEIDD,User,Dianna Schnieder,,,Consultant Career Transition,66049
SCHORERC,User,Corinne Schorer,\\albc98211\schorerc,\\albc98211\profile$\schorerc,Sessional Supervisor,513
SCHUMACM,User,Mark Schumacher,\\msu98213\SchumacM,\\msu98213\profile$\SchumacM,Prison Officer,513
SCHUTZB,User,Basil Schutz,\\MOJ141SRV001\data\users\SchutzB,\\MOJ141SRV001\data\profiles\SchutzB,Reveune Officer,513
SCHWASST,User,Tim Schwasst,,,Children's Court,66049
SCINTOP,User,Paul Scinto,,,CSC - IT Support,513
SCORERT,User,Trevor Scorer,,\\moj141srv001\data\profiles\scorert,HR Workers Comp,513
SCOTCHMP,User,Peter Scotchmer,,\\frec98207\scotchmp,Senior Court Officer,66049
SCOTTA,User,Amy Scott,\\cann98265\scotta,\\cann9898265\profile$\scotta,Hospital Officer,513
SCOTTAM,User,Amanda Scott,\\BANJ98227\ScottAm,\\BANJ98227\profile$\ScottAm,Psychologist,513
SCOTTB,User,Bruce Scott,\\woor98267\ScottB,\\woor98267\profile$\ScottB,A/ASOS,513
SCOTTBR,User,Brad Scott,,,CSC TOMS CONSULTANT,513
SCOTTC,User,Christopher Scott,\\cann98265\ScottC,\\cann98265\profile$\ScottC,Prison Officer,513
SCOTTCO,User,Colleen Scott,,\\MOJ141SRV001\data\profiles\ScottCo,Personnel Officer,513
SCOTTJ,User,J Scott,\\BROO98202\ScottJ,\\BROO98202\profile$\ScottJ,Industrial Officer,513
SCOTTM,User,Martin Scott,\\alba98266\scottm,\\alba98266\profile$\scottm,Prison Officer,513
SCOTTR,User,Robert Scott,\\cann98265\scottr,\\cann98265\profile$\scottr,Prison Officer,513
SCOTTS,User,Susan Scott,\\msu98213\scotts,\\msu98213\profile$\scotts,Manager, Central Medical Records,513
SCPROXY,User,Supreme Court Proxy,,,Supreme Court Proxy Server Credentials DONT DEL!,66113
SCREAIGT,User,Trevor Screaigh,\\gree98261\screaigt,\\gree98261\profile$\screaigt,Prison Officer,513
SCREAIGY,User,Yvonne Screaigh,\\cann98265\ScreaigY,\\cann98265\profile$\ScreaigY,Industrial Officer,513
SCRIVENA,User,Ann Scriven,\\perc95846\scrivena,\\perc95846\profile$\scrivena,Clerical Officer,513
SCRUTTOL,User,Lynn-Joy Scrutton,\\CANN98265\ScruttoL,\\CANN98265\profile$\ScruttoL,Aboriginal Education Officer,513
SCULLYJ,User,James Scully,\\woor98267\scullyj,\\woor98267\profile$\scullyj,Prison Officer,513
SCUPHAMR,User,Rick Scupham,\\wsq98263\scuphamr,\\wsq98263\profile$\scuphamr,Det Snr Sgt - Police/Prison Unit,513
SEALD,User,David Seal,,,Manager, W/place Reform,66049
SEARLESL,User,Leanne Searles,,\\MOJ141SRV001\data\profiles\SearlesL,Personnel Services Offices,513
SEARSL,User,Lawrence Sears,\\banj98227\searsl,\\banj98227\profile$\searsl,Group Worker,513
SEARSONB,User,Bridget Searson,\\PERC95846\SearsonB,\\PERC95846\Profile$\SearsonB,Disability Officer,513
SEARSR,User,Richard Sears,\\banj98227\SearsR,\\banj98227\profile$\SearsR,Group Worker,513
SECKERB,User,Barry Secker,\\cann98265\SeckerB,\\cann98265\profile$\SeckerB,Prison Officer - Canning Vale,513
SECREVED,User,Donna Secreve,\\benc_res\secreved,\\benc_res\profile$\secreved,Probationary Prison Officer,513
SEDGWICL,User,Loraine Sedgwick,\\cann98265\SedgwicL,\\cann98265\profile$\SedgwicL,Prison Officer,513
SEDGWICM,User,Mark Sedgwick,\\casu98264\sedgwicm,\\casu98264\profile$\sedgwicm,Prison Officer,513
SEDUNARA,User,Ann Sedunary,,\\clc95896\sedunara,Clerical officer,513
SEERYJ,User,Janina Seery,\\meec98347\seeryj,\\meec98347\profile$\seeryj,Meekatharra CBS Juvenile Justice Officer,513
SEKKOUAD,User,Donna Sekkouah,\\kalc98221\SekkouaD,\\kalc98221\profile$\SekkouaD,A/JJO - Kalgoorlie CBS,513
SELLERST,User,Trevor Sellers,\\gree98261\sellerst,\\gree98261\profile$\sellerst,Prison Officer,513
SEMPLEB,User,Bruce Semple,,,JJ Geraldton,66049
SENEQUED,User,Dom Seneque,,,HR MIS Contractor,66049
SENIORS,User,Susan Senior,\\benc_res\SeniorS,\\benc_res\profile$\seniors,Executive Offender Managment CBS,513
SENIORSU,User,Susan Senior,\\benc_res\SeniorS,,Manager - laptop login,513
SEPAROVD,User,Duska Separovic,,\\moj141srv001\data\profiles\separovd,Information Systems Auditor,513
SEQUEIRL,User,Lilian Sequeira,,\\clc95896\sequeirl,Keyboard Officer,66049
SERAFINP,User,Pasquale Serafino,,\\moj141srv001\data\profiles\serafinp,3rd Floor Finance - Budget,513
SERMONP,User,Peter (Lancelot) Sermon,,\\MOJGABSRV01\profile$\sermonp,Snr Officer - GAB,513
SERRANOL,User,Lourdes Serrano,,\\clc95896\serranol,Personal Secretary,66049
SESELJH,User,Harry Seselj,\\casu98264\seseljh,\\casu98264\profile$\seseljh,Forms Controller,513
SEURENS,User,Suzzane Seuren,,\\moj141srv001\data\profiles\seurens,Finance A/C payable,66049
SEWARDN,User,Natasha Seward,\\pard98214\sewardn,\\pard98214\profile$\sewardn,Clerical Officer,513
SEWELLA,User,Anthony Sewell,\\casu98264\SewellA,\\casu98264\profile$\SewellA,Prison Officer,513
SFORCINA,User,Aileen Sforcina,\\wsq98263\sforcina,\\wsq98263\profile$\sforcina,Sheriff's Office,513
SFORCINH,User,Hannah Sforcina,,\\moj141srv001\data\profiles\sforcinh,Organisational Performance,513
SFORCINK,User,Kathryn Sforcina,,,Supreme Court Typist,66049
SHADFORP,User,Peter Shadforth,,\\jooncrtibm1\shadforp,Joondalup Court,513
SHAKESPS,User,Sherri Shakespeare,\\karn98218\shakesps,,Admin Co-ordinator - Karnet,513
SHANDV,User,Vida Shand,\\MOJ141SRV001\data\users\ShandV,\\MOJ141SRV001\data\profiles\ShandV,Career Transition Consultant,513
SHARDLOL,User,Linda Shardlow,\\manc98219\ShardloL,\\manc98219\profile$\ShardloL,A/Admin Officer - Rockingham,513
SHARMANT,User,Tony Sharman,,\\moj141srv001\data\profiles\sharmant,ISD FOI Records,513
SHARPC,User,Catherine Sharp,,\\clc95896\sharpc,Court Officer,66049
SHARPJ,User,Jeremy Sharp,,\\moj141srv001\data\profiles\sharpj,Human Resources,513
SHARPV,User,Vivian Sharp,\\cann98265\SharpV,\\cann98265\profile$\SharpV,Senior Officer,513
SHAWA,User,Alan Shaw,\\casu98264\shawa,\\casu98264\profile$\shawa,Prison Officer,513
SHAWJ,User,Janet Shaw,,\\opa96706\roaming\shawj,Investigator,66049
SHAWJU,User,Judy Shaw,\\frec98207\ShawJu,\\frec98207\profile$\ShawJu,CCO,513
SHAWM,User,Mark Shaw,\\cann98265\ShawM,\\cann98265\profile$\ShawM,Prison Officer,513
SHEARDT,User,Sheard, Terry,\\jardomddig1\sheardt,\\jardomddig1\profile$\sheardt,Offender Managment,66049
SHEARDTE,User,Terry Sheard,\\cann98265\SheardTe,\\cann98265\profile$\SheardTe,Senior Officer,513
SHEARDW,User,Warren Sheard,\\pard98214\SheardW,\\pard98214\profile$\SheardW,Prison Officer,513
SHEEHANM,User,Mark Sheehan,\\msu98213\SheehanM,\\msu98213\profile$\SheehanM,Prison Officer,513
SHEILDSF,User,Fiona Sheilds,\\gree98261\sheildsf,\\gree98261\profile$\sheildsf,Medical Records Officer,513
SHEILLSN,User,Narelle Sheills,,,CRTS Magistrates Courts. Admin Officer.,66049
SHENSTOK,User,Kevin Shenstone,\\karn98218\ShenstoK,\\karn98218\profile$\ShenstoK,FCPO - Karnet Prison Farm,513
SHEPHERJ,User,Jane Shepherd,\\JooncrtIBM1\shepherj,\\JooncrtIBM1\shepherj,A/Senior Court Officer - Joondalup,513
SHEPHERL,User,Leonard Shepherd,\\casu98264\shepherl,\\casu98264\profile$\shepherl,Prison Officer,513
SHEPPARR,User,Robert Sheppard,\\casu98264\shepparr,\\casu98264\profile$\shepparr,Prison Officer,513
SHERIDAJ,User,Jo Sheridan,,\\moj141srv001\data\profiles\sheridaj,HR Industrial Officer,513
SHERIDAS,User,Steve Sheridan,\\banj98227\sheridas,\\banj98227\profile$\sheridas,Group Worker,513
SHERIFF,User,Sheriff - Jane Mazziotta requested,,,Sheriff's Office,66049
SHERIFFF,User,Faye Sheriff,\\casu98264\sherifff,\\casu98264\profile$\sherifff,Senior Officer,515
SHERIFFJ,User,James Sheriff,\\casu98264\sherriffj,\\casu98264\profile$\sherriffj,Senior Officer,513
SHERRYB,User,Brad Sherry,\\msu98213\sherryb,\\msu98213\profile$\sherryb,Analyst - Police Prison Unit,513
SHERTEST,User,Test user for Sheriffs Office,,,Sheriff Office Worker,66049
SHERWOOT,User,Toni Sherwood,\\clc95896\SherwooT$,\\clc95896\SherwooT,Court Officer,513
SHIELLSN,User,Narelle Shiells,,,Courts Management -  10th Floor May Holman,66049
SHIERSK,User,Keith Shiers,\\wsq98263\shiersk,\\wsq98263\Profile$\shiersk,Level 12 OM Exec A/Manager,513
SHINNICJ,User,John Shinnick,,,Manager Accounting Services,66049
SHIPD,User,David Ship,\\GREE98261\ShipD,\\GREE98261\profile$\ShipD,Prison Officer - ,513
SHIPS,User,Simonetta Ship,\\msu98213\ShipS,\\msu98213\profile$\ShipS,Acacia - FCPO - (Coord - Worksafe Training),66049
SHIRESD,User,Debbie Shires,\\perc95846\shiresd,\\perc95846\profile$\shiresd,Milligan CBS Snr Program Officer,513
SHIRESK,User,Keith Shires,\\wsq98263\ShireskW$,\\wsq98263\ShireskP$,Level 12 OM Exec A/Manager,513
SHIRESR,User,Raymong Scott Shires,\\alba98266\shiresr,\\alba98266\profile$\shiresr,Prison Officer,513
SHIRLEYG,User,Gaelyn Shirley,\\moj141srv001\data\users\shirleyg,\\moj141srv001\data\profiles\shirleyg,Executive Officer ,513
SHIRLOWB,User,Bradley Shirlow,,\\MOJ141SRV001\data\profiles\ShirlowB,HR Officer,513
SHONEI,User,Ian Shone,\\casu98264\shonei,\\casu98264\profile$\shonei,Prison Officer,513
SHORTERR,User,Robert Shorter,\\cann98265\ShorterR,\\cann98265\profile$\ShorterR,Prison Officer ,513
SHORTISD,User,Delys Shortis,\\woor98267\ShortisD,\\woor98267\profile$\ShortisD,Registered Nurse,513
SHORTN,User,Natasha Short,,\\clc95896\shortn,Court Officer,66049
SHUARDJ,User,Janice Shuard,\\wsq98263\shuardj,\\wsq98263\profile$\shuardj,JJD JJ Officer,513
SHUARDR,User,Ray Shuard,\\bunb98262\ShuardR,\\bunb98262\profile$\ShuardR,Prison Officer,513
SHUARDT,User,Terry Shuard,\\wsq98263\shuardt,,Superintendant Prisons,513
SHUNR,User,Ronnie Shun,\\casu98264\shunr,\\casu98264\profile$\shunr,Prison Officer,513
SHYNNR,User,Rachel Shynn,\\cann98265\ShynnR,\\cann98265\profile$\ShynnR,Psychologist,513
SIDHUBRM,User,Mukhparveen Sidhu Brar,\\madc98210\sidhubrm,\\mtlc98217\profile$\sidhubrm,Community Corrections Officer - Perth CBS,513
SIDKYA,User,Ayman Sidky,\\MOJ141SRV001\data\users\SidkyA,\\MOJ141SRV001\data\profiles\SidkyA,Project Manager - Spherion,513
SIDNEYA,User,Ann Sidney,\\jooc98201\sidneya,\\jooc98201\profile$\sidneya,Work Order Officer,513
SIDNEYC,User,Calvin Sidney,,,Support Officer,513
SIECZKAS,User,Sophie Sieczka,\\WOOR98267\SjeczkaS,\\WOOR98267\profile$\SjeczkaS,Childrens Activity Worker,513
SILLERYT,User,Trent Sillery-Ward,\\WSQ98263\SilleryT,\\WSQ98263\profile$\SilleryT,,513
SILVESTN,User,Nicola Silvestri,,\\mojfcsrv001\data\profiles\SilvestN,Family Court Registry,513
SILVIANN,User,Anna Silvi,,\\clc95896\silviann,Court Officer, Perth,513
SILVIAR,User,Renee Silvia,\\roec98206\silviar,\\roec98206\profile$\silviar,Senior CCO,513
SIMEONR,User,Rosemary Simeon,,,CSO Records,66049
SIMESG,User,Geoffrey Simes,\\casu98264\simesg,\\casu98264\profile$\simesg,Prison Officer,513
SIMMONDG,User,Graham Simmonds,\\casu98264\simmondg,\\casu98264\profile$\simmondg,Prison Officer - Casuarina,513
SIMMONDT,User,Trevor Simmonds,\\casu98264\simmondt,\\casu98264\profile$\simmondt,FCPO,513
SIMMONSW,User,Warren Simmons,,\\moj141srv001\data\profiles\simmonsw,ISD Records,513
SIMMR,User,Roger Simm,\\ccou98209\simmr$,\\ccou98209\simmr,Commercial Tribunal, May Holman, 9425-2721,513
SIMONETF,User,Fernando Simonetti,,\\moj141srv001\data\profiles\simonetf,Purchasing Officer,66049
SIMPSONG,User,Graham Simpson,,,Contractor,66049
SIMPSONJ,User,Jeanie Simpson,,,Information Officer,66049
SIMPSONK,User,Kate Simpson,\\wsq98263\simpsonk,\\wsq98263\profile$\simpsonk,Conversion Data Entry,513
SIMPSONR,User,Rod Simpson,\\cann98265\SimpsonR,\\cann98265\profile$\SimpsonR,A/Deputy Super.,513
SIMPSONT,User,Simpson Terry,,,Executive,513
SIMPSOTR,User,Tracey Simpson,,\\moj141srv001\data\profiles\simpsotr,Registrar General's Office,66049
SIMSI,User,Ian Sims,,\\moj141srv001\data\profiles\simsi,Project Manager - disabled KenC,515
SINCLAIB,User,Barry Sinclair,\\casu98264\sinclaib,\\casu98264\profile$\sinclaib,Prison Officer,513
SINCLAIC,User,Charmaine Sinclair,\\PORC500036\SinclaiC,\\PORC500036\profile$\SinclaiC,Work Order Officer,513
SINCLAIJ,User,Jane Sinclair,\\EAGO98223\SinclaiJ,\\EAGO98223\profile$\SinclaiJ,Medical Records Officer,513
SINCLAIK,User,Katherine Sinclair-Pugh,,,Parlimentary Counsel Office,66049
SINCLAIL,User,Leonie Sinclair,\\woor98267\sinclail,\\woor98267\profile$\sinclail,Senior Officer,513
SIND,User,Daniel Sin,,,OM Support Officer -,513
SINFIELDJ,User,Jeffrey Sinfield,,\\moj141srv001\data\profiles\sinfieldj,Registrar General's Office,513
SINGHR,User,Richard Singh,\\RANJ98224\SinghR,\\RANJ98224\Profile$\SinghR,Groupworker - Rangeview,513
SIPPETSS,User,Samantha Sippets,,,CSC Help Desk Analyst,513
SKEENM,User,Maurence Skeen,\\HALC98338\SkeenM,\\HALC98338\profile$\SkeenM,Sessional Officer,513
SKEFFINK,User,Kathryn Skeffington,,,Year 2000 developer.,66049
SKILTOND,User,Dominic Skilton,,\\MOJ141SRV001\data\profiles\SkiltonD,IT Support Analyst,513
SKITTD,User,David Skitt,\\casu98264\skittd,\\casu98264\profile$\skittd,Industrial Officer,513
SKITTS,User,Simon Skitt,\\KARN98218\SkittS,\\KARN98218\profile$\SkittS,Construction,513
SKOWRONM,User,Michael Skowron,\\ranj98224\SkowronM,\\ranj98224\profile$\SkowronM,Group Worker,513
SLATERJ,User,James Slater,\\casu98264\slaterj,\\casu98264\profile$\slaterj,Prison Officer - Casuarina,513
SLATTERE,User,Edward Slattery,\\casu98264\slattere,\\casu98264\profile$\slattere,Industrial Officer,513
SLATTERG,User,Genoeffa Slattery,\\clc95896\slatterg$,\\clc95896\slatterg,Personal Secretary,513
SLATTERJ,User,Justine Slattery,\\midc98212\slatterj,\\midc98212\profile$\slatterj,Geraldton CBS CCO,513
SLAVIKJ,User,Jo-Anne Slavik,\\WOOR98267\SlavikJ,\\WOOR98267\profile$\SlavikJ,Social Welfare Worker,513
SLEVINP,User,Peter Slevin,\\CASU98264\SlevinP,\\CASU98264\profile$\SlevinP,Nurse,513
SLOANT,User,Tarnie Sloan,\\CLC95896\SloanT$,\\CLC95896\SloanT,Court Officer,513
SLOUGHR,User,Robert Watkinson-Slough,\\cann98265\sloughr,\\cann98265\profile$\sloughr,Hospital Officer - Hakea,513
SLYA,User,Audrey Sly,\\eago98223\SlyA,\\eago98223\profile$\SlyA,Industrial Officer,513
SLYL,User,Leigh Sly,,,Administrative Assistant - DG's Office,66051
SMALLSHP,User,Peta Smallshaw,,,Court Officer,66049
SMEDLEYI,User,Ian Smedley,\\ranj98224\smedleyi,\\ranj98224\profile$\smedleyi,Groupworker - Rangeview,513
SMILEKE,User,Edward Smilek,\\casu98264\smileke,\\casu98264\profile$\smileke,Prison Officer,513
SMIRKB,User,Blake Smirk,\\banj98227\smirkb,\\banj98227\profile$\smirkb,Group Worker,513
SMITHA,User,Andrew Smith,\\casu98264\smitha,\\casu98264\profile$\smitha,Prison Officer - Casuarina,513
SMITHAN,User,Andrew Smith,\\bunb98262\SmithAn,\\bunb98262\profile$\SmithAn,ASPM - Bunbury ,513
SMITHANG,User,Angus Smith,\\ROEB98205\SmithAng,\\ROEB98205\profile$\SmithAng,Prisoner Support Officer,513
SMITHANT,User,Antony Smith,\\casu98264\smithant,\\casu98264\profile$\smithant,Prison Officer,513
SMITHAW,User,Andrew Wayne Smith,\\cann98265\smithaw,\\cann98265\profile$\smithaw,Prison Officer - Hakea,513
SMITHB,User,Barbara Smith,\\casu98264\smithb,\\casu98264\profile$\smithb,Industrial Officer,513
SMITHBR,User,Brian Smith,\\cann98265\smithbr,\\cann98265\profile$\smithbr,Prison Officer - Hakea,513
SMITHC,User,Caroline Smith,,,ISD Corporate and Legal Team,66051
SMITHCL,User,Clere Smith,\\benc_res\smithcl,\\benc_res\profile$\smithcl,Prison Officer,513
SMITHCR,User,Craig John Smith,\\cann98265\smithcr,\\cann98265\profile$\smithcr,Prison Officer ,513
SMITHD,User,Dale Smith,\\band98268\SmithD,\\band98268\profile$\SmithD,FCMT Case Manager,513
SMITHDE,User,Dean Smith,\\bunb98262\SmithDe,\\bunb98262\profile$\SmithDe,Prison Officer,513
SMITHDEA,User,Deanne Smith,\\BUNB98262\SmithDea,\\BUNB98262\Profile$\SmithDea,Prison Officer,513
SMITHDIX,User,Dixie Smith,,\\clc95896\smithdix,Court Officer, Perth,513
SMITHE,User,Eric Smith,\\woor98267\SmithE,\\woor98267\profile$\SmithE,Stores Supervisor,513
SMITHEDG,User,Edgar Smith,\\CASU98264\SmithEdg,\\CASU98264\profile$\SmithEdg,Industrial Officer,513
SMITHEI,User,Eileen Smith,,\\mojfcsrv001\data\profiles\SmithEi,Family Court Collector of maintenance,513
SMITHERP,User,Peter Smithers,\\woor98267\SmitherP,\\woor98267\profile$\SmitherP,IO Gardens,513
SMITHG,User,Glenn Smith,\\casu98264\smithg,\\casu98264\profile$\smithg,Prison Officer,513
SMITHGA,User,Gail Smith,,\\milligansrv\profiles$\smithga,Perth CBS,66049
SMITHGE,User,Geoff Smith,\\alba98266\smithge,\\alba98266\profile$\smithge,Prison Officer,513
SMITHGL,User,Gloria Smith,\\moj141srv001\data\users\smithgl,\\moj141srv001\data\profiles\smithgl,Human Resources,513
SMITHGR,User,Graham Smith,\\casu98264\smithgr,\\casu98264\profile$\smithgr,Senior Officer - Casuarina,513
SMITHGRE,User,Gregory Smith,\\roeb98205\SmithGre,\\roeb98205\profile$\SmithGre,Senior Officer,66049
SMITHJ,User,Jenny Smith,,,MLU ext.1451,513
SMITHJA,User,Janfrey Smith,,\\banj98277\profile$\smithja,Senior Officer,513
SMITHJAC,User,Jackie Smith,,\\mojfcsrv001\data\profiles\SmithjaC,Family Court Counselling,513
SMITHJER,User,Jeremy Smith,,,CSC - Systems Engineer,513
SMITHJO,User,John Smith,\\jardomddig1\smithjo,\\jardomddig1\profile$\smithjo,Project Officer Health Services - Westralia Sq,513
SMITHJOH,User,Associate to Alan Barblett,,\\mojfcsrv001\data\profiles\SmithJoh,Family Court Office Chief Justice,513
SMITHK,User,Kevin Smith,\\msu98213\SmithK,\\msu98213\profile$\SmithK,Senior Officer,513
SMITHL,User,Lynne Smith,,\\mojfcsrv001\data\profiles\SmithL,Family Court Counselling,513
SMITHLI,User,Lisa Smith,,\\clc95896\smithli,Judical Support Officer,66049
SMITHM,User,Michael Smith,,,Records,513
SMITHMA,User,Marshall Smith,\\ROEC98206\SmithMa,\\ROEC98206\profile$\SmithMa,SCCO,513
SMITHMAR,User,Marianne Smith,,\\moj141srv001\data\profiles\SmithMar,CSC - Help Desk Analyst,513
SMITHN,User,Nathan Smith,,\\moj141srv001\data\profiles\smithn,Registrar General's Office,513
SMITHNI,User,Nigel Smith,\\ranj98224\SmithNI,\\ranj98224\profile$\SmithNI,Senior Officer Sec.,513
SMITHNO,User,Norm Smith,\\mtlc98217\SmithNo,\\mtlc98217\profile$\SmithNo,A/Snr CCO,513
SMITHP,User,Philip Smith,\\kill98208\smithp,\\kill98208\Profile$\smithp,Killara Support Services Case Worker,513
SMITHPA,User,Paul Smith,,,Management Group,66049
SMITHR,User,Raoul Smith,,\\moj141srv001\data\profiles\smithr,CSC - ISD Office Automation,513
SMITHRA,User,Ramon Smith,\\cann98265\SmithRa,\\cann98265\profile$\SmithRa,Prison Officer,513
SMITHRO,User,Roslyn Smith,\\banj98227\smithro,\\banj98227\profile$\smithro,Group Worker,513
SMITHROB,User,Robert Smith,,\\clc95896\smithrob,Clerical Officer - Criminal Injuries,66049
SMITHS,User,Sharon Smith,,,Sheriff's Office,66049
SMITHSA,User,Sandra Smith,\\casu98264\smithsa,\\casu98264\profile$\smithsa,Prison Officer - Casuarina,513
SMITHST,User,Stephanie Smith,,,Magistratres Society Secretary,66049
SMITHSTE,User,Steven Smith,\\midc98212\smithste,\\midc98212\profile$\smithste,Student Social Worker,513
SMITHTE,User,Terry Smith,\\bunb98262\SmithTe,\\bunb98262\profile$\SmithTe,Prison Officer,513
SMITHW,User,Wayne Smith,\\bunb98262\SmithW,\\bunb98262\profile$\SmithW,Prison Officer,513
SMS#_BUNB98309,User,SMS#_BUNB98309,,,DO NOT MODIFY.  Systems Management Server Internal Account,66049
SMS#_MIDT98331,User,SMS#_MIDT98331,,,DO NOT MODIFY.  Systems Management Server Internal Account,66049
SMS#_MOJBJCSRV01,User,SMS#_MOJBJCSRV01,,,DO NOT MODIFY.  Systems Management Server Internal Account,66049
SMS#_MOJEPLSRV01,User,SMS#_MOJEPLSRV01,,,DO NOT MODIFY.  Systems Management Server Internal Account,66049
SMS#_MOJPETSRV01,User,SMS#_MOJPETSRV01,,,DO NOT MODIFY.  Systems Management Server Internal Account,66049
SMS#_WARM98344,User,SMS#_WARM98344,,,DO NOT MODIFY.  Systems Management Server Internal Account,66049
SMS&_ALBA98306,User,SMS&_ALBA98306,,,DO NOT MODIFY.  Systems Management Server Internal Account,66049
SMS&_ALBC98329,User,SMS&_ALBC98329,,,DO NOT MODIFY.  Systems Management Server Internal Account,66049
SMS&_BAND98318,User,SMS&_BAND98318,,,DO NOT MODIFY.  Systems Management Server Internal Account,66049
SMS&_BANJ98336,User,SMS&_BANJ98336,,,DO NOT MODIFY.  Systems Management Server Internal Account,66049
SMS&_BENC100331,User,SMS&_BENC100331,,,DO NOT MODIFY.  Systems Management Server Internal Account,66049
SMS&_BROC98301,User,SMS&_BROC98301,,,DO NOT MODIFY.  Systems Management Server Internal Account,66049
SMS&_BROO98300,User,SMS&_BROO98300,,,DO NOT MODIFY.  Systems Management Server Internal Account,66049
SMS&_BUNB98309,User,SMS&_BUNB98309,,,DO NOT MODIFY.  Systems Management Server Internal Account,66049
SMS&_BUNC98310,User,SMS&_BUNC98310,,,DO NOT MODIFY.  Systems Management Server Internal Account,66049
SMS&_CANN98328,User,SMS&_CANN98328,,,DO NOT MODIFY.  Systems Management Server Internal Account,66049
SMS&_CARC98346,User,SMS&_CARC98346,,,DO NOT MODIFY.  Systems Management Server Internal Account,66049
SMS&_CASU98333,User,SMS&_CASU98333,,,DO NOT MODIFY.  Systems Management Server Internal Account,66049
SMS&_CCOU98316,User,SMS&_CCOU98316,,,DO NOT MODIFY.  Systems Management Server Internal Account,66049
SMS&_CLCADMIN,User,SMS&_CLCADMIN,,,DO NOT MODIFY.  Systems Management Server Internal Account,66049
SMS&_EAGO98311,User,SMS&_EAGO98311,,,DO NOT MODIFY.  Systems Management Server Internal Account,66049
SMS&_EAST98340,User,SMS&_EAST98340,,,DO NOT MODIFY.  Systems Management Server Internal Account,66049
SMS&_ESPC98342,User,SMS&_ESPC98342,,,DO NOT MODIFY.  Systems Management Server Internal Account,66049
SMS&_FREC98322,User,SMS&_FREC98322,,,DO NOT MODIFY.  Systems Management Server Internal Account,66049
SMS&_GERC98303,User,SMS&_GERC98303,,,DO NOT MODIFY.  Systems Management Server Internal Account,66049
SMS&_GREE98302,User,SMS&_GREE98302,,,DO NOT MODIFY.  Systems Management Server Internal Account,66049
SMS&_HALC98338,User,SMS&_HALC98338,,,DO NOT MODIFY.  Systems Management Server Internal Account,66049
SMS&_JARD101165,User,SMS&_JARD101165,,,DO NOT MODIFY.  Systems Management Server Internal Account,66049
SMS&_JOOC98320,User,SMS&_JOOC98320,,,DO NOT MODIFY.  Systems Management Server Internal Account,66049
SMS&_KALC98312,User,SMS&_KALC98312,,,DO NOT MODIFY.  Systems Management Server Internal Account,66049
SMS&_KARC98343,User,SMS&_KARC98343,,,DO NOT MODIFY.  Systems Management Server Internal Account,66049
SMS&_KARN98334,User,SMS&_KARN98334,,,DO NOT MODIFY.  Systems Management Server Internal Account,66049
SMS&_KARN98334-1,User,SMS&_KARN98334-1,,,DO NOT MODIFY.  Systems Management Server Internal Account,66049
SMS&_KILL98326,User,SMS&_KILL98326,,,DO NOT MODIFY.  Systems Management Server Internal Account,66049
SMS&_KUNC98337,User,SMS&_KUNC98337,,,DO NOT MODIFY.  Systems Management Server Internal Account,66049
SMS&_MANC98324,User,SMS&_MANC98324,,,DO NOT MODIFY.  Systems Management Server Internal Account,66049
SMS&_MEEC98347,User,SMS&_MEEC98347,,,DO NOT MODIFY.  Systems Management Server Internal Account,66049
SMS&_MIDC98335,User,SMS&_MIDC98335,,,DO NOT MODIFY.  Systems Management Server Internal Account,66049
SMS&_MIRC98319,User,SMS&_MIRC98319,,,DO NOT MODIFY.  Systems Management Server Internal Account,66049
SMS&_MOJADMIN,User,SMS&_MOJADMIN,,,DO NOT MODIFY.  Systems Management Server Internal Account,66049
SMS&_MOJADMIN2,User,SMS&_MOJADMIN2,,,DO NOT MODIFY.  Systems Management Server Internal Account,66049
SMS&_MOJAVSSRV001,User,SMS&_MOJAVSSRV001,,,DO NOT MODIFY.  Systems Management Server Internal Account,66049
SMS&_MOJBJCSRV01,User,SMS&_MOJBJCSRV01,,,DO NOT MODIFY.  Systems Management Server Internal Account,66049
SMS&_MOJFCSRV001,User,SMS&_MOJFCSRV001,,,DO NOT MODIFY.  Systems Management Server Internal Account,66049
SMS&_MOJFRTSRV01,User,SMS&_MOJFRTSRV01,,,DO NOT MODIFY.  Systems Management Server Internal Account,66049
SMS&_MOJGABSRV01,User,SMS&_MOJGABSRV01,,,DO NOT MODIFY.  Systems Management Server Internal Account,66049
SMS&_MOJMITSRV01,User,SMS&_MOJMITSRV01,,,DO NOT MODIFY.  Systems Management Server Internal Account,66049
SMS&_MOJNYASRV01,User,SMS&_MOJNYASRV01,,,DO NOT MODIFY.  Systems Management Server Internal Account,66049
SMS&_MOJOPASRV001,User,SMS&_MOJOPASRV001,,,DO NOT MODIFY.  Systems Management Server Internal Account,66049
SMS&_MOJPETSRV01,User,SMS&_MOJPETSRV01,,,DO NOT MODIFY.  Systems Management Server Internal Account,66049
SMS&_MOJTHTSRV01,User,SMS&_MOJTHTSRV01,,,DO NOT MODIFY.  Systems Management Server Internal Account,66049
SMS&_MOJVPPSRV01,User,SMS&_MOJVPPSRV01,,,DO NOT MODIFY.  Systems Management Server Internal Account,66049
SMS&_MOJVSSSRV002,User,SMS&_MOJVSSSRV002,,,DO NOT MODIFY.  Systems Management Server Internal Account,66049
SMS&_MOJWARSRV01,User,SMS&_MOJWARSRV01,,,DO NOT MODIFY.  Systems Management Server Internal Account,66049
SMS&_MOJWATSRV01,User,SMS&_MOJWATSRV01,,,DO NOT MODIFY.  Systems Management Server Internal Account,66049
SMS&_MTLC98315,User,SMS&_MTLC98315,,,DO NOT MODIFY.  Systems Management Server Internal Account,66049
SMS&_NARC98339,User,SMS&_NARC98339,,,DO NOT MODIFY.  Systems Management Server Internal Account,66049
SMS&_NORC98313,User,SMS&_NORC98313,,,DO NOT MODIFY.  Systems Management Server Internal Account,66049
SMS&_PABO98314,User,SMS&_PABO98314,,,DO NOT MODIFY.  Systems Management Server Internal Account,66049
SMS&_PARD98308,User,SMS&_PARD98308,,,DO NOT MODIFY.  Systems Management Server Internal Account,66049
SMS&_PERC98251,User,SMS&_PERC98251,,,DO NOT MODIFY.  Systems Management Server Internal Account,66049
SMS&_PERT98348,User,SMS&_PERT98348,,,DO NOT MODIFY.  Systems Management Server Internal Account,66049
SMS&_PORC98341,User,SMS&_PORC98341,,,DO NOT MODIFY.  Systems Management Server Internal Account,66049
SMS&_RANJ98327,User,SMS&_RANJ98327,,,DO NOT MODIFY.  Systems Management Server Internal Account,66049
SMS&_RIVE98252,User,SMS&_RIVE98252,,,DO NOT MODIFY.  Systems Management Server Internal Account,66049
SMS&_ROCC98323,User,SMS&_ROCC98323,,,DO NOT MODIFY.  Systems Management Server Internal Account,66049
SMS&_ROEB98304,User,SMS&_ROEB98304,,,DO NOT MODIFY.  Systems Management Server Internal Account,66049
SMS&_ROEC98305,User,SMS&_ROEC98305,,,DO NOT MODIFY.  Systems Management Server Internal Account,66049
SMS&_SOESRV002,User,SMS&_SOESRV002,,,DO NOT MODIFY.  Systems Management Server Internal Account,66049
SMS&_STEVESADMIN,User,SMS&_STEVESADMIN,,,DO NOT MODIFY.  Systems Management Server Internal Account,66049
SMS&_THOT98350,User,SMS&_THOT98350,,,DO NOT MODIFY.  Systems Management Server Internal Account,66049
SMS&_VSSADMIN,User,SMS&_VSSADMIN,,,DO NOT MODIFY.  Systems Management Server Internal Account,66049
SMS&_WOOR98321,User,SMS&_WOOR98321,,,DO NOT MODIFY.  Systems Management Server Internal Account,66049
SMSCLIENT_FAM,User,SMSClient_FAM,C:\WINNT\System32,,SMS Client Network Connection Account,66049
SMSCLIENT_WSQ,User,SMSClient_WSQ,C:\WINNT\System32,,SMS Client Network Connection Account,66049
SMSCLITOKNACCT&,User,SMSCliToknAcct&,,,DO NOT MODIFY.  Systems Management Server Internal Account,66049
SMSSERVER_FAM,User,SMSServer_FAM,C:\WINNT\System32,,SMS Server Network Connection Account,66049
SMSSERVER_WSQ,User,SMSServer_WSQ,C:\WINNT\System32,,SMS Server Network Connection Account,66049
SMSSERVICE,User,SMSService,C:\WINNT\System32,,SMS Site Server Service Account - DO NOT MODIFY,66049
SMSTEST,User,,\\wsq98263\smstestW$,,Test Account for SMS V2 DO NOT TOUCH,66049
SMYLIEA,User,Alison Smylie,\\pabo98220\Smyliea,,Coordinator,513
SMYTHEP,User,Phil Smythe,,\\MOJ141SRV001\data\profiles\SmytheP,,513
SMYTHER,User,Rhonda Smythe,\\casu98264\smyther,\\casu98264\profile$\smyther,FCPO,513
SNAILUMM,User,Martin Snailum,\\eago98223\snailumm,\\eago98223\profile$\snailumm,Prison Officer - Eastern Goldfields,513
SNEDDENR,User,Rick Snedden,,\\moj141srv001\data\profiles\sneddenr,CSC Change Management Coordinator,513
SNEDDONJ,User,Jeff Sneddon,\\cann98265\SneddonJ,\\cann98265\profile$\SneddonJ,Prison Officer,513
SNELLINA,User,Anthony Snellin,\\banj98227\snellina,\\banj98227\profile$\snellina,Groupworker,513
SNELLINP,User,Pauline Snellin,\\ranj98224\SnellinP,\\ranj98224\profile$\SnellinP,Group Worker,513
SNOOKG,User,Gail Snook,\\mojthtsrv01\snookg,\\mojthtsrv01\profile$\snookg,Juvenile Justice Officer,513
SNOOKJ,User,Jan Snook,\\benc_res\snookj,\\benc_res\profile$\snookj,Master Trainer TOMS,513
SOARESB,User,Brian Soares,\\moj141srv001\data\users\SoaresB,,ISD IMB,513
SOE,User,SOE,,,for all remote install- MK - Disabled 29/03/2001,66051
SOEINST,User,Do NOT Alter in any way.,,,DO NOT ADD this account to any groups !!!!!!!!!!,515
SOET123,User,TEST SOE,\\MOJ141SRV001\data\users\SOET123,\\MOJ141SRV001\data\profiles\SOET123,TESTING SOE LOGINS- MK - Disabled 29/03/2001,515
SOET124,User,TEST SOE,\\MOJ141SRV001\data\users\SOET124,\\MOJ141SRV001\data\profiles\SOET124,TEST OF SOE LOGIN- MK - Disabled 29/03/2001,515
SOET125,User,Test SOE,\\MOJ141SRV001\data\users\SOET125,\\MOJ141SRV001\data\profiles\SOET125,TEST SOE LOGIN- MK - Disabled 29/03/2001,515
SOET126,User,TEST SOE,\\MOJ141SRV001\data\users\SOET126,\\MOJ141SRV001\data\profiles\SOET126,TEST SOE LOGIN- MK - Disabled 29/03/2001,515
SOETEMP,User,- MK - Disabled 29/03/2001,\\wsqsms\moj8,,Do Not DELETE. Please leave h: drive ALONE,66051
SOETEST1,User,soe test 1,\\moj141srv001\soetest1,,- MK - Disabled 29/03/2001,66051
SOETEST2,User,soe test 2,,,- MK - Disabled 29/03/2001,66051
SOETEST3,User,soe test 3,,,- MK - Disabled 29/03/2001,66051
SOETEST4,User,Soetest4,,\\moj141srv001\data\profiles\soetest4,SOE Test Account 4- MK - Disabled 29/03/2001,515
SOETEST5,User,Win2k SOE TOMS,\\wsq98263\soetest5,,SOE test Account- MK - Disabled 29/03/2001,66051
SOETJ,User,Johannes Soet,\\ranj98224\SoetJ,\\ranj98224\profile$\SoetJ,Group Worker,513
SOGATE,User,Asessments - Riverbank,\\rive_res\sogate,\\rive_res\profile$\sogate,Riverbank Prison generic login for assessments.,513
SOGGEEC,User,Cheryl Soggee,\\ROEB98205\SoggeeC,\\ROEB98205\profile$\SoggeeC,Snr Education Officer,513
SOLDERB,User,Brian Solder,\\banj98227\solderb,\\banj98227\profile$\solderb,Group Worker,513
SOLEYC,User,Craig Soley,\\wsq98263\soleyc,\\wsq98263\profile$\soleyc,Detective - Police/Prison unit,513
SOLOMONL,User,Linton Solomon,\\cann98265\solomonl,\\cann98265\profile$\solomonl,Hakea Prison Prison Officer,513
SOMERSI,User,Ian Somers,\\casu98264\SomersI,\\casu98264\profile$\SomersI,Prison Officer - Casuarina,513
SOMERVIC,User,Carolyn Somerville,,,Parlimentary Counsel Office,66049
SONTAYC,User,Chris Sontay,\\cann98265\SontayC,\\cann98265\profile$\SontayC,Prison Officer,513
SOOKSUKS,User,Sue Sooksukree,\\jardomddig1\sooksuks,\\jardomddig1\profile$\sooksuks,A/Supervisor - Jardine,513
SORGIOVA,User,Aurelio Sorgiovanni,,,PTO - CSC - Network Administrator,66049
SOULIOSV,User,Vic Soulios,,\\MOJ141SRV001\data\profiles\SouliosV,Contractor - Spherion,513
SOUTHWEW,User,Warren Southwell,,,Clerk of the Court - Northam,513
SOWDENG,User,Gilbert Sowden,,,JJ Bunbury,66049
SOWDENGI,User,Gilbert Sowden,\\bunc98216\SowdenGi,\\bunc98216\profile$\SowdenGi,A/SJJO,513
SPADANUT,User,Tracey Spadanuda,\\MTLC98217\SpadanuT,\\MTLC98217\profile$\SpadanuT,Co-ord Womens Progammes,513
SPADAROC,User,Spadaro Charles,,,Finance,66051
SPANOA,User,Annette Spano,\\mojvppsrv01\SpanoA,\\mojvppsrv01\profile$\SpanoA,Clinical Psych.,513
SPEAKG,User,Graeme Speak,,,Consultant ,66049
SPENCEB,User,Bill Spence,,\\mojfcsrv001\data\profiles\SpenceB,Family Court Collector of maintenance,513
SPENCERD,User,Denis Spencer,\\bunb98262\SpencerD,\\bunb98262\profile$\SpencerD,Prison Officer,513
SPENCERE,User,Eric Spencer,\\roeb98205\SpencerE,\\roeb98205\profile$\SpencerE,FCPO,513
SPENCERJ,User,Jodi Spencer,\\MTLC98217\SpencerJ,\\MTLC98217\profile$\SpencerJ,CCo,513
SPENCERK,User,Kerry Spencer,\\cann98265\spencerk,\\cann98265\profile$\spencerk,Prison Officer - CREM,513
SPERBERB,User,Bianca Sperber,\\WSQ98263\sperberb,\\WSQ98263\profile$\sperberb,Offender Management - Receptionist,513
SPICERG,User,Greg Spicer,\\karn98218\SpicerG,\\karn98218\profile$\SpicerG,Prison Officer - Karnet,513
SPICERS,User,Shaun Spicer,\\benc_res\SpicerS,\\benc_res\profile$\SpicerS,Youth Worker - disabled 4/7,515
SPINAH,User,Hilary Spina,\\ranj98224\SpinaH,\\ranj98224\profile$\SpinaH,Senior Officer,513
SPITTELE,User,Emma Spitteler,\\WSQ98263\SpittelE,\\WSQ98263\profile$\SpittelE,Workshop Support,513
SPITTYS,User,Scott Spitty,\\casu98264\spittys,\\casu98264\profile$\spittys,Prison Officer - Casuarina,513
SPIVEYG,User,Glenn Spivey,\\WSQ98263\SpiveyG,\\WSQ98263\profile$\SpiveyG,Manager, State Coroners Office,513
SPRATTA,User,Andrew Spratt,,\\clc95896\spratta,Court Officer,513
SPRATTK,User,Keith Spratt,\\casu98264\sprattk,\\casu98264\profile$\sprattk,FCPO,513
SPRAYD,User,Derek Spray,,,ISD SBS,513
SPRIGGS,User,Stuart Sprigg,\\woor98267\SpriggS,\\woor98267\profile$\SpriggS,Prison Officer,513
SPRINGFP,User,Paul Springford,\\cann98265\springfp,\\cann98265\profile$\springfp,Officer - CVP,513
SPURGEON,User,Nigel Spurgeon,\\banj98227\Spurgeon,\\banj98227\profile$\Spurgeon,Psychologist,515
STACEYB,User,Bob Stacey,,,Wooroloo Prison Project,66049
STACEYR,User,Robert Stacey,\\perc95846\staceyr,\\perc95846\profile$\staceyr,Milligan CBS Manager,513
STAGGM,User,Mark Stagg,,\\clc95896\staggm,Project Officer,513
STALEYK,User,Kath Staley,,\\clc95896\staleyk,Customer Service Officer,513
STAMPALJ,User,Joanne Stampalia,,\\moj141srv001\data\profiles\stampalj,Internal Audit - Corporate,513
STANDINM,User,Margaret Standing,\\karn98218\StandinM,\\karn98218\profile$\StandinM,Cashier - Karnet Prison Farm,513
STANLEYG,User,Garrick Stanley,,\\moj141srv001\data\profiles\stanleyg,Organisational Performance,513
STANLEYJ,User,Joanne Stanley,\\band98268\stanleyj,\\band98268\profile$\stanleyj,Prison Officer - Bandyup,513
STANLEYT,User,Terry Stanley,,\\clc95896\stanleyt,Court Officer,513
STANTONM,User,Miranda Stanton,,,JJ Geraldton,66049
STANTONN,User,Neil Stanton,\\casu98264\stantonn,\\casu98264\profile$\stantonn,A/Coordinator Finance,513
STAPLESR,User,Rod Staples,\\cann98265\StaplesR,\\cann98265\profile$\StaplesR,Prison Officer,513
STARLINO,User,Owen Starling,,,Clerk Of the Court,513
STARRT,User,Tracy Starr,\\cann98265\StarrT,\\cann98265\profile$\StarrT,Admin Typist,513
STASIUKA,User,Anne Stasiuko,\\madc98210\stasiuka,\\madc98210\profile$\stasiuka,CCO Maddington CBS,513
STEDMANL,User,Lee Stedman,,,Supervising Court Officer,513
STEEDM,User,Marion Steed,\\banj98227\steedm,\\banj98227\profile$\steedm,Education Officer,513
STEELJ,User,John Steel,\\rocc98222\SteelJ,\\rocc98222\profile$\SteelJ,CCO,513
STEERN,User,Norman Steer,\\bunb98262\SteerN,\\bunb98262\profile$\SteerN,Prison Officer,513
STEERNAT,User,Natasha Steer,\\roec98206\steernat,\\roec98206\profile$\steernat,CCO - Roebourne CBC,513
STEFFENR,User,Rudi Steffens,,,Sheriff's Office,66049
STEHNK,User,Kent Stehn,\\alba98266\stehnk,\\alba98266\profile$\stehnk,Industrial Officer,513
STEIND,User,Darren Stein,,,HR Policy,66049
STEINERN,User,Nola Steiner,,\\moj141srv001\data\profiles\steinern,Librarian,513
STENTD,User,Debbie Stent,\\karn98218\StentD,\\karn98218\profile$\StentD,Prison Officer - Karnet,513
STENTONH,User,Helen Stenton,\\woor98267\StentonH,\\woor98267\profile$\StentonH,Prison Officer,513
STEPHENA,User,Angela Stephen,\\CLC95896\private$\StephenA,\\CLC95896\roaming$\StephenA,Business Analyst,513
STEPHENJ,User,Jennifer Stephenson,\\GERC98200\StephenJ,\\gerc98200\profile$\stephenj,Clerical Officer,513
STEPHENM,User,Stephen Mclernon,,,TOMS Rollout Project Manager,515
STEPHENP,User,Peter Stephenson,\\gerc98200\stephenp,\\gerc98200\profile$\stephenp,Geraldton CBC,513
STEPHENR,User,Robert Stephen,\\woor98267\StephenR,\\woor98267\profile$\StephenR,FCPO,513
STERLINL,User,Lorraine Sterling,,,Sheriffs Office,66049
STERRETD,User,David Sterrett,\\roeb98205\SterretD,\\roeb98205\profile$\SterretD,Prison Officer,513
STEVENJA,User,Janet Stevens,,\\CLC95896\StevenJa,Clerical Officer,513
STEVENPE,User,Peta Stevens,\\casu98264\stevenpe,\\casu98264\profile$\stevenpe,Prison Officer,513
STEVENSG,User,Gillian Stevens,\\MADC98210\StevensG,\\MADC98210\profile$\StevensG,Communtiy Corrections Officer,513
STEVENSJ,User,Jillian Stevens,,,Court Officer,513
STEVENSM,User,Mark Stevenson,\\alba98266\stevensm,\\alba98266\profile$\stevensm,FCPO,513
STEVENSP,User,Paul Stevenson,\\GREE98261\stevensp,\\GREE98261\profile$\stevensp,Greenough Prison Prison Officer,513
STEVENSR,User,Richard Stevenson,,\\rocc98222\data\profiles\StevensR,Managing Registrar,513
STEVENSRO,User,Ross Stevens,\\cann98265\StevensRo,\\cann98265\profile$\StevensRo,Prison Officer,513
STEVENSS,User,Sally Stevenson,\\PERC95846\StevensS,\\PERC95846\profile$\StevensS,Program Officer,513
STEVENSV,User,Victor Stevens,,\\moj141srv001\data\profiles\stevensv,Snr Workers Comp Officer,513
STEWARTJ,User,Joyce Stewart,,\\moj141srv001\data\profiles\stewartj,A/Finance Officer,513
STEWARTJO,User,Jolanta Stewart,,\\MOJ141SRV001\data\profiles\StewartJo,Clerical Officer,513
STEWARTM,User,Mark Stewart,\\casu98264\stewartm,\\casu98264\profile$\stewartm,Senior Officer,513
STIEGERK,User,Kenneth Stieger,\\GREE98261\stiegerk,\\GREE98261\profile$\stiegerk,Greenough Prison Prison Officer,513
STIMSONM,User,Monty Stimson,\\cann98265\StimsonM,\\cann98265\profile$\StimsonM,Industrial Officer,513
STIRLINC,User,Carol Stirling,\\banj98227\stirlinc,\\banj98227\profile$\stirlinc,Group Worker,513
STITTK,User,Keith Stitt,\\WSQ98263\StittK,\\WSQ98263\profile$\StittK,CCA - Head Office Operations,513
STLAWRG,User,Greg St Lawrence,\\cann98265\StLawrG,\\cann98265\profile$\StLawrG,Prison Officer,513
STOCKDEG,User,Graeme Stockden,\\band98268\StockdeG,\\band98268\profile$\StockdeG,Prison Officer,513
STOCKEYA,User,Aileen Stockey,,\\midlcrtibm1\stockeya,Court Officer,66049
STOCKIND,User,Donald Stockins,,\\moj141srv001\data\profiles\stockind,Registrar General's Office,513
STODDARN,User,Nina Stoddart,\\casu98264\stoddarn,\\casu98264\profile$\stoddarn,Prison Officer,513
STOKERG,User,Gary Stoker,\\cann98265\stokerg,\\cann98265\profile$\stokerg,Prison Officer - Hakea,513
STOKESR,User,Rebecca Stokes,\\wsq98263\StokesR,\\wsq98263\profile$\StokesR,Consultant,513
STONARDS,User,Susan Stonard,\\rive_res\stonards,\\rive_res\profile$\stonards,Snr Education Officer - Riverbank,513
STONEB,User,Barry Stone,\\GREE98261\stoneb,\\GREE98261\profile$\stoneb,Greenough Prison Industrial Officer,513
STONEBR,User,Brad Stone,\\alba98266\stonebr,\\alba98266\profile$\stonebr,Prison Officer,513
STONEM,User,Michael Stone,\\madc98210\stonem,\\madc98210\profile$\stonem,CCO,513
STONEN,User,Nadine Stone,\\ROCC98222\StoneN,\\ROCC98222\profile$\StoneN,Clerical Officer,513
STONEV,User,Vicki Stone,\\GREE98261\stonev,\\GREE98261\profile$\stonev,Greenough Prison Laundry Manager,513
STOREYL,User,Lesley Storey,,,Performance Management,66049
STOREYP,User,Paul Storey,\\casu98264\storeyp,\\casu98264\profile$\storeyp,Hospital Officer,513
STOVEJ,User,Jenny Stove,,,HR Training,66049
STRAHANB,User,Brian Strahan,\\cann98265\StrahanB,\\cann98265\profile$\StrahanB,Senior Officer,513
STRAUCHS,User,Stephen Strauch,\\ranj98224\StrauchS,\\ranj98224\profile$\StrauchS,Group Worker - Rangeview,513
STRAUSSC,User,Christa Strauss,\\casu98264\straussc,\\casu98264\profile$\straussc,Forensic Case Manager,513
STREETJ,User,Jasmin Street,\\KALC98221\StreetJ,\\KALC98221\profile$\StreetJ,Student,513
STRETCHD,User,David Stretch,,,Contractor - Spherion,513
STRICKLM,User,Miranda Strickland,\\BROO98202\StricklM,\\BROO98202\Profile$\StricklM,Clinical Nurse,513
STRINGEC,User,Craig Stringer,\\cann98265\stringec,\\cann98265\profile$\stringec,Prison Officer,513
STRONACJ,User,Johanna Stronach,,\\mojgabsrv01\profile$\StronacJ,GAB - Officer,513
STRONERA,User,Andrew Stroner,\\woor98267\StronerA,\\woor98267\profile$\StronerA,Prison Officer,513
STUARTM,User,Mary Stuart,\\cann98265\stuartm,\\cann98265\profile$\stuartm,Hospital Officer,513
STUBBSG,User,Ginny Stubbs,,,LCU Records,66049
STUBBSJ,User,John Stubbs,\\ranj98224\StubbsJ,\\ranj98224\profile$\StubbsJ,Group Worker,513
STUBBSLI,User,Linda Stubbs,\\frec98207\StubbsLi,\\frec98207\profile$\StubbsLi,SCCO,513
STUBNAV,User,Vincent Stubna,\\ALBA98266\StubnaV,\\ALBA98266\profile$\StubnaV,Prison Officer,513
STUDENT1,User,Generic VB Training,,,Generic VB Training,66049
STUDENT10,User,Generic VB Training,,,Generic VB Training,66049
STUDENT2,User,Generic VB Training,,,Generic VB Training,66049
STUDENT3,User,Generic VB Training,,,Generic VB Training,66049
STUDENT4,User,Generic VB Training,,,Generic VB Training,66049
STUDENT5,User,Generic VB Training,,,Generic VB Training,66049
STUDENT6,User,Generic VB Training,,,Generic VB Training,66049
STUDENT7,User,Generic VB Training,,,Generic VB Training,66049
STUDENT8,User,Generic VB Training,,,Generic VB Training,66049
STUDENT9,User,Generic VB Training,,,Generic VB Training,66049
STUMPFR,User,Richard Stumpf,\\BUNB98262\StumpfR,\\BUNB98262\profile$\StumpfR,Industrial Officer,513
STURGESS,User,Rebecca Sturgess,,\\clc95896\sturgess,Court Officer, Perth,513
SULLIVAJ,User,John Sullivan,,,ICMS - Courts Tech Group ,66049
SULLIVAT,User,Therese Sullivan,,\\moj141srv001\data\profiles\sullivat,Travel Services,513
SUMATLUG,User,Gwen Sumatluck,,\\mojopasrv001\data\profiles\sumatlug,Officer,66049
SUMM,User,Matthew Sum,,,Contractor Warehouse,513
SUMMERSJ,User,Judith Summers,\\pard98214\summersj,\\pard98214\profile$\summersj,Registered Nurse - Pardelup ,513
SUMMERSR,User,Roger Summers,\\alba98266\summersr,\\alba98266\profile$\summersr,Psychologist,513
SUMMERTS,User,Stephen Summerton,\\casu98264\summerts,\\casu98264\profile$\summerts,Prison Officer,513
SUPCRT,User,Supreme Court,,,,66049
SUTHERLLA,User,Laurie Sutherland,\\bunc98216\SutherlLa,\\bunc98216\profile$\SutherlLa,,513
SUTHERLM,User,Mei Sutherland,,\\moj141srv001\data\profiles\sutherlm,Registrar General's Office,513
SUTHERLV,User,Valerie Sutherland,\\gree98261\sutherlv,\\gree98261\profile$\sutherlv,Registered Nurse,513
SUTRISNH,User,Hendi Sutrisno,,,Year 2000 developer.,513
SUTTOND,User,David Sutton,\\GREE98261\suttond,\\GREE98261\profile$\suttond,Greenough Prison Prison Officer,513
SUZANA,User,Anita Suzan,\\cann98265\suzana,\\cann98265\profile$\suzana,Prison Officer - CWC Remand,513
SVC_BACKUPEXEC,User,Service Account - BackupExec,,,Service Account for Backup Exec,66113
SVC_EVENTWATCHER,User,Service Account - EventWatcher,,,Service Account for Event Watcher,66113
SVC_REPLICA,User,Replication Service,,,MOJ_MASTER replication user account,66113
SVCARCSERVE,User,Service account - Arcserve,,,Service Account for Arcserve,66113
SVCBDM,User,Service Account - BDM Data Committal,,,Service Account for BDM Data Committal,66113
SVCMCAFEE,User,Service Account - McAfee,,,Service Account for McAfee/Network Associates,66113
SVCOPTIKA,User,Service account - Optika Common Server Architecture,,,Service account for Optika,66113
SVCSQL,User,Service Account - SQL,,,Service Account for SQL - Owner DBA,66113
SVCSQL2000,User,Service Account - SQL 2000,,,Service Account - SQL 2000,66113
SVCTREND,User,Service account for Trend Antivirus,,,Service account for Trend Antivirus,66113
SVERNSU,User,Uldis Sverns,\\casu98264\svernsu,\\casu98264\profile$\svernsu,Hospital Officer - Casuarina,513
SWALWELA,User,Anthony Swalwell,\\cann98265\swalwela,\\cann98265\profile$\swalwela,Senior Officer - Canning Vale Prison,513
SWANJ,User,Jennifer Swan,\\ranj98224\SwanJ,\\ranj98224\profile$\SwanJ,Group Worker,513
SWANR,User,Ray Swan,\\cann98265\SwanR,\\cann98265\profile$\SwanR,Prison Officer,513
SWANSLIB,User,Swans Library Login,,,Swans Login for the Library,66049
SWARBRIR,User,Rick Swarbrick,\\alba98266\swarbrir,\\alba98266\profile$\swarbrir,Prison Officer,513
SWEENEYJ,User,Joanne Sweeney,\\VMUC98225\SweeneyJ,\\VMUC98225\profile$\SweeneyJ,Contract Mediation Officer,513
SWEETINJ,User,Jean Sweeting,\\band98268\sweetinb,\\band98268\profile$\sweetinb,Prison Officer,513
SYMINGTW,User,William Symington,\\casu98264\SymingtW,\\casu98264\profile$\SymingtW,A/Superintendent,513
SYMK,User,Ken Sym,,\\mojfcsrv001\data\profiles\SymK,Family Court Listings,513
SYMONDSC,User,Colin Symonds,\\alba98266\symondsc,\\alba98266\profile$\symondsc,Prison Officer,513
SZCZEPAC,User,Carolyn Szczepaniak,\\moj141srv001\data\users\szczepac,\\moj141srv001\data\profiles\szczepac,Personal Assistant,513
SZUMSKYS,User,Stephan Szumskyj,\\casu98264\szumskys,\\casu98264\profile$\szumskys,Senior Officer,513
TAAFFEP,User,Phil Taaffe,\\bunb98262\TaaffeP,\\bunb98262\profile$\TaaffeP,Assistant Superintendant - Security,513
TABACKB,User,Brenda Taback,\\MTLC98217\TabackB,\\MTLC98217\profile$\TabackB,A / JJO,513
TAITL,User,Linda Tait,\\cann98265\TaitL,\\cann98265\profile$\TaitL,Admin Assistant - Canningvale Project,513
TALBOTP,User,Philip Talbot,,\\moj141srv001\data\profiles\talbotp,Registrar General's Office,513
TALBOTS,User,Shayne Talbot,,,PCO IS Project,66049
TANA,User,Alvin Tan,\\MOJ141SRV001\data\users\TanA,\\MOJ141SRV001\data\profiles\TanA,CSC - Contractor,513
TANAU,User,Audrey Tan,\\band98268\tanau,\\band98268\profile$\tanau,Prison Officer,513
TANC,User,Cheryl Tan,,\\moj141srv001\data\profiles\tanc,ISD Manager CorpLegal,513
TANGJ,User,Jackie Tang,,,Offender Managment,513
TANGT,User,Trang Tang - ISD,\\moj141srv001\data\users\tangt,\\moj141srv001\data\profiles\tangt,Project Officer ,513
TANM,User,Michelle Tan,,\\frec98207\tanm,Court Officer,513
TANNERR,User,Robert Tanner,\\broo98202\TannerR,\\broo98202\profile$\TannerR,Prison Officer,513
TANPHAV,User,Van Tan Phan,\\mirc98215\TanPhaV,\\mirc98215\profile$\TanPhaV,CCO,513
TANSLEYA,User,Alison Tansley,\\jooc98201\tansleya,\\jooc98201\profile$\tansleya,JJD JJ Officer,513
TANSWELS,User,Suzanne Tanswell,\\WSQ98263\TanswelS,\\WSQ98263\profile$\TanswelS,Offender Management - Receptionist,513
TANT,User,Tze Li (Shirley) Tan,\\perc95846\tant,\\perc95846\profile$\tant,Programmes Officer,513
TARBOTTP,User,Peter Tarbotton,\\broo98202\TarbottP,\\broo98202\profile$\TarbottP,Prison Officer - Broome Regional Prison,513
TARBOXC,User,Christopher Tarbox,\\roeb98205\TarboxC,\\roeb98205\profile$\TarboxC,Prison Officer,513
TARRANTR,User,Raelene Tarrant,\\BUNB98262\TarrantR,\\BUNB98262\profile$\TarrantR,Clerical Officer,513
TARRW,User,Wayne Tarr,,,Magistrate - District Court,66049
TARVESN,User,Neil Tarves,\\bunb98262\TarvesN,\\bunb98262\profile$\TarvesN,Prison Officer,513
TASKERC,User,Charlie Tasker,\\alba98266\taskerc,\\alba98266\profile$\taskerc,Prison Officer,513
TAWHAIL,User,Luana Tawhai,\\meec98347\tawhail,\\meec98347\profile$\tawhail,CBC Officer,513
TAYLORA,User,Alex Taylor,\\wsq98263\taylora,\\wsq98263\profile$\taylora,Director,513
TAYLORB,User,Bronwyn Davies-Taylor,,\\clc95896\taylorb,Referee - Small Claims,513
TAYLORD,User,Darryl Taylor,,\\moj141srv001\data\profiles\taylord,HR EWR,513
TAYLORDA,User,David Taylor,,,PCO,513
TAYLORF,User,Frank Taylor,,,PCO,66049
TAYLORFR,User,Frederick Taylor,\\cann98265\TaylorFr,\\cann98265\profile$\TaylorFr,Prison Officer,513
TAYLORJ,User,Julie Taylor,,\\moj141srv001\data\profiles\taylorj,HR,513
TAYLORJE,User,Jenny Taylor,,,Acacia Prison Personal Assistant,66049
TAYLORJO,User,John Taylor,\\eago98223\TaylorJo,\\eago98223\profile$\TaylorJo,Prison Officer,513
TAYLORJU,User,June Taylor,,\\mojfcsrv001\data\profiles\TaylorJu,Family Court Magistrates chambers,513
TAYLORL,User,Lizbeth Taylor,,,ISD SBS,66049
TAYLORN,User,Nicole Taylor,\\mtlc98217\taylorn,\\mtlc98217\profile$\taylorn,JJ Officer,513
TAYLORNA,User,Natalie Taylor,\\MADC98210\TaylorNa,\\MADC98210\profile$\TaylorNa,JJ Officer,513
TAYLORNJ,User,Noel Taylor,\\EAGO98223\TaylorNJ,\\EAGO98223\profile$\TaylorNJ,Prison Officer,513
TAYLORR,User,Ross Taylor,\\perc95846\taylorr,\\perc95846\profile$\taylorr,Offender Records,513
TBAKERA,User,Audrey Baker,,,Policy Programs and Projects,66051
TBARBUZZD,User,Daniella Barbuzza,,\\milligansrv\profiles$\barbuzzd,Perth CBS,66051
TBEERA,User,Ann Beer,,\\milligansrv\profiles$\beera,Perth CBS,66051
TBICKNELJ,User,Jacquie Bicknell,,,Perth CBS,66051
TCARMODYD,User,Daryl Carmody,,,Perth CBS,66051
TCHAVEZR,User,Ray Chavez,,\\milligansrv\profiles$\chavezr,Perth CBS,66051
TDEMOUNCP,User,Peter De Mouncey,,,Operational Standards Directorate,515
TEAKLEF,User,Fiona Teakle,\\band98268\teaklef,\\band98268\profile$\teaklef,Nursing Staff,513
TEDESCOI,User,Ines Tedesco,,,LCU Records,66049
TEDMONDSG,User,Georgina Edmondson,,\\milligansrv\profiles$\edmondsg,E & UTU,66051
TEEHANM,User,Mark Teehan,,,IT Offender Managment (TOMS Project),66049
TELEPHON,User,Telephonist,,\\moj141srv001\data\profiles\telephon,Switch Board,66049
TELFERW,User,Wendy Telfer,\\wsq98263\telferw,\\wsq98263\profile$\telferw,Children's Court,513
TELFORDL,User,Lisa Telford,\\perc95846\telfordl,\\perc95846\profile$\telfordl,Co-Ordinator Diversion Project,513
TEMBYE,User,Elizabeth Temby,\\alba98266\TembyE,\\alba98266\profile$\TembyE,Admin Officer,513
TEMPLEMB,User,Belinda Templeman,\\cou98209\templemb,\\ccou98209\profile$\templemb,Clerical Officer,513
TENNENTF,User,Fabian Tennent,\\casu98264\tennentf,\\casu98264\profile$\tennentf,Prison Officer,513
TENNENTW,User,Wendyl Tennent,\\rive_res\tennentw,\\rive_res\profile$\tennentw,Riverbank Prison Officer,513
TERPOUDO,User,Doris Terpou,,\\clc95896\terpoudo,Court Officer, Perth,513
TERRIACP,User,Paul Terriaca,\\casu98264\terriacp,\\casu98264\profile$\terriacp,Prison Officer,513
TERRYS,User,Sara Terry,\\midc98212\TerryS,\\midc98212\profile$\TerryS,CCO,513
TEST,User,Test,,,Test Account - PASSIM - MOJDPPTEST,513
TESTARUNTA,User,Owned by Seb,,,Test Account for Arunta Access - owner Seb M,513
TESTCASU,User,testcasu,\\CASU98264\testcasu,\\CASU98264\profile$\testcasu,Test account for PPMS - KenC,513
TESTERC,User,Craig Tester,\\alba98266\TesterC,\\alba98266\profile$\TesterC,Probationery Off,513
TESTERM,User,Mark Tester,\\alba98266\testerm,\\alba98266\profile$\testerm,Prison Officer,513
TESTERR,User,Roy Tester,,,CWS Counsellor,513
TESTI,User,Initial Test,\\CASU98264\data\users\TestI,\\CASU98264\profile$\TestI,Test of UM Data,513
TESTLOGON15,User,test logon,,\\MOJ141SRV001\data\profiles\testlogon15,ccc - MK - Disabled 29/03/2001,515
TESTLOGON16,User,test logon,\\MOJ141SRV001\data\users\Testlogon16,\\MOJ141SRV001\data\profiles\Testlogon16,ccc- MK - Disabled 29/03/2001,515
TESTLOGON17,User,test logon,\\MOJ141SRV001\data\users\TestLogon17,\\MOJ141SRV001\data\profiles\TestLogon17,ccc- MK - Disabled 29/03/2001,515
TESTPC1,User,,,,SMS test PC- MK - Disabled 29/03/2001,66051
TESTPC2,User,,,,SMS test PC- MK - Disabled 29/03/2001,66051
TESTT,User,Testuser Test,\\CANN98265\TestT,\\CANN98265\profile$\TestT,dfgdfgdfhdfhgd- MK - Disabled 29/03/2001,66051
TESTWITHERSS,User,,,\\moj141srv001\data\profiles\testwitherss,Director of Human Resources- MK - Disabled 29/03,515
TESTWKSTN,User,,,,- MK - Disabled 29/03/2001,66051
TESTWSQ,User,testwsq,\\WSQ98263\testwsq,\\WSQ98263\profile$\testwsq,Test account for PPMS - KenC,513
TEVAKEJ,User,JohnTevake,,,Regional Counsellor VSS - Albany,513
TEVAKES,User,Sue Tevake,,,VSS,66049
THACKERJ,User,Jeremy Thacker,,,CSC - Helpdesk Support Analyst,513
THACKRAS,User,Stephen Thackray,,\\mojfcsrv001\data\profiles\ThackraS,Family Court Magistrates chambers,513
THARBYH,User,Helen Tharby,,,Consultant CSC,513
THARVEYC,User,Chris Harvey,,\\milligansrv\profiles$\harveyc,Education - Perth CBS,66051
THATCHEC,User,Carolyn Thatcher,,,CSO Records,66049
THEMIS,User,Citrix Server Account,,,,66113
THEOBALR,User,Ray Theobald,\\cann98265\TheobalR,\\cann98265\profile$\TheobalR,Prison Officer,513
THEODORE,User,Edward Theodor,,,Consultant SBS,66049
THESEIRP,User,Paul Theseira,,,Contractor,66049
THIBERTA,User,Andre Thibert,\\cann98265\ThibertA,\\cann98265\profile$\ThibertA,Prison Officer,513
THIELU,User,Uwe Thiel,\\casu98264\thielu,\\casu98264\profile$\thielu,Prison Officer,513
THIGGINSR,User,Roger Higgins,,\\milligansrv\profiles$\higginsr,Education - Perth CBS,66051
THILLAIG,User,Ganesan Thillainath,,\\moj141srv001\data\profiles\thillaig,A/Finance Officer,513
THOBAVEP,User,Peter Thobaven,,,Magistrates,66049
THOMASAN,User,Annette Thomas,\\ranj98224\ThomasAN,\\ranj98224\profile$\ThomasAN,Senior Officer,513
THOMASG,User,Gareth Thomas,\\cann98265\ThomasG,\\cann98265\Profile$\ThomasG,Prison Officer,513
THOMASHE,User,Hermanus Thomas,\\cann98265\thomashe,\\cann98265\profile$\thomashe,Senior Education Officer,513
THOMASIR,User,Irene Thomas,,\\mojfcsrv001\data\profiles\thomasir,Family Court Counselling,513
THOMASM,User,Mark Thomas,\\roeb98205\ThomasM,\\roeb98205\profile$\ThomasM,Prison Officer,513
THOMASP,User,Preston Thomas,,,JJD JJ Officer,515
THOMASPA,User,Paul Thomas,,,CSC - Service Delivery Manager for MOJ account,513
THOMASR,User,Rachel Thomas,,,Data Warehouse Project  Level 3,66049
THOMASS,User,Shawn Thomas,\\banj98227\ThomasS,\\banj98227\profile$\ThomasS,Senior Case Planning Officer,513
THOMJ,User,Jeremy Thom,,\\clc95896\thomj,Local Court Officer,66049
THOMPSOA,User,Allan Thompson,,\\moj141srv001\data\profiles\thompsoa,Policy and Legislation,513
THOMPSOCH,User,Chris Thompson,\\karn98218\ThompsoCh,\\karn98218\profile$\ThompsoCh,Prison Officer - Karnet,513
THOMPSOCO,User,Colin Thompson,\\wsq98263\ThompsoCO,\\wsq98263\profile$\ThompsoCO,Service Review Co-ordinator - Jardine,513
THOMPSOG,User,Gary Thompson,,,Executive Director - Court Services,513
THOMPSOP,User,Peter Thompson,,,Conveyancing,66049
THOMPSOS,User,Sue Thompson,\\mirc98215\ThompsoS,\\mirc98215\profile$\ThompsoS,Clerical Officer - Central Law Courts,513
THOMPSOT,User,Trevor Thompson,\\cann98265\ThompsoT,\\cann98265\profile$\ThompsoT,Prison Officer,513
THOMPSSH,User,Sharon Thompson,\\BENC_RES\ThompsSh,\\BENC_RES\profile$\ThompsSh,CCO,513
THOMPSTE,User,Terrence Thompson,\\ROEB98205\ThompsTe,\\ROEB98205\profile$\ThompsTe,Prison Officer,513
THOMSONA,User,Adrian Thomson,\\rocc98222\thomsona,\\rocc98222\profile$\Thomsona,Admin Coord - Rockingham,513
THOMSONAL,User,Allen Thomson,\\cann98265\Thomsonal,\\cann98265\profile$\Thomsonal,Senior Officer,513
THOMSOND,User,David Thomson,\\cann98265\ThomsonD,\\cann98265\profile$\ThomsonD,Prison Officer,513
THOMSONP,User,Philippa Thomson,,\\clc95896\thomsonp,Chief Assessor - Criminal Injuries Compensation,513
THORLEYJ,User,Judith Thorley,\\kill98208\thorleyj,\\kill98208\Profile$\thorleyj,Group Worker - Killara,513
THORNEL,User,Lenard Thorne,\\CLC95896\private$\ThorneL,\\CLC95896\roaming$\ThorneL,Court Officer,513
THORNTOE,User,Erin Thornton,,,OM Group Worker,513
THORNTOER,User,Erin Thornton,\\ranj98224\ThorntoER,\\ranj98224\profile$\ThorntoER,Group Worker,513
THORPEJ,User,Jenny Thorpe,,\\moj141srv001\data\profiles\thorpej,librarian,513
THORPJ,User,John Thorp,\\pabo98220\thorpj,\\pabo98220\profile$\thorpj,Manager,513
THURTLEJ,User,Jean Thurtle,,,Child Witness Service,66049
TIERNEYM,User,Mark Tierney,\\casu98264\tierneym,\\casu98264\profile$\tierneym,Prison Officer,513
TIGHEJ,User,Joe Tighe,,\\CLC95896\roaming$\TigheJ,ICMS - Developer,66049
TILBROOM,User,Max Tilbrook,\\woor98267\TilbrooM,\\woor98267\profile$\TilbrooM,Prison Officer,513
TILBURYS,User,Shelley Tilbury,,\\midlcrtibm1\tilburys,Court Officer,66049
TILLYA,User,Annabelle Tilly,\\MOJ141SRV001\data\users\TillyA,\\MOJ141SRV001\data\profiles\TillyA,Law Reform Commission Staff,513
TIME,User,,,,Built-in account for administering the computer/domain,66049
TINDALLM,User,Michael Tindall,,,Project Manager,66049
TIRANTC,User,Christopher Tirant,\\casu98264\tirantc,\\casu98264\profile$\tirantc,Prison Officer,513
TISAACSK,User,Ken Isaacs,,,Operational Standards,66051
TITELIUR,User,Richard Titelius,,,Senior Court Officer,66049
TITTUMSJ,User,Jane Tittums,\\wsq98263\tittumsj,\\wsq98263\profile$\tittumsj,Co-Ordinator AB-Progs ,513
TKNOTTJ,User,John Knott,\\WSQ98263\KnottjW$,\\WSQ98263\KnottjP$,Level 12 OM Exec A/Coord. Pris. Assess.,515
TLAIRDC,User,Christine Laird,,\\milligansrv\profiles$\lairdc,Education - Perth CBS,66051
TLEMMANL,User,Liz Lehman,\\band98268\lehmanl,\\band98268\profile$\lehmanl,Superintendant - dupli already disbld @ 22/2/1,515
TLOXTONA,User,Angela Loxton,,\\milligansrv\profiles$\loxtona,Perth CBS,66051
TLYNNC,User,Claire Lynn,,,Perth CBS,66051
TM_MOJFCSRV00100,User,TM_MOJFCSRV00100,,,,66049
TMAULEL,User,Linda Maule,,,Perth CBS,66051
TMOOREP,User,Peter Moore,,,Operational Standards,66051
TMUIRC,User,Colin Muir,,,Operational Standards,66051
TOBINJ,User,Jazmyn Tobin,\\LAWC98204\TobinJ,\\LAWC98204\profile$\TobinJ,CATS Officer,513
TODDA,User,Anne Todd,\\banj98227\todda,\\banj98227\profile$\todda,Group Worker,513
TODDL,User,Lindsay Todd,\\ranj98224\ToddL,\\ranj98224\profile$\ToddL,Group Worker - Rangeview,513
TOFTS,User,Sharon Toft,\\casu98264\tofts,\\casu98264\profile$\tofts,Prison Officer,513
TOLCONN,User,Nicholas Tolcon,,,Family Court Judges chambers,513
TOMANC,User,CatherineToman,\\woor98267\TolmanK,\\woor98267\profile$\TolmanK,Snr Educ. Officer,513
TOMBLESK,User,Kelvin Tombleson,\\GREE98261\tomblesk,\\GREE98261\profile$\tomblesk,Greenough Prison Senior Officer,513
TOMICHC,User,Carol Tomich,,\\MOJFCSRV001\data\profiles\TomichC,Legal Associate,66049
TOMLINSK,User,Keith Tomlinson,\\BROO98202\TomlinsK,\\BROO98202\profile$\TomlinsK,Work Camp Officer,513
TOMPKINE,User,Elsie Tompkins,,\\moj141srv001\data\profiles\tompkine,Project Leador, Mentoring,513
TOMSC,User,Carol Toms,,\\clc95896\tomsc,Sherff's Office,66049
TOMSD,User,Darlene Toms,\\ROEB98205\TomsD,\\ROEB98205\profile$\TomsD,Administration Typist,513
TOMSDEGR,User,Adrian DeGraff - TOMS,\\moj141srv001\data\users\degraafa,\\wsq98263\profile$\tomsdegr,Policy Programs and Projects,66049
TOMSONSM,User,Mark Tomsons,,\\mojfcsrv001\data\profiles\TomsonsM,Family Court Projects,513
TOMSPILT,User,Graeme Pilton - TOMS,\\wsq98263\tomspilt,\\wsq98263\profile$\tomspilt,Policy Programs and Projects,513
TONKINM,User,Michael Tonkin,\\cann98265\tonkinm,\\cann98265\profile$\tonkinm,Prison Officer,513
TOOHEYM,User,Marjory Toohey,,\\midlcrtibm1\tooheym,Midland Court,513
TOPTOOLS USER,User,TopTools User,,,HP TopTools User Account,66113
TOPTOOLS1,User,TopTools1,,,HP TopTools User Account,66113
TORMEYS,User,Shaun Tormey,\\GREE98261\TormeyS,\\GREE98261\profile$\TormeyS,,513
TORREM,User,Maddalena Torre,\\banj98227\torrem,\\banj98227\profile$\torrem,Clinical Psychologist,66049
TORRESM,User,Marie Torres,\\MOJ141SRV001\data\users\TorresM,\\MOJ141SRV001\data\profiles\TorresM,Programmer - Analyst,513
TORRISIY,User,Yvonne Torrisi,\\bunc98216\torrisiy,\\bunc98216\profile$\torrisiy,Court Officer,513
TOSHE,User,Ewan Tosh,\\alba98266\toshe,\\alba98266\profile$\toshe,HR Coordinator Albany Regional Prison,513
TOTINOL,User,Louise Totino,,,HR Receptionist,66049
TOTTERDL,User,Lynette Totterdell,\\espc98342\totterdl,\\espc98342\profile$\totterdl,JJD JJ Officer,513
TOWARTI,User,Ian Towart,,,Consultant,66049
TOWNSENM,User,Martha Townsend,,\\moj141srv001\data\profiles\townsenm,Registrar General's Office,513
TOWNSENY,User,Yuet Townsend,\\perc95846\townseny,\\perc95846\profile$\townseny,Milligan CBS Clerical Officer,513
TRAINER,User,Trainer,,\\mojfcsrv001\data\profiles\Trainer,Family Court Trainer,66049
TRAJKOVZ,User,Zoran Trajkovski,\\ccou98209\trajkovzW$,\\ccou98209\trajkovzP$,Court Services Court Officer,513
TRANKINB,User,Brian Rankin,,,TOMS,66051
TRAUPMAM,User,Myrean Trapmann,\\cann98265\TraupmaM,\\cann98265\profile$\TraupmaM,Case Manager,513
TRAVISD,User,David Travis,\\MOJ141SRV001\data\users\TravisD,\\MOJ141SRV001\data\profiles\TravisD,Contractor - Spherion,513
TREASURE,User,Elizabeth Treasure,\\cann98265\TreasurE,\\cann98265\profile$\TreasurE,Industrial Officer,513
TREMLETP,User,Patrick Tremlet,,,PCO,66049
TRENGOVL,User,Laurie Trengove,\\casu98264\trengovl,\\casu98264\profile$\trengovl,Education Officer - Casuarina Prison,513
TREVENEG,User,Geoff Trevenen,\\GREE98261\treveneg,\\GREE98261\profile$\treveneg,Greenough Prison Senior Officer,513
TREWBENA,User,Alyson Trewben,\\band98268\trewbena,\\band98268\profile$\trewbena,Prison Officer,513
TREWINL,User,Lynette Trewin,,\\armacrtibm1\trewinl,Senior Court Officer,66049
TREWINM,User,Maureen Trewin,\\band98268\trewinm,\\band98268\profile$\trewinm,Prison Officer,513
TRIMBYM,User,Michael Trimby,\\GREE98261\trimbym,\\GREE98261\profile$\trimbym,Greenough Prison FCPO,513
TRINDERA,User,Andrew Trinder,\\cann98265\TrinderA,\\cann98265\profile$\TrinderA,Prison Officer,513
TRINDORP,User,Peter Trindorfer,\\casu98264\trindorp,\\casu98264\profile$\trindorp,Probationary Officer,513
TROWR,User,Robert Trow,,,JJD JJ Officer,66049
TROWRO,User,Robert Trow,\\frec98207\TrowRo,\\frec98207\profile$\TrowRo,JJO,513
TRUDGIAB,User,Brad Trudgian,\\ROCC98222\TrudgiaB,\\ROCC98222\profile$\TrudgiaB,Grad Student,513
TRUSCOTA,User,Annemarie Truscott,\\Pabo98220\truscota,\\Pabo98220\Profile$\truscota,Receptionist/Admin Officer,513
TSAKALAM,User,Michael Tsakalakis,,\\moj141srv001\data\profiles\tsakalam,ISD Records,513
TSHIRESD,User,Deb Shires,,\\milligansrv\profiles$\shiresd,Perth CBS,66051
TSUMMERTD,User,David Summerton,,,Perth CBS,66051
TUCKC,User,Charlie Tuck,\\alba98266\tuckc,\\alba98266\profile$\tuckc,FCPO,513
TUCKERM,User,Maria Tucker,,\\mojfcsrv001\data\profiles\TuckerM,Family Court Registry,513
TUCKERV,User,Victor Tucker,\\karn98218\TuckerV,\\karn98218\profile$\TuckerV,Prison Officer - Karnet,513
TUCKETTM,User,Mavis Anne Tuckett,,,FER Officer,66049
TUCKM,User,Melvyn Tuck,\\casu98264\tuckm,\\casu98264\profile$\tuckm,Prison Officer,513
TUIAD,User,DebraTuia,,\\moj141srv001\data\profiles\tuiad,ISD,513
TULIAUS,User,Solomona Tuliau,\\roeb98205\TuliauS,\\roeb98205\profile$\TuliauS,Prison Officer,513
TULLYJ,User,Jim Tully,\\eago98223\TullyJ,\\eago98223\profile$\TullyJ,Senior Officer,513
TULLYJA,User,Jacqui Tully,\\CLC95896\TullyJa$,\\CLC95896\TullyJa,Business Analyst,513
TURKM,User,Margaret Turk,\\cann98265\TurkM,\\cann98265\profile$\TurkM,Telephonist,513
TURNERB,User,Beverly Turner,,\\mojopasrv001\data\profiles\turnerb,Guardian,513
TURNERI,User,Ian Turner,\\mirc98215\turneri,\\mirc98215\profile$\turneri,A/SCCO - Mirrabooka,513
TURNERL,User,Lynn Turner,\\WSQ98263\TurnerL,\\WSQ98263\profile$\TurnerL,Clerical and Admin Officer,513
TURNERM,User,Maxwell Turner,\\broo98202\TurnerM,\\broo98202\profile$\TurnerM,Senior Officer,513
TURNERN,User,Nick Turner,\\casu98264\turnern,\\casu98264\profile$\turnern,Prison Officer,513
TURNERRO,User,Rodney Turner,\\woor98267\TurnerRo,\\woor98267\profile$\TurnerRo,Prison Officer,513
TURNERROS,User,Ross Turner,\\mojnyasrv01\TurnerRos,\\mojnyasrv01\profile$\TurnerRos,Prison Officer,513
TURNERS,User,Sharon Turner,\\band98268\turners,\\band98268\profile$\turners,Prison Officer - Nyandi,513
TURNERV,User,Veronica Turner,\\frec98207\turnerv,\\frec98207\profile$\turnerv,Clerical Officer,513
TURNERW,User,Wanda Turner,\\mirc98215\TurnerW,\\mirc98215\profile$\TurnerW,CLERICAL OFFICER,513
TURNPENC,User,Cindy Turnpenny,\\mirc98215\TurnpenC,\\mirc98215\profile$\TurnpenC,JJO,513
TURTONG,User,Gregory Turton,\\GREE98261\turtong,\\GREE98261\profile$\turtong,Greenough Prison Prison Officer,513
TUSER1,User,Training User,,,Account used for training purposes,66115
TUSER2,User,Training User,,,Account used for training purposes,66115
TUSER3,User,Training User,,,Account used for training purposes,66115
TUSER4,User,Training User,,,Account used for training purposes,66115
TVRDEICF,User,Franciska Tvrdeic,,,Information Officer,513
TWADDLER,User,Robert Twaddle,\\alba98266\twaddler,\\alba98266\profile$\twaddler,Senior Officer,513
TWILLIAMG,User,Graham Williams,,,Operational Standards Directorate,66051
TWINEB,User,Barbara Twine,\\cann98265\TwineB,\\cann98265\profile$\TwineB,Prison Officer,513
TWINEBE,User,Beverley Twine,\\ranj98224\TwineBE,\\ranj98224\profile$\TwineBE,Clerical Officer,513
TWISSS,User,Stephanie Twiss,,,Records,513
TWISTG,User,Gordon Twist,\\bunb98262\twistg,\\bunb98262\profile$\twistg,Industrial Officer,513
TYERSA,User,Anna Tyers,\\band98268\tyersa,\\band98268\profile$\tyersa,Medical Officer,513
TYERSJ,User,Julie Tyers,\\MOJNYASRV01\TyersJ,\\MOJNYASRV01\profile$\TyersJ,Registered Nurse,513
TYLERE,User,Eddie Tyler,\\cann98265\tylere,,Senior Officer,513
TYLERJ,User,Janice Tyler,\\casu98264\tylerj,\\casu98264\profile$\tylerj,Hospital Officer,513
TYSONP,User,Peter Tyson,\\casu98264\tysonp,\\casu98264\profile$\tysonp,Hospital Officer - Casuarina,513
TYSONPA,User,Pat Tyson,\\cann98265\tysonpa,\\cann98265\profiles$\tysonpa,Dep/Sup Canningvale Prison,513
TYUG,User,Geraldine Yu,,,Operational Standards,66051
TZUINC,User,Cinzia Zuin,,,Perth CBS,66051
UFERR,User,Robert Ufer,\\casu98264\uferr,\\casu98264\profile$\uferr,Hospital Officer,513
UGLEA,User,Amanda Ugle,\\midc98212\UgleA,\\midc98212\data\profiles\uglea,Clerical Officer - Midland CBS,513
UGLEM,User,Margaret Ugle,,\\mojavssrv001\data\profiles\Uglem,Project Officer,513
UINKT,User,Tracey Uink,\\rocc98222\user$\uinkt,\\rocc98222\profile$\uinkt,Human Resources,513
UNDERWOM,User,Marion Underwood,\\casu98264\underwom,\\casu98264\profile$\underwom,Hospital Officer,513
UNDERWOT,User,Timothy Underwwood,\\casu98264\underwot,\\casu98264\profile$\underwot,Prison Officer,513
UNIQUET,User,Test Unique,\\CANN98265\User$\UniqueT,\\CANN98265\profile$\UniqueT,Unique Test User,513
UPTONG,User,Gary Upton,\\cann98265\UptonG,\\cann98265\profile$\UptonG,FCPO,513
URENM,User,Martin Uren,\\mojwarsrv01\urenm,\\mojwarsrv01\profile$\urenm,A/Senior Education Officer - Warminda,513
URJADKOV,User,Victor Urjadko,,,Acacia Prison General Manager,66049
URQUHARJ,User,John Urquhart,,\\clc95896\urquharj,Referee,66049
URREAM,User,Maria-Teresa Urrea,\\rocc98222\UrreaM,,CCO,513
USERE,User,End User,\\CASU98264\data\users\UserE,\\CASU98264\profile$\UserE,Test User,515
UTLEYK,User,Keith Utley,,\\mojopasrv001\data\profiles\utleyk,Invetsigator,513
UTTINGM,User,Maralyn Utting,,,Court Officer - Pinjarra,513
UTTINGMI,User,Michael Utting,\\moj141srv001\data\users\uttingmi,,Support Analyst - Contract,513
VAGGB,User,Brian Vagg,\\rive_res\vaggb,\\rive_res\profile$\vaggb,Riverbank Prison Officer,513
VALENCIO,User,Oliver Valencia,,,Unisys Consultant bassed in Brisbane,513
VALET,User,Tiffiny Vale,\\MOJ141SRV001\data\users\ValeT,\\MOJ141SRV001\data\profiles\ValeT,Indigenous Retention Co-ordinator,513
VALLANCJ,User,Joy Vallance,\\benc_res\vallancj,\\benc_res\Profile$\vallancj,Support Services Case Worker Bentley CBS,513
VALLIPUM,User,Maree Vallipuram,\\benc_res\Vallipum,\\benc_res\profile$\Vallipum,Bentley CBS JJ Officer,513
VANCEP,User,Paul Vance,,,Contractor Warehouse,513
VANDEA,User,Anton Van de Berg,\\MOJ141SRV001\data\users\VandeA,\\MOJ141SRV001\data\profiles\VandeA,Administration Officer,513
VANDERGP,User,Paul Vandergraaf,\\cann98265\VandergP,\\cann98265\profile$\VandergP,Prison Officer,513
VANDERHJ,User,John Vanderheyden,\\cann98265\VanderhJ,\\cann98265\profile$\VanderhJ,Prison Officer,513
VANDERPP,User,Peter Vanderplank,\\cann98265\VanderpP,\\cann98265\profile$\VanderpP,Prison Officer,513
VANDERS,User,Stefan Van der Sluis,\\eago98223\VanderS,\\eago98223\profile$\VanderS,FCPO,513
VANDERSA,User,Ab Van der snoek,\\ESPC98342\VandersA,\\ESPC98342\profile$\VandersA,Compliance Officer,513
VANDERZL,User,Leisa Van Der Zanden,\\perc95846\Vanderzl,\\perc95846\profile$\Vanderzl,Programmes Officer,513
VANDESAN,User,Natalie Vandesande,,\\mojfcsrv001\data\profiles\VandesaN,Family Court Registry,513
VANDIJKJ,User,Hans Van Dijk,\\cann98265\Vandijkj,\\cann98265\profile$\Vandijkj,FCPO,513
VANDONGK,User,Keith Van Dongen,,\\moj141srv001\data\profiles\vandongk,Investigator,513
VANDYKP,User,Peter Van Dyk,\\woor98267\vandykp,\\woor98267\profile$\vandykp,Cleaning Officer,513
VANEG,User,Geoffrey Vane,,,Analyst/Programmer,513
VANHAMD,User,Debbie Van Hamersveld,\\MOJ141SRV001\data\users\VanHamD,\\MOJ141SRV001\data\profiles\VanHamD,Snr Personnel Officer,513
VANHEED,User,Dean Van Heezik,\\eago98223\VanHeeD,\\eago98223\profile$\VanHeeD,Senior Officer,513
VANHEEZC,User,Cherie Van Heezik,\\EAGO98223\VanHeezC,\\EAGO98223\data$\profiles\VanHeezC,Prison Officer - Eastern Goldfields Prison,513
VANHOUWA,User,Arrie Vanhouwelingen,\\cann98265\VanhouwA,\\cann98265\profile$\VanhouwA,Prison Officer,513
VANKAMPD,User,Danielle VanKampen,\\MOJ141SRV001\data\users\VanKampD,\\MOJ141SRV001\data\profiles\VanKampD,Multimedia and Publications Officer,513
VANLEER,User,Roy Van Leeuwen,\\cann98265\VanLeeR,\\cann98265\profile$\VanLeeR,Prison Officer,513
VANPRAJ,User,James Van Praag,\\casu98264\vanpraj,\\casu98264\profile$\vanpraj,FCPO,513
VANZALMB,User,brenda vanzalm,\\BUNC98216\vanzalmb,\\BUNC98216\profile$\vanzalmb,Sessional,513
VARGAP,User,Peter Varga,\\frec98207\VargaP,\\frec98207\profile$\VargaP,Fremantle  Manager,513
VASILEM,User,Mark Vasile,,\\moj141srv001\data\profiles\vasilem,IT Communications,513
VAUGHANG,User,Gloria Vaughan,\\GREE98261\VaughanG,\\GREE98261\profile$\VaughanG,Sister,513
VAUGHANI,User,Ian Vaughan,\\jardomddig1\vaughani,\\jardomddig1\Profile$\Vaughani,Offender Managment,513
VAUGHANP,User,Patricia Vaughan,\\CASU98264\VaughanP,\\CASU98264\profile$\VaughanP,Education Officer - Casuarina,513
VAVIERA,User,Antonie Vavier,\\alba98266\vaviera,\\alba98266\profile$\vaviera,Prison Officer,513
VAZC,User,Clyde Vaz,,\\moj141srv001\data\profiles\vazc,Finance,513
VEACHM,User,Mervyn Veach,,\\JooncrtIBM1\veachm,Information Officer,66049
VELLAN,User,Natalie Vella,\\CLC95896\VellaN$,\\CLC95896\VellaN,Case Assessor,513
VENABLED,User,David Venables,\\CASU98264\VenableD,\\CASU98264\profile$\VenableD,Hospital Officer - Casuarina,513
VENABLEI,User,Ian Venables,\\cann98265\VenableI,\\cann98265\profile$\VenableI,Senior Officer,513
VENDITTJ,User,Joanne Venditti,,\\moj141srv001\data\profiles\vendittj,Human Resources,513
VENERISC,User,Carole Veneris,\\wsq98263\VenerisC,\\wsq98263\Profile$\venerisc,Regional Prisons Directorate,66049
VENWORTD,User,Dave Ventworth,\\alba98266\venwortd,\\alba98266\profile$\venwortd,Prison Officer,513
VERGAJ,User,Jo Verga,,\\MOJ141SRV001\data\profiles\VergaJ,Personal Assistant,513
VERNERG,User,Gordon Verner,\\band98268\VernerG,\\band98268\profile$\VernerG,Senior Officer,513
VERNONR,User,Robyn Vernon,,\\clc95896\vernonr,CLC - Accounts,513
VERNONRO,User,Robert Vernon,\\KARN98218\VernonRo,\\KARN98218\profile$\VernonRo,Workshop,513
VERNONW,User,Wendy Vernon,\\mojbjcsrv01\VernonW,\\mojbjcsrv01\profile$\VernonW,CBS - Busselton,513
VESTBYM,User,Martin Vestby,\\WSQ98263\VestbyM,\\WSQ98263\Profile$\VestbyM,IT CONSULTANT CSC,515
VETESIB,User,Beverley Vetesi,\\cann98265\vetesib,\\cann98265\profile$\vetesib,Nurse,513
VICARYC,User,Craig Vicary,\\gerc98200\vicaryc,\\gerc98200\profile$\vicaryc,Community Corrections Officer,513
VICENTIR,User,Robert Vicentini,,\\MOJ141SRV001\data\profiles\VicentiR,Contractor,513
VICKERE,User,Evelyn Vicker,,,Magistrate Coroners Court,66049
VICKERYM,User,Mike Vickery,,,Co-ordinator Prisoner Assessment,513
VIGARC,User,Caroline Vigar,\\bunc98216\VigarC,\\bunc98216\profile$\VigarC,CCO,513
VIGNED,User,Didier Vigne,\\casu98264\vigned,\\casu98264\profile$\vigned,Prison Officer - Casuarina,513
VILLAMIM,User,Melissa Villamil,,,Criminal Injuries,513
VINCENTC,User,Cheryl Vincent,\\CLC95896\VincentC$,\\CLC95896\VincentC,Cashier - disabled 27/6/01,515
VINCENTG,User,Geraldine Vincent,\\wsq98263\VincentG,,Admin Support Officer,513
VINEJA,User,Jane Vine,\\karn98218\VineJa,\\karn98218\profile$\VineJa,Typist - Karnet Prison Farm,513
VISILIOP,User,Paras Visilio,,,Sheriffs office,513
VISITOR,User,Generic login for Marja Pearce,,,JJ Exec,66049
VIVIANB,User,Brad Vivian,\\clc95896\vivianb$,\\clc95896\vivianb,Courts Management -  10th Floor May Holman,513
VLAHOST,User,Tom Vlahos,,\\jooncrtibm1\vlahost,,66049
VOAKW,User,Wayne Voak,\\bunc98216\VoakW,\\bunc98216\profile$\VoakW,Releas Planning / Programme Officer,513
VOSES,User,Stephen Vose,,,Magistrate PCC,66049
VOWELLB,User,Brian Vowell,\\broo98202\vowellb,\\broo98202\profile$\vowellb,Senior Prison Officer Shift,513
VOWELLJ,User,Jarrod Vowell,\\roeb98205\vowellj,\\roeb98205\profile$\vowellj,Prison Officer,513
VULICHR,User,Renae Vulich,,\\clc95896\vulichr,Court Officer,513
WADES,User,Sally Wade,\\casu98264\wades,\\casu98264\profile$\Wades,A/CCO - Casurina,513
WAGENAAS,User,Samantha Wagenaar,\\wsq98263\WagenaaS,\\wsq98263\profile$\WagenaaS,Project Officer,513
WAGENERL,User,Lindsay Wagener,\\roeb98205\wagenerl,\\roeb98205\profile$\wagenerl,Prison Officer,513
WAGERJ,User,Julie Wager,,,Drugs Court Magistrate,513
WAGERW,User,Wendy Wager,\\mojvppsrv01\WagerW,\\mojvppsrv01\profile$\WagerW,Clinical Counselling Psychologist,513
WAILUA,User,Ann Maree Wailu,\\roeb98205\wailua,\\roeb98205\profile$\wailua,Prison Officer - Roebourne Prison,513
WAIT,User,Teresa Wai,,\\moj141srv001\data\profiles\wait,HR Payroll ,513
WAJNSTGA,User,Garry Wajnstok - second login,\\mojvppsrv01\wajnstga,\\mojvppsrv01\profile$\wajnstga,Co-ordinator JJT,513
WAJNSTOG,User,Garry Wajnstok,,,Programs Directorate,513
WAKEHAMJ,User,Jim Wakeham,\\bunb98262\WakehamJ,\\bunb98262\profile$\WakehamJ,Prison Officer - Bunbury ,513
WAKES,User,Sharon Wake,\\WSQ98263\Wakes,\\WSQ98263\Profile$\Wakes,Prison Services,513
WAKESH,User,Sharon Wake,,,2nd Log in.  OM employee.  NON-TOMS profile,66049
WALDECKJ,User,James Waldeck,\\casu98264\waldeckj,\\casu98264\profile$\waldeckj,Industrial Officer,513
WALDIEB,User,Barbara Waldie,\\cann98265\WaldieB,\\cann98265\profile$\WaldieB,Prison Officer,513
WALEG,User,Gerry Wale,,\\moj141srv001\data\profiles\waleg,Contracts and Services,513
WALKERA,User,Ashleigh Walker,\\MOJ141SRV001\data\users\WalkerA,\\MOJ141SRV001\data\profiles\WalkerA,FBT Officer,513
WALKERC,User,Clive Walker,\\jardomddig1\walkerc,\\jardomddig1\profile$\walkerc,Police/Justice Core Functions,66049
WALKERD,User,David Walker,\\EAGO98223\WalkerD,\\EAGO98223\Profile$\WalkerD,Activities Officer,513
WALKERDE,User,Debbie Walker,,\\armacrtibm1\walkerde,Court Officer,513
WALKERS,User,Simon Walker,\\jardomddig1\walkers,\\jardomddig1\profile$\walkers,Jardine SIU Sentence Information Officer,513
WALKERSI,User,Simon Walker,\\WSQ98263\WalkerSi,\\WSQ98263\profile$\WalkerSi,Counsellor,513
WALKERST,User,Steven Walker,\\cann98265\WalkerSt,\\cann98265\profile$\WalkerSt,Prison Officer,513
WALKERV,User,Vic Walker,\\wsq98263\walkerv,\\wsq98263\profile$\walkerv,Project Officer - OM Policy and Project,513
WALLACEJ,User,James Wallace,\\MOJVPPSRV01\WallaceJ,\\MOJVPPSRV01\profile$\WallaceJ,Student,513
WALLACER,User,Rose Wallace,\\mojwarsrv01\WallaceR,\\mojwarsrv01\profile$\WallaceR,A/Abor. Prog Officer - Warminda,513
WALLACES,User,Samantha Wallace,\\ROEB98205\WallaceS,\\ROEB98205\profile$\WallaceS,Medical Records Officer,513
WALLB,User,Bradley Wall,\\casu98264\wallb,\\casu98264\profile$\wallb,Prison Officer,513
WALLERA,User,Allan Waller,\\msu98213\WallerA,\\msu98213\profile$\WallerA,Information Analyst,513
WALLISJ,User,Janine Wallis,\\broc98203\wallisj$,\\broc98203\profiles$\wallisj,Regional Counsellor,513
WALLJ,User,John Wall,\\cann98265\WallJ,\\cann98265\profile$\WallJ,Senior Officer,513
WALLN,User,Neville Wall,\\gree98261\walln,\\gree98261\profile$\walln,Prison Officer,513
WALSHA,User,Andrea Walsh,\\madc98210\walsha,\\mtlc98217\profile$\walsha,Community Corrections Officer,513
WALSHD,User,Dennis Walsh,\\cann98265\WalshD,\\cann98265\profile$\WalshD,Prison Officer,513
WALSHI,User,Ian Walsh,\\GREE98261\walshi,\\GREE98261\profile$\walshi,Greenough Prison Senior Officer,513
WALSHK,User,Kevin Walsh,,\\moj141srv001\data\profiles\walshk,Manager Accounting Services,513
WALSHS,User,Samantha Walsh,\\gerc98200\walshsP$,\\gerc98200\walshsW$,Geraldton CBS Clerical Officer,513
WALSHSH,User,Shane Walsh,\\MOJ141SRV001\data\users\WalshSh,\\MOJ141SRV001\data\profiles\WalshSh,Personnel Services Officer,513
WALSHT,User,Terence Walsh,\\PABO98220\WalshT,\\PABO98220\profile$\WalshT,Chairman - Parole Board of W.A,513
WALTERSM,User,Michelle Walters,\\GREE98261\waltersm,\\GREE98261\profile$\waltersm,Greenough Prison Industrial Officer,513
WALTERSS,User,Steve Walters,,,Contractor TOMS Project,513
WALTONC,User,Cameron Walton,,\\moj141srv001\data\profiles\waltonc,Project Officer,513
WALTONCH,User,Christopher Walton,\\msu98213\WaltonCH,\\msu98213\profile$\WaltonCH,Prison Officer,513
WANGZ,User,Zhonghong Wang,\\moj141srv001\data\users\WangZ,,Courts Division,513
WANNG,User,Gary Wann,\\jardomddig1\wanng,\\jardomddig1\profile$\wanng,Imaging Officer - Jardine,513
WANNS,User,Suzanne Wann,,,Court Officer,513
WARDLOWB,User,Barry Wardlow,\\cann98265\WardlowB,\\cann98265\profile$\WardlowB,Prison Officer,513
WARDS,User,Shannon Ward,\\ccou98209\Wards,\\ccou98209\profile$\wards,Clerical Officer,513
WARDST,User,Stephanie Ward,,,CSC - Security Analyst,513
WARESH,User,Heidi Wares,\\bunb98262\WaresH,\\bunb98262\profile$\WaresH,Senior Officer,513
WARLIKT,User,Ted Warlik,\\wsq98263\warlikt,,Project Officer,513
WARNEB,User,Barbara Warne,\\NORC98226\WarneB,\\NORC98226\profile$\WarneB,A/ Court Officer,513
WARNERD,User,David Warner,\\casu98264\warnerd,\\casu98264\profile$\warnerd,Prison Officer,513
WARNERM,User,Maxine Warner,\\casu98264\warnerm,\\casu98264\profile$\warnerm,Prison Prison Officer - Casuarina,513
WARNESR,User,Ray Warnes,\\moj141srv001\data\users\warnesr,,Performance Management,513
WARREKR,User,Rick Warrek,,\\mojfcsrv001\data\profiles\WarrekR,Family Court Orders,513
WARRENJ,User,Joyce Warren,,\\mojfcsrv001\data\profiles\WarrenJ,Family Court Records,513
WARRENL,User,Loretta Warren,\\band98268\warrenl,\\band98268\profile$\warrenl,Nursing Staff,513
WARRENS,User,Sally Warren,,,CWS Counsellor,513
WASSK,User,Kim Wass,,,Court Officer,513
WATENEL,User,Lisa Watene,\\WOOR98267\WateneL,\\WOOR98267\profile$\WateneL,Peer Support Officer,513
WATERHOR,User,Robert Waterhouse,\\broo98202\WaterhoR,\\broo98202\profile$\WaterhoR,Prison Officer,513
WATERSD,User,David Waters,\\casu98264\watersd,\\casu98264\profile$\watersd,Prison Officer,513
WATERSLI,User,Linda Darlington,,,Kununurra Senior Court Officer - 9168 1011,66049
WATERSOP,User,Paul Waterson,\\ranj98224\WatersoP,\\ranj98224\profile$\WatersoP,Group Worker ,513
WATERSS,User,Simon Waters,,,Platform Support,515
WATKINSA,User,Alan Watkins,\\mtlc98217\watkinsa,,Mount Lawley CBS - Manager,513
WATKINSJ,User,Jason Watkins,\\cann98265\WatkinsJ,\\cann98265\profile$\WatkinsJ,Prison Officer,513
WATLINGB,User,Bernadette Watling,\\broc98203\WatlingB,\\broc98203\profile$\WatlingB,Admin Officer,513
WATMOREJ,User,James Watmore,\\pard98214\WatmoreJ,\\pard98214\profile$\WatmoreJ,Education Off.,513
WATSONG,User,Geoff Watson,,,Manager,513
WATSONJ,User,Judyth Watson,\\JARDOMDDIG1\WatsonJ,\\JARDOMDDIG1\profile$\WatsonJ,contract research co-ordinator,513
WATSONR,User,Ross Watson,,,ISD Developer 16th Fl Courts,513
WATSONT,User,Trudy Watson,,,JJD JJ Officer,513
WATSONTR,User,Trevor Watson,\\casu98264\watsontr,\\casu98264\profile$\watsontr,Prison Officer,513
WATSONU,User,Ursula Watson,,,CSO Records,66049
WATTB,User,Bruce Watt,\\ranj98224\wattb,\\ranj98224\profile$\wattb,Psychologist - Rangeview,513
WATTJ,User,Jacqueline Watt,\\CANN98265\WattJ,\\CANN98265\profile$\WattJ,Prisoner Support Officer,513
WATTSA,User,Alan Watts,,,Microsoft Consultant,513
WATTSD,User,Derek Watts,\\casu98264\wattsd,\\casu98264\profile$\wattsd,Prison Officer - Casuarina,513
WATTSP,User,Peter Watts,,\\mojopasrv001\data\profiles\wattsp,Guardian,513
WATTSS,User,Stephanie Watts,,,Court Officer,513
WAUCHOPM,User,Margaret Wauchope,\\midc98212\WauchopM,\\midc98212\profile$\WauchopM,Manager,513
WAUGHC,User,Celia Waugh,,,Senior Court Officer,513
WAYR,User,Roy Way,\\cann98265\WayR,\\cann98265\profile$\WayR,A/Cashier,513
WEAVERR,User,Rose Weaver,\\mojnyasrv01\weaverr,\\mojnyasrv01\profile$\weaverr,Senior Officer,513
WEBBC,User,Chris Webb,,,ISD,513
WEBBERR,User,Ross Webber,\\lawc98204\webberr,\\lawc98204\profile$\webberr,Central Law Courts SCCO,513
WEBBP,User,Philip Webb,\\WSQ98263\WebbP,\\WSQ98263\profile$\WebbP,Systems Architect,513
WEBBR,User,Roger Webb,\\RANJ98224\data\users\WebbR,\\RANJ98224\data\profiles\WebbR,Group Worker,513
WEBSTERB,User,Barbara Webster,,\\moj141srv001\data\profiles\websterb,HR Consultant,513
WEBSTERD,User,Don Webster,\\roec98206\WebsterD,\\roec98206\profile$\WebsterD,Manager,513
WEBSTERL,User,Linda Webster,,,Admin Co-ord WSQ,513
WEBSTERT,User,Terrence Webster,\\karn98218\WebsterT,\\karn98218\profile$\WebsterT,Prison Officer - Karnet,513
WEEW,User,William Wee,\\MOJ141SRV001\data\users\WeeW,\\MOJ141SRV001\data\profiles\WeeW,Budget Analyst,513
WELDONM,User,Mark Weldon,\\casu98264\weldonm,\\casu98264\profile$\weldonm,Prison Officer,513
WELLERK,User,Kerrie Weller,\\WSQ98263\wellerk,\\WSQ98263\Profile$\wellerk,Officer Offender Community Based Team WSQ 12,513
WELLINGL,User,Lance Wellington,\\casu98264\wellingl,\\casu98264\profile$\wellingl,Prison Officer,513
WELLMAND,User,Dean Wellman,\\GREE98261\wellmand,\\GREE98261\profile$\wellmand,Greenough Prison Activities Officer,513
WELLSA,User,Annette Wells,,,OM JJ_CB,513
WELLSJ,User,John Wells,,,Concept Consultant,513
WELLSK,User,Ken Wells,\\banj98227\WellsK,\\banj98227\profile$\WellsK,Software Consultant,513
WELLSR,User,Rosalie Wells,,\\moj141srv001\data\profiles\wellsr,Receptionist - Human Resources,513
WELLSW,User,Wendy Wells,\\perc95846\wellsw,\\perc95846\profile$\wellsw,Milligan CBS Clerical Officer,513
WELSBYS,User,Stephen Welsby,\\casu98264\welsbys,\\casu98264\profile$\welsbys,Industrial Officer,513
WERJUTIP,User,Pamela Werjutina,\\casu98264\werjutip,\\casu98264\profile$\werjutip,Prison Officer,513
WERNHAMM,User,Mel Wernham,\\cann98265\WernhamM,\\cann98265\profile$\WernhamM,Prison Officer,513
WESLEYS,User,Sue Wesley,\\casu98264\wesleys,\\casu98264\profile$\wesleys,Health Officer,513
WESTE,User,Ed West,,,Finance,513
WESTJ,User,James West,,,CSC Systems Engineer,66049
WESTLAKH,User,Heidi Westlake,\\band98268\westlakh,\\band98268\profile$\westlakh,Nursing,513
WESTLUNG,User,Georgina Westlund,,\\mojopasrv001\data\profiles\westlung,Public Affairs Manager,513
WESTM,User,Mike West,,,Redundant JJ Broome,513
WESTMA,User,Malcolm West,,,JJD JJ Officer,513
WESTMI,User,Michael West,\\broc98203\WestMi,\\broc98203\profile$\WestMi,SJJO,513
WESTOND,User,Diane Weston,\\casu98264\westond,\\casu98264\profile$\westond,Prison Officer,513
WESTP,User,Phillip West,\\cann98265\westp,\\cann98265\profile$\westp,Prison officer,513
WESTR,User,Rebecca West,,\\moj141srv001\data\profiles\westr,Senior Policy Officer,513
WESTS,User,Shane West,,,Information Officer,513
WFPROFILE,User,Work Flow Profile,,,Intranet setup,66049
WHALENR,User,Rachel Whalen,,,Snr Court Officer,513
WHALLEYA,User,Angela Whalley,\\casu98264\whalleya,\\casu98264\profile$\whalleya,Prison Officer,513
WHEADONRO,User,Ronald Wheadon,\\rocc98222\WheadonRo,\\rocc98222\profile$\WheadonRo,SJJO,513
WHEELEME,User,Merilyn Wheeler,,,FER,513
WHEELERM,User,Michael Wheeler,,,Magistrate,66049
WHEELERP,User,Pamela Wheeler,\\kalc98221\wheelerp,\\kalc98221\profile$\wheelerp,Clerical Officer,513
WHINNENE,User,Erica Whinnen,\\alba98266\whinnene,\\alba98266\profile$\whinnene,Registered Nurse,513
WHITAKERJ,User,Joy Whitaker,,\\clc95896\whitakerj,Referee,66049
WHITBYJ,User,John Whitby,\\ROEB98205\WhitbyJ,\\ROEB98205\profile$\WhitbyJ,Prison Officer,513
WHITBYL,User,Leonie Whitby,\\GREE98261\whitbyl,\\GREE98261\profile$\whitbyl,Greenough Prison Prison Officer,513
WHITEB,User,Bruce White,\\cann98265\WhiteB,\\cann98265\profile$\WhiteB,FCPO,513
WHITED,User,David White,\\cann98265\whited,\\cann98265\profile$\whited,Prison Officer - Hakea,513
WHITEG,User,Geoff White,\\rive_res\whiteg,\\rive_res\profile$\whiteg,Riverbank Prison - Senior Officer,513
WHITEHAC,User,Carole Whitehall,\\woor98267\whitehac,\\woor98267\profile$\whitehac,Clerk,513
WHITEHEA,User,Andrew Whitehead,\\GREE98261\whitehea,\\GREE98261\profile$\whitehea,Greenough Prison Officer - Disabled 12/12/2000,513
WHITEHOK,User,Keith Whitehouse,,,CSO Records,513
WHITEJ,User,Juanita White,\\cann98265\whitej,\\cann98265\profile$\whitej,Medical Records Officer,513
WHITELYM,User,Malcolm Whitelym,,,Magistrates,66049
WHITEM,User,Meg White,\\gree98261\whitem,\\gree98261\profile$\whitem,Clinical Nurse,513
WHITEP,User,Paula White,\\band98268\whitep,\\band98268\profile$\whitep,Prison Officer - Bandyup,513
WHITEQ,User,Quentin White,,\\moj141srv001\data\profiles\whiteq,HR Policy,513
WHITER,User,Ronald White,\\eago98223\WhiteR,\\eago98223\profile$\WhiteR,Industrial Officer,513
WHITNEYB,User,Bob Whitney,\\moj141srv001\data\users\WhitneyB,\\moj141srv001\data\profiles\whitneyb,Project Manager,513
WHITTEMC,User,Carly Whittemore,\\CLC95896\data\users\WhittemC,\\CLC95896\data$\roaming\WhittemC,court officer,513
WHITTINA,User,Annette Whittingham,,\\mojfcsrv001\data\profiles\WhittinA,Family Court Projects,513
WHITTING,User,Graham Whittington,\\alba98266\whitting,\\alba98266\profile$\whitting,FCPO,513
WHITTRES,User,Stephen Whittred,\\jardomddig1\whittres,\\jardomddig1\profile$\whittres,Hospital Officer,513
WHITTYV,User,Vince Whitty,\\cann98265\WhittyV,\\cann98265\profile$\WhittyV,Prison Officer - disabled 27/6/01,515
WHYATTG,User,Gail Whyatt,\\GREE98261\whyattg,\\GREE98261\profile$\whyattg,Greenough Prison Receptionist,513
WHYTEP,User,Phil Whyte,,,Manager Executive Support,513
WICARDYJ,User,Joe Wicardy,,,Amcon Contractor,513
WICKSD,User,David Wicks,\\banj98227\wicksd,\\banj98227\profile$\wicksd,Group Worker,513
WICKSG,User,Gary Wicks,\\cann98265\WicksG,\\cann98265\profile$\WicksG,Industrial Officer - Hakea,513
WICKSK,User,Kelly Wicks,\\RANJ98224\NicksK,\\RANJ98224\profile$\NicksK,Registered Nurse,513
WIELGOMJ,User,Jodie Wielgomasz,\\roec98206\wielgomj,\\roec98206\profile$\wielgomj,Work Order Officer - Roebourne CBS,513
WIGGERML,User,Lena Wiggerman,\\MOJ141SRV001\data\users\WiggermL,\\MOJ141SRV001\data\profiles\WiggermL,ISD Contractor,513
WIGGK,User,Kevin Wigg,,,JJD JJ Officer,513
WIGHTR,User,Rebecca Wight,,,Court Officer,513
WIGNALLS,User,Shirley Wignall,,,Court Officer,513
WILCOXK,User,Kirsty Wilcox,\\BUNB98262\WilcoxK,\\BUNB98262\profile$\WilcoxK,Receptionist,513
WILCOXS,User,Sue Wilcox,\\bunb98262\wilcoxs,\\bunb98262\profile$\wilcoxs,Nurse,513
WILDEC,User,Coral Wilde,\\CASU98264\WildeC,\\CASU98264\profile$\WildeC,Admin/Clerk,513
WILDES,User,Susan Wilde,,,Kununurra Officer 9168 1011,513
WILDINGD,User,Dave Wilding,\\cann98265\WildingD,\\cann98265\profile$\WildingD,A/ASPR,515
WILFORDPTOMS,User,Paul WILFORD,\\wsq98263\wilfordptoms,\\wsq98263\profile$\wilfordptoms,TOMS test account,515
WILKENS,User,Sharon Wilken,,\\midlcrtibm1\wilkens,Court Officer,513
WILKINS,User,Shane Wilkinson,,,Karatha Court,513
WILKINSJ,User,Julie Wilkinson,,\\clc95896\wilkinsj,Manager Court Records,513
WILKINSR,User,Renee Wilkinson,,\\moj141srv001\data\profiles\WilkinsR,Public Affairs Officer,513
WILKINSS,User,Stuart Wilkinson,,,DPP,66049
WILKINSSC,User,Scott Wilkinson,\\MOJ141SRV001\data\users\WilkinsSc,\\MOJ141SRV001\data\profiles\WilkinsSc,Contractor - Internal audit,513
WILKINST,User,Tricia Wilkinson,\\ranj98224\wilkinst,\\ranj98224\profile$\wilkinst,Group Worker - Rangeview,513
WILKISST,User,Stuart Wilkinson,\\casu98264\wilkisst,\\casu98264\profile$\wilkisst,Prison Officer - Casu,513
WILLANSC,User,Claire Willans,\\rocc98222\WillansC,\\rocc98222\profile$\WillansC,CCO,513
WILLIAAL,User,Alan Williams,,\\mojfcsrv001\data\profiles\williaal,Systems Analyst,513
WILLIABR,User,Brian Williams,\\woor98267\WilliaBr,\\woor98267\profile$\WilliaBr,Industrial Officer - Wooroloo,513
WILLIADE,User,Denise Williams,\\bunb98262\williade,\\bunb98262\profile$\williade,Clinical Nurse,513
WILLIADG,User,David Williams,\\BAND98268\Williadg,\\BAND98268\profile$\Williadg,Cook Instructer,513
WILLIAJEN,User,Jenny Williams,\\MOJVPPSRV01\WilliaJen,\\MOJVPPSRV01\profile$\WilliaJen,Aboriginal Support Worker,513
WILLIAJO,User,John Williams,,,Records Officer,513
WILLIAJOA,User,Joanne williams,\\moj141srv001\data\users\WilliaJoa,\\moj141srv001\data\profiles\WilliaJoa,Consultant - Service Procurement,513
WILLIAKY,User,Kylie Williams,\\clc95986\williaky$,\\clc95896\williaky,A/Supervising Court Officer,513
WILLIAMBR,User,Brian Williams,\\bunb98262\WilliamBr,\\bunb98262\profile$\WilliamBr,ASPRO,513
WILLIAMC,User,Cheryl Williams,\\band98268\williamc,\\band98268\profile$\williamc,Prison Officer ,513
WILLIAMCL,User,Clive Williams,\\cann98265\WilliamCl,\\cann98265\profile$\WilliamCl,Prison Officer,513
WILLIAMD,User,Douglas Williamson,\\casu98264\williamd,\\casu98264\profile$\williamd,Prison Officer - Casuarina,513
WILLIAMDA,User,Gareth Williams,\\band98268\williamda,\\band98268\profile$\williamda,Industrial Officer,513
WILLIAMDO,User,Donald Williams,\\cann98265\WilliamDo,\\cann98265\profile$\WilliamDo,FCPO, Canning Vale,513
WILLIAMG,User,Graham Williams,\\milligansrv\williamg,\\milligansrv\profile$\williamg,Milligan CBS Clerical Officer,513
WILLIAMGR,User,Graham Williams,\\cann98265\WilliamGr,\\cann98265\profile$\WilliamGr,Senior Officer,513
WILLIAMJ,User,John Williams,\\FREC98207\williamj,\\FREC98207\profile$\williamj,Fremantle  CCO,513
WILLIAMJE,User,Jeanette Williams,\\MOJ141SRV001\data\users\WilliamJe,\\MOJ141SRV001\data\profiles\WilliamJe,Aboriginal Liason Officer,513
WILLIAMJO,User,John Williams,\\cann98265\WilliamJo,\\cann98265\profile$\WilliamJo,Prison Officer,513
WILLIAMJOH,User,John Williamson,\\roeb98205\WilliamJoh,\\roeb98205\profile$\WilliamJoh,Senior Officer,513
WILLIAMK,User,Kenneth Williamson,\\casu98264\williamk,\\casu98264\profile$\williamk,Prison Officer,513
WILLIAML,User,Lyn Williamson,\\GREE98261\williaml,\\GREE98261\profile$\williaml,Greenough Prison Prison Officer,513
WILLIAMM,User,Maria Williams,,\\clc95896\williamm,Court Officer - Perth,513
WILLIAMME,User,Megan Williams,,\\mojbjcsrv01\williamme,Court Officer,513
WILLIAMS,User,Sandy Williams,,,PCO,513
WILLIAMSA,User,Joanne Williams,\\moj141srv001\data\users\WilliamsA,\\moj141srv001\data\profiles\WilliamsA,Consultant - Service Procurement,513
WILLIAMSB,User,Bill Williamson,\\mojvppsrv01\williamsb,\\mojvppsrv01\profile$\williamsb,Vic Park JJT,513
WILLIAMSJ,User,Joanne Williams,\\moj141srv001\data\users\WilliamsJ,\\moj141srv001\data\profiles\WilliamsJ,Service Procurement,513
WILLIAMT,User,Trina Williamson,,\\moj141srv001\data\profiles\williamt,3rd Floor Finance, Sundry Debtor, x1238,513
WILLIAMTA,User,Tanya Williams,\\ranj98224\WilliamTA,\\ranj98224\profile$\WilliamTA,Aboriginal W/Fare,513
WILLIAMTAC,User,Tracy Williams,,\\clc95896\williamtac,Court Officer,513
WILLIAMTO,User,Tony Williams,\\cann98265\williamto,\\cann98265\profile$\williamto,Prison Officer,513
WILLIAMV,User,Valerie Williamson,,,Records,513
WILLIAPA,User,Paula Williamson,\\band98268\williapa,\\band98268\profile$\williapa,Prison Officer,513
WILLIATE,User,Terrence Williamson,,\\midlcrtibm1\williate,A/Asst Clerk of the Court,513
WILLIMAK,User,Kurt Williman,\\karn98218\WillimaK,\\karn98218\profile$\WillimaK,Industrial Officer,513
WILLIMAR,User,Mark Williams,\\cann98265\willimar,\\cann98265\profile$\willimar,Prison Officer,513
WILLINGV,User,Vicki Willing,\\jardomddig1\willingv,\\jardomddig1\profile$\willingv,Project Officer,513
WILLISG,User,Genevieve Willis,\\casu98264\willisg,\\casu98264\profile$\willisg,Psychologist - FCMT,513
WILLISL,User,Lynda Willis,\\wsq98263\willisl,\\wsq98263\profile$\willisl,Joondalup CBS User,513
WILLISOD,User,Diane Willison,\\eago98223\WillisoD,\\eago98223\profile$\WillisoD,Prison Officer,515
WILLISOM,User,Michael Willison,\\casu98264\willisom,\\casu98264\profile$\willisom,FCPO,513
WILLISR,User,Rick Willis,\\cann98265\WillisR,\\cann98265\profile$\WillisR,Prison Officer,513
WILLSG,User,Greg Wills,\\cann98265\WillsG,\\cann98265\profile$\WillsG,Senior Officer,513
WILMOTT,User,Tony Wilmott,\\moj141srv001\data\users\Wilmott,\\moj141srv001\data\profiles\Wilmott,SBS,513
WILSONB,User,Bob Wilson,\\wsq98263\wilsonb,\\wsq98263\profiles$\wilsonb,Health Services,513
WILSONBR,User,Brian Wilson,\\roeb98205\wilsonbr,\\roeb98205\Profile$\wilsonbr,Senior Officer,513
WILSONC,User,Chris Wilson,,,Corporate Services 3rd Floor,513
WILSOND,User,Darren Wilson,\\bunb98262\wilsond,\\bunb98262\profile$\wilsond,Probationery Prison Officer - Disabled 12/12/200,513
WILSONE,User,Edie Wilson,,\\MOJ141SRV001\data\profiles\WilsonE,Personnel Services Offices,513
WILSONF,User,Frederick Wilson,\\cann98265\WilsonF,\\cann98265\profile$\WilsonF,AS Sec. Mgmt,513
WILSONFI,User,Fiona Wilson,\\eago98223\wilsonfi,\\eago98223\profile$\wilsonfi,Prison Officer - Eastern Goldfields,513
WILSONI,User,Ian Wilson,\\alba98266\wilsoni,\\alba98266\profile$\wilsoni,Prison Officer,513
WILSONJ,User,John Rylott Wilson,,\\clc95896\wilsonj,Assistant Manager,513
WILSONK,User,Kay Wilson,,\\moj141srv001\data\profiles\wilsonk,Administrative Assistant,513
WILSONKA,User,Kate Wilson,,,Court Officer Geraldton,513
WILSONP,User,Peter Wilson,,,HR Training,513
WILSONPA,User,Patrick Wilson,,\\frec98207\wilsonpa,Senior Court Officer,513
WILSONR,User,Ross Wilson,\\GREE98261\wilsonr,\\GREE98261\profile$\wilsonr,Greenough Prison Prison Officer,513
WILSONRO,User,Rod Wilson,,\\moj141srv001\data\profiles\wilsonro,Career Transition Consultant,513
WILSONS,User,Steven Wilson,,,Magistrate,513
WILTSHIM,User,Matthew Wiltshire,\\cann98265\WiltshiM,\\cann98265\Profile$\WiltshiM,Hospital Officer,513
WILTSHIR,User,Renee Wiltshire,,\\clc95896\wiltshir,A/Computer Traning Officer,513
WINGERTP,User,Patrick Wingert,\\mojnyasrv01\WingertP,\\mojnyasrv01\profile$\WingertP,Instructor,513
WINKLESP,User,Peter Winkles,\\casu98264\winklesp,\\casu98264\profile$\winklesp,Prison Officer,513
WINNEYG,User,Glenda Winney,\\perc95846\winneyg,\\perc95846\profile$\winneyg,Senior Program Officer,513
WINTONP,User,Pamlia Winton,,\\MOJGABSRV01\profile$\WintonP,Review Officer,513
WISEH,User,Hollie Wise,,\\mojfcsrv001\data\profiles\wiseh,Records Officer,513
WISHARTM,User,Mike Wishart,\\cann98265\WishartM,\\cann98265\profile$\WishartM,Prison Officer,513
WISSES,User,Stephen Wisse,\\cann98265\wisses,\\cann98265\profile$\wisses,Prison Officer,513
WITHERSP,User,Peter Withers,,,CSO Records,513
WITHERSS,User,Stephanie Withers,,\\MOJ141SRV001\data\profiles\WithersS,Director Human Resources,513
WITSCHGR,User,Rebecca Witschge,,,CSO Records,513
WOLFJ,User,Jonathan Wolf,\\perc95846\wolfj,\\perc95846\profile$\wolfj,Milligan CBS Clerical Officer,513
WONGY,User,Yu-Jin Wong,\\PERC95846\WongY,\\PERC95846\profile$\WongY,Student C.C.O,513
WOODC,User,Carol Wood,,,ISD Manager Planning and Information,513
WOODCOCP,User,Pamela Woodcock,\\kalc98221\WoodcocP,\\kalc98221\profile$\WoodcocP,Admin Assistant,513
WOODCOCR,User,Robert Woodcock,\\eago98223\WoodcocR,\\eago98223\profile$\WoodcocR,ASOS,513
WOODD,User,Dave Wood,\\rive_res\woodd,\\rive_res\profile$\woodd,Riverbank Prison Officer,513
WOODG,User,Gaynor Wood,,\\clc95896\woodg,Court Officer,513
WOODJ,User,Jim Wood,\\cann98265\WoodJ,\\cann98265\profile$\WoodJ,Prison Officer,513
WOODK,User,Keith Wood,,\\moj141srv001\data\profiles\woodk,ISD IMB Project Manager,513
WOODKE,User,Kelly Wood,,\\mojfcsrv001\data\profiles\WoodKe,Customer Service Officer,513
WOODL,User,Libby Wood,,,Magistrate,66113
WOODLANC,User,Carol Woodland,\\CASU98264\WoodlanC,\\CASU98264\profile$\WoodlanC,Prison Officer ,513
WOODM,User,Maxine Wood,,,Associate,513
WOODMA,User,Mark Wood,\\alba98266\woodma,\\alba98266\profile$\woodma,Prison Officer,513
WOODMI,User,Micheal Wood,\\banj98227\woodmi,\\banj98227\profile$\woodmi,Transport Officer,513
WOODR,User,Ross Wood,,,ISD Manager Technical Infrastructure,513
WOODRUFB,User,,,,,513
WOODSG,User,Gary Woods,\\alba98266\woodsg,\\alba98266\profile$\woodsg,Prison Officer,513
WOODSJ,User,Joy Woods,\\mojnyasrv01\WoodsJ,\\mojnyasrv01\profile$\WoodsJ,Prison Officer - Nyandi,513
WOODSJU,User,Julie Woods,\\MOJ141SRV001\data\users\WoodsJu,\\MOJ141SRV001\data\profiles\WoodsJu,Project Officer,513
WOODSK,User,Karen Woods,\\GREE98261\WoodsK,\\GREE98261\profile$\WoodsK,Reception Officer,513
WOODSKA,User,Kathleen Woods,\\CLC95896\private$\WoodsKa,\\CLC95896\roaming$\WoodsKa,Project Officer,513
WOODSL,User,Louisa Woods,,,Mandurah Court,513
WOODSLI,User,Libby Woods,,,Magistrate,66049
WOODSP,User,Phillip Woods,\\gree98261\WoodsP,\\gree98261\profile$\WoodsP,Prison Officer,513
WOODSR,User,Robert Woods,\\ranj98224\WoodsR,\\ranj98224\profile$\WoodsR,Group Worker,513
WOODV,User,Veronica Wood,,\\ccou98209\woodv,Judges Secretary,513
WOODWARM,User,Mary Woodward,,,JJD JJ Officer,513
WOODWARMA,User,Mary Woodward,\\ranj98224\woodwarma,\\ranj98224\profile$\woodwarma,Clerical Officer - Rangeview,513
WOOLLERB,User,Brian Woller,\\jooc98201\wollerbr,\\jooc98201\profile$\wollerbr,Manager,513
WOOLLEYJ,User,Jackie Woolley,,\\moj141srv001\data\profiles\woolleyj,HR Workers Comp,513
WOOROLOO,User,Internet machine,,,Wooroloo Prison Project,66049
WORTHJ,User,John Worth,\\clc95896\worthj$,\\clc95896\worthj,Registry Manager,513
WOTHERSF,User,Fiona Wotherspoon,\\broo98202\WothersF,\\broo98202\profile$\WothersF,Nurse Manager,513
WOVODICR,User,Rodney Wovodich,\\broo98202\WovodicR,\\broo98202\profile$\WovodicR,Prison Officer,513
WRAIGHTV,User,vanessa wraight,\\CASU98264\wraightv,\\CASU98264\profile$\wraightv,Education Officer,513
WRAIGHTW,User,Wendy Wraight,\\woor98267\WraightW,\\woor98267\profile$\WraightW,Industrial Officer,513
WRAYA,User,Alison Wray,\\bunc98216\wraya,\\bunc98216\profile$\wraya,CCO,513
WRAYG,User,Geoff Wray,,\\MOJ141SRV001\data\profiles\WrayG,Contractor - Solution 6,513
WRIGHTD,User,Doug Wright,\\bunb98262\WrightD,\\bunb98262\profile$\WrightD,Prison Officer,513
WRIGHTDA,User,Dawn Wright,,,Asst State Coroner,513
WRIGHTK,User,Kerrie Wright,,\\moj141srv001\data\profiles\wrightk,Finance Cashier/Reception,513
WRIGHTL,User,Laurence Wright,,,A/Manager Systems Planning,513
WRIGHTM,User,Mike Wright,\\bunb98262\wrightm,\\bunb98262\profile$\wrightm,Probationery Prison Officer,513
WRIGHTV,User,Veronica Wright,\\porc500036\WrightV,\\porc500036\profile$\WrightV,Senior Court Officer,513
WYATTC,User,Catherine Wyatt,\\alba98266\wyattc,\\alba98266\profile$\wyattc,Nurse - disabled 18/06/01,515
WYLIEA,User,Anna Wylie,\\clc96896\wyliea$,\\clc95986\wyliea,Court Officer,513
WYNNEM,User,Merle Wynne,,\\moj141srv001\data\profiles\wynnem,Financial Planning,513
WYNNEMA,User,Malcolm Wynne,\\msu98213\WynneMA,\\msu98213\profile$\WynneMA,Prison Officer,513
YAFA,User,Adrian Yaf,,\\MOJ141SRV001\data\profiles\YafA,Consultant - Concept Systems,513
YAGMICHB,User,Brett Yagmich,\\cann98265\YagmichB,\\cann98265\profile$\YagmichB,Prison Officer,513
YAGMICHW,User,Wally Yagmich,\\alba98266\yagmichw,\\alba98266\profile$\yagmichw,Prison Officer,513
YARDLEYP,User,Peter Yardley,\\karn98218\YardleyP,\\karn98218\profile$\YardleyP,Senior Officer,513
YARDLEYR,User,Richard Yardley,\\woor98267\YardleyR,\\woor98267\profile$\YardleyR,Senior Officer,513
YATESM,User,Mary Yates,\\banj98227\yatesm,\\banj98227\profile$\yatesm,Group Worker,513
YAVUC,User,Cheri Yavu-Kama-Harathunian,\\perc95846\yavuc,\\perc95846\profile$\yavuc,Perth CBS program Officer,513
YAVUS,User,Sakenarsa Yavu-Kama,\\band98268\yavus,\\band98268\profile$\yavus,Prison Officer,513
YAZMADJC,User,Carla Yazmadjian,\\MOJ141SRV001\data\users\YazmadjC,\\MOJ141SRV001\data\profiles\YazmadjC,Law Reform Commission Staff,513
YEARWOOB,User,Brian Yearwood,\\moj141srv001\data\users\yearwoob,,Manager Business Improvement,513
YEEA,User,Arthur Yee,\\MOJ141SRV001\data\users\LeeA,\\MOJ141SRV001\data\profiles\LeeA,Consultant - Aurora,513
YENDELLD,User,David Yendell,\\albc98211\Yendelld,\\albc98211\profile$\Yendelld,CCO,513
YEOHP,User,Philip Yeoh,,,CSC - Systems Support Analyst,513
YEOMAND,User,Dennis Yeoman,\\woor98267\YeomanD,\\woor98267\profile$\YeomanD,IO Carpenter,513
YESURATV,User,Victor Yesuratnam,\\jardomddig1\yesuratv,\\jardomddig1\profile$\yesuratv,Records Officer - Jardine,513
YONGS,User,Suzanne Yong,,\\clc95896\yongs,Acting Personal Secretary,513
YOUNGD,User,Dave Young,,\\moj141srv001\data\profiles\youngd,ISD FOI Records,513
YOUNGM,User,Melanie Young,\\ccou98209\YoungM$,\\ccou98209\youngm,Library Assistant,513
YOUNGS,User,Stuart Young,\\alba98266\youngs,\\alba98266\profile$\youngs,Prison Officer,513
YOUNGSH,User,Shane Young,\\casu98264\youngsh,\\casu98264\profile$\youngsh,Prison Officer,513
YUG,User,Geraldine Yu,\\perc95846\yug,\\perc95846\profile$\yug,Milligan CBS Admin. Officer,513
YURYEVIJ,User,Joanne Yuryevich,,,Court Officer,513
Z_BACKUPEXEC,User,Backup Exec Service Account,,,Exchange Server Backup Exec Installations 06/00,66049
Z_HOPEW,User,Wayne Hope,,,CSC SOE Project Team Leader,515
Z_HUNTERG,User,Geoff Hunter,,,Admin User,515
Z_LATKOVICM,User,Michael Latkovic,,,SOE ADMIN ACCOUNT,515
Z_RILEYS,User,Steven Riley Admin A/c,,,Application Sampler,515
Z_SOEDIST,User,Console Access for Dist. Points - James West,\\moj141srv001\z_soeinst$,,DO NOT MODIFY (INC PASSWORD),66113
Z_SOEINST,User,SOE BUILD ONLY ACCOUNT - Brett Craven,,,DO NOT MODIFY (INC PASSWORD),513
Z_SOEJOIN,User,SOE Workstation Build Acct,,,Please do not modify,66115
ZANM,User,Melanie Zan,\\mojvppsrv01\zanm,\\mojvppsrv01\profile$\zanm,Policy Coordinator,513
ZAPELLIT,User,Terry Zapelli,\\bunb98262\ZapelliT,\\bunb98262\profile$\ZapelliT,FCPO,513
ZAPPELLM,User,Michael Zappelli,\\cann98265\zappellm,\\cann98265\profile$\zappellm,Hakea Prison Senior Officer,513
ZAPPELLMA,User,Mark Zappelli,\\cann98265\ZappellMa,\\cann98265\profile$\ZappellMa,Senior Officer, CW Remand Centre,513
ZAPPELLP,User,Peter Zappelli,\\cann98265\zappellp,\\cann98265\profile$\zappellp,Prison Officer - Training Specialist Services,513
ZATELLAB,User,Barry Zatella,,,CSO Records,513
ZAUCHL,User,Lynn Zauch,\\KILL98208\ZauchL,\\KILL98208\profile$\ZauchL,Student,513
ZIELINSH,User,Helen Zielinski,\\WOOR98267\ZielinsH,\\WOOR98267\profile$\ZielinsH,Education Officer,513
ZIMMERG,User,Geoff Zimmer,,,Finance,513
ZIMMERMD,User,Don Zimmerman,,,Regional Counsellor VSS - Northam,513
ZINELLAK,User,Kylie Zinella,\\jardomddig1\zinellak,\\jardomddig1\Profile$\zinellak,Officer Data Integrity - Jardine,513
ZOUCHA,User,Adrian Zouch,\\cann98265\ZouchA,\\cann98265\profile$\ZouchA,Senior Officer,513
ZSCHERPS,User,Shane Zscherpel,\\casu98264\zscherps,\\casu98264\profile$\zscherps,Prison Officer,513
ZUMBUHLF,User,Francis Zumbuhl,\\MOJ141SRV001\data\users\ZumbuhlF,\\MOJ141SRV001\data\profiles\ZumbuhlF,Manager Budget and Planning,513
ZUPANOVV,User,Vinka Zupanovich,,\\MOJ141SRV001\data\profiles\ZupanovV,Employee Relations Manager,513
ZYBEKS,User,Simon Zybek,,,Contractor - Spherion,513
