Computer Name,Comment,Type,Domain
100040-AFH,,<unknown>,OMPERTH
100042-AFH,,<unknown>,OMPERTH
100042-AFH,,<unknown>,JARDINE
101014-ISD,,<unknown>,CORP_SERVICES
101083-BUN,,<unknown>,LOCAL_COURT
101087-BUS,,<unknown>,LOCAL_COURT
101089-MNJ,,<unknown>,LOCAL_COURT
101090-MNJ,,<unknown>,LOCAL_COURT
101091-BUN,,<unknown>,LOCAL_COURT
101092-COL,,<unknown>,LOCAL_COURT
101093-BUN,,<unknown>,LOCAL_COURT
101095-COL,,<unknown>,LOCAL_COURT
101096-CCT,,<unknown>,OMPERTH
101097-BUS,,<unknown>,LOCAL_COURT
101102,,<unknown>,OMPERTH
101114-LRC,,<unknown>,CORP_SERVICES
101117-LRC,,<unknown>,CORP_SERVICES
101152-WSQ,,<unknown>,CORP_SERVICES
101158-APS,,<unknown>,CORP_SERVICES
101163-APS,,<unknown>,CORP_SERVICES
101164-CWS,,<unknown>,VSS
101164-CWS,,<unknown>,MOJ_MASTER
101164-CWS,,<unknown>,LOCAL_COURT
101166,,<unknown>,MOJ_MASTER
101170-CCT,,<unknown>,LOCAL_COURT
101174-BUS,,<unknown>,LOCAL_COURT
101177,,<unknown>,MOJ_MASTER
101180-ISD,,<unknown>,CORP_SERVICES
101181-CCT,,<unknown>,LOCAL_COURT
101184-PAF,,<unknown>,CORP_SERVICES
101185-HRS,,<unknown>,CORP_SERVICES
101187-FIN,,<unknown>,CORP_SERVICES
101187FIN,,<unknown>,CORP_SERVICES
101188-FIN,,<unknown>,CORP_SERVICES
101188FIN,,<unknown>,CORP_SERVICES
101189-FIN,,<unknown>,CORP_SERVICES
101189FIN,,<unknown>,CORP_SERVICES
101190-OPA,,<unknown>,CORP_SERVICES
101192-CON,,<unknown>,CORP_SERVICES
101193-CON,,<unknown>,CORP_SERVICES
101213-CLC,,<unknown>,CORP_SERVICES
101250-MHC,,<unknown>,LOCAL_COURT
101251-MHC,,<unknown>,LOCAL_COURT
101252-CLC,,<unknown>,LOCAL_COURT
101252-MHC,,<unknown>,MOJ_MASTER
101252-MHC,,<unknown>,LOCAL_COURT
101254-LIB,,<unknown>,CORP_SERVICES
101264-CON,,<unknown>,CORP_SERVICES
101265-CON,,<unknown>,CORP_SERVICES
101266-CON,,<unknown>,CORP_SERVICES
101268-HRS,,<unknown>,CORP_SERVICES
101269-HRS,,<unknown>,CORP_SERVICES
101274-POL,,<unknown>,CORP_SERVICES
101275-JAR,,<unknown>,JARDINE
101299,,<unknown>,MOJ_MASTER
101302-HRS,,<unknown>,CORP_SERVICES
101303-HRS,,<unknown>,CORP_SERVICES
101305-MAYH,,<unknown>,CORP_SERVICES
101306-clc,,<unknown>,LOCAL_COURT
101306-CLC,,<unknown>,CORP_SERVICES
101307-small,,<unknown>,CORP_SERVICES
101308-broo,,<unknown>,MOJ_MASTER
101308-broo,,<unknown>,CORP_SERVICES
101312-CLC,,<unknown>,CORP_SERVICES
101318-CLC,,<unknown>,LOCAL_COURT
101318-clc,,<unknown>,CORP_SERVICES
101318-MAG,,<unknown>,MOJ_MASTER
101320-clc,,<unknown>,CORP_SERVICES
101320-mid,,<unknown>,CORP_SERVICES
101322-WORK,,<unknown>,CORP_SERVICES
101324-kal,,<unknown>,CORP_SERVICES
101324-MAG,,<unknown>,MOJ_MASTER
101324-MAG,,<unknown>,LOCAL_COURT
101325-clc,,<unknown>,LOCAL_COURT
101325-mhc,,<unknown>,CORP_SERVICES
101327-CORC,,<unknown>,CORP_SERVICES
101328-porh,,<unknown>,LOCAL_COURT
101328-porh,,<unknown>,CORP_SERVICES
101329-clc,,<unknown>,MOJ_MASTER
101329-clc,,<unknown>,CORP_SERVICES
101331-ARM,,<unknown>,LOCAL_COURT
101331-arm,,<unknown>,CORP_SERVICES
101332-clc,,<unknown>,CORP_SERVICES
101334-gera,,<unknown>,CORP_SERVICES
101335-CLC,,<unknown>,MOJ_MASTER
101335-clc,,<unknown>,CORP_SERVICES
101336-rock,,<unknown>,CORP_SERVICES
101338-HRS,,<unknown>,CORP_SERVICES
101338-ORG,,<unknown>,CORP_SERVICES
101347-CWS,,<unknown>,OMPERTH
101347-CWS,,<unknown>,CORP_SERVICES
101349-clc,,<unknown>,CORP_SERVICES
1013589-SOM,,<unknown>,CORP_SERVICES
101359-HRS,,<unknown>,CORP_SERVICES
101363-FIN,,<unknown>,CORP_SERVICES
101370-vss,,<unknown>,MOJ_MASTER
101371-kal,,<unknown>,MOJ_MASTER
101371-kal,,<unknown>,CORP_SERVICES
101372-clc,,<unknown>,CORP_SERVICES
101374-pal,,<unknown>,CORP_SERVICES
101375-crt,,<unknown>,LOCAL_COURT
101375-crt,,<unknown>,CORP_SERVICES
101376-CA,,<unknown>,CORP_SERVICES
101376-CAR,,<unknown>,LOCAL_COURT
101376-CAR,,<unknown>,CORP_SERVICES
101376-CLC,,<unknown>,CORP_SERVICES
101384-MILL,,<unknown>,CORP_SERVICES
101384-OMD,,<unknown>,CORP_SERVICES
101409-TCI,,<unknown>,LOCAL_COURT
101410-CST,,<unknown>,LOCAL_COURT
101412-TCI,,<unknown>,LOCAL_COURT
101419-HRS,,<unknown>,CORP_SERVICES
101484-FIN,,<unknown>,CORP_SERVICES
101485-FIN,,<unknown>,CORP_SERVICES
101486-FIN,,<unknown>,CORP_SERVICES
101492-PAL,,<unknown>,CORP_SERVICES
101514,,<unknown>,CORP_SERVICES
101515-HRS,,<unknown>,CORP_SERVICES
101522,,<unknown>,MOJ_MASTER
101530-mhc,,<unknown>,LOCAL_COURT
101531-clc,,<unknown>,LOCAL_COURT
101532-clc,,<unknown>,LOCAL_COURT
101546-fct,,<unknown>,CORP_SERVICES
101597-HRS,,<unknown>,CORP_SERVICES
101604-ISD,,<unknown>,CORP_SERVICES
101624-MHC,,<unknown>,LOCAL_COURT
101625-ISD,,<unknown>,LOCAL_COURT
101625-ISD,,<unknown>,CORP_SERVICES
101626-isd,,<unknown>,MOJ_MASTER
101626-ISD,,<unknown>,LOCAL_COURT
101638,,<unknown>,CORP_SERVICES
101660-mag,,<unknown>,MOJ_MASTER
101660-mag,,<unknown>,CORP_SERVICES
101667-fin,,<unknown>,CORP_SERVICES
101674-fin,,<unknown>,CORP_SERVICES
101675-FIN,,<unknown>,CORP_SERVICES
101686-PRIS,,<unknown>,OMPERTH
101687-ISD,,<unknown>,MOJ_MASTER
101692-OMD,,<unknown>,CORP_SERVICES
101694-PPP,,<unknown>,OMPERTH
101695-MAG,,<unknown>,LOCAL_COURT
101696-HRS,,<unknown>,CORP_SERVICES
101697-CRT,,<unknown>,CORP_SERVICES
101699-PAL,,<unknown>,CORP_SERVICES
101702-CRT,,<unknown>,CORP_SERVICES
101702-FIN,,<unknown>,CORP_SERVICES
101702-FMD,,<unknown>,MOJ_MASTER
101704-CRT,,<unknown>,CORP_SERVICES
101705-CRT,,<unknown>,CORP_SERVICES
101707-CRT,,<unknown>,CORP_SERVICES
101707-HSD,,<unknown>,OMPERTH
101708-ISD,,<unknown>,CORP_SERVICES
101713-OMD,,<unknown>,OMPERTH
101713-OMD,,<unknown>,CORP_SERVICES
101720-COR,,<unknown>,LOCAL_COURT
101722-HRS,,<unknown>,CORP_SERVICES
101730-FIN,,<unknown>,CORP_SERVICES
101731-FIN,,<unknown>,CORP_SERVICES
101792-HRS,,<unknown>,CORP_SERVICES
101793-HRS,,<unknown>,CORP_SERVICES
101793HRS,,<unknown>,CORP_SERVICES
101794-HRS,,<unknown>,CORP_SERVICES
101795HRS,,<unknown>,CORP_SERVICES
101796HRS,,<unknown>,CORP_SERVICES
101797HRS,,<unknown>,CORP_SERVICES
101816-ISD,,<unknown>,CORP_SERVICES
101832-PAF,,<unknown>,CORP_SERVICES
101838-HRS,,<unknown>,CORP_SERVICES
101862-SOE,,<unknown>,MOJ_MASTER
101863,,<unknown>,MOJ_MASTER
101864-SOE,,<unknown>,MOJ_MASTER
101866,,<unknown>,MOJ_MASTER
101867,,<unknown>,MOJ_MASTER
101873,,<unknown>,MOJ_MASTER
101874-FIN,,<unknown>,CORP_SERVICES
101884-HRS,,<unknown>,CORP_SERVICES
101888-HRS,,<unknown>,CORP_SERVICES
101889-HRS,,<unknown>,CORP_SERVICES
101898-GAB,,<unknown>,CORP_SERVICES
102172-FCA,,<unknown>,MOJ_MASTER
102298,,<unknown>,MOJ_MASTER
1023101,,<unknown>,MOJ_MASTER
102393-MHC,,<unknown>,LOCAL_COURT
102394,,<unknown>,MOJ_MASTER
102407,,<unknown>,MOJ_MASTER
102569,,<unknown>,OMPERTH
102570,,<unknown>,OMPERTH
102572,,<unknown>,OMPERTH
102573,,<unknown>,OMPERTH
102574,,<unknown>,OMPERTH
102575,,<unknown>,OMPERTH
102576,,<unknown>,MOJ_MASTER
102580,,<unknown>,OMPERTH
102581,,<unknown>,OMPERTH
102626,,<unknown>,OMMETROSOUTH
102630,,<unknown>,OMPERTH
102911,,<unknown>,MOJ_MASTER
103003-AVS,,<unknown>,MOJ_MASTER
103005,,<unknown>,MOJ_MASTER
103007-AVS,,<unknown>,MOJ_MASTER
103008,,<unknown>,MOJ_MASTER
103010-AVS,,<unknown>,MOJ_MASTER
103012-AVS,,<unknown>,MOJ_MASTER
103013-AVS,,<unknown>,MOJ_MASTER
103015-AVS,,<unknown>,MOJ_MASTER
103061,,<unknown>,MOJ_MASTER
103097-OPA,,<unknown>,MOJ_MASTER
103110,,<unknown>,MOJ_MASTER
103112,,<unknown>,MOJ_MASTER
103116,,<unknown>,MOJ_MASTER
103130,,<unknown>,MOJ_MASTER
103226,,<unknown>,MOJ_MASTER
103276,,<unknown>,MOJ_MASTER
103366,,<unknown>,MOJ_MASTER
103366-CSC,,<unknown>,MOJ_MASTER
103386,,<unknown>,OMPERTH
103395,,<unknown>,MOJ_MASTER
103396,,<unknown>,MOJ_MASTER
103397,,<unknown>,MOJ_MASTER
103398,,<unknown>,MOJ_MASTER
103401,,<unknown>,MOJ_MASTER
103403,,<unknown>,OMPERTH
103452,,<unknown>,MOJ_MASTER
103457,,<unknown>,MOJ_MASTER
103541,,<unknown>,MOJ_MASTER
103604,,<unknown>,MOJ_MASTER
103618,,<unknown>,MOJ_MASTER
103619,,<unknown>,MOJ_MASTER
105122-SC,,<unknown>,MOJ_MASTER
105125,,<unknown>,MOJ_MASTER
114987,,<unknown>,MOJ_MASTER
123456,,<unknown>,MOJ_MASTER
1234567,,<unknown>,MOJ_MASTER
13973-tci,,<unknown>,LOCAL_COURT
141-L12-MULTI,,<unknown>,MOJ_MASTER
17313-arm,,<unknown>,LOCAL_COURT
17740-mid,,<unknown>,LOCAL_COURT
18304-JND,,<unknown>,LOCAL_COURT
18305-JND,,<unknown>,LOCAL_COURT
18355-MID,,<unknown>,LOCAL_COURT
2,,<unknown>,MOJ_MASTER
3,,<unknown>,MOJ_MASTER
4060XCDT-ISD,,<unknown>,OMNORTH
4060XCDT-ISD,,<unknown>,LOCAL_COURT
500019-1SD,,<unknown>,CORP_SERVICES
500019-ISD,,<unknown>,CORP_SERVICES
500024-HRS,,<unknown>,CORP_SERVICES
500046-AFH,,<unknown>,OMPERTH
500325-KAR,,<unknown>,LOCAL_COURT
500547-AVS,,<unknown>,MOJ_MASTER
500548-AVS,,<unknown>,MOJ_MASTER
500549-AADRS,,<unknown>,MOJ_MASTER
500549-AVS,,<unknown>,MOJ_MASTER
500550-AVS,,<unknown>,MOJ_MASTER
71203-MID,,<unknown>,CORP_SERVICES
71231-arm,,<unknown>,LOCAL_COURT
75359-JND,,<unknown>,LOCAL_COURT
75359-JOON,,<unknown>,LOCAL_COURT
8364873,,<unknown>,MOJ_MASTER
88893-SOE,,<unknown>,MOJ_MASTER
95008-ISD,,<unknown>,CORP_SERVICES
95084-TSM,,<unknown>,LOCAL_COURT
95146-SOE,,<unknown>,MOJ_MASTER
95149-SOE,,<unknown>,MOJ_MASTER
95157-HDL,,<unknown>,VSS
95157-HDL,,<unknown>,MOJ_MASTER
95201-FIN,,<unknown>,CORP_SERVICES
95245-RGO,,<unknown>,CORP_SERVICES
95390-AFH,,<unknown>,OMPERTH
95450,,<unknown>,MOJ_MASTER
95508-MER,,<unknown>,LOCAL_COURT
95540-TRIB,,<unknown>,LOCAL_COURT
95542-isd,,<unknown>,CORP_SERVICES
95544-ISD,,<unknown>,CORP_SERVICES
95549-ISD,,<unknown>,CORP_SERVICES
95551-ISD,,<unknown>,MOJ_MASTER
95551-ISD,,<unknown>,CORP_SERVICES
95552-isd,,<unknown>,CORP_SERVICES
95552-MHC,,<unknown>,LOCAL_COURT
95553-ISD,,<unknown>,CORP_SERVICES
95592-PAF,,<unknown>,CORP_SERVICES
95592-PAS,,<unknown>,CORP_SERVICES
95607-ISD,,<unknown>,MOJ_MASTER
95629-ISD,,<unknown>,CORP_SERVICES
95636-ISD,,<unknown>,OMMETROSOUTH
95636-ISD,,<unknown>,CORP_SERVICES
95644-AVS,,<unknown>,MOJ_MASTER
95694-ISD,,<unknown>,CORP_SERVICES
95711-ISD,,<unknown>,MOJ_MASTER
95711-ISD,,<unknown>,CORP_SERVICES
95712-ARB,,<unknown>,MOJ_MASTER
95727-ISD,,<unknown>,CORP_SERVICES
95735-CCT,,<unknown>,LOCAL_COURT
95736-ISD,,<unknown>,CORP_SERVICES
95742-CSC,,<unknown>,MOJ_MASTER
95744-VSS,,<unknown>,VSS
95746-HRS,,<unknown>,CORP_SERVICES
95767-REC,,<unknown>,CORP_SERVICES
95777-MAG,,<unknown>,LOCAL_COURT
95796-REC,,<unknown>,CORP_SERVICES
95797-CCT,,<unknown>,LOCAL_COURT
95797-PCC,,<unknown>,OMPERTH
95797-PCC,,<unknown>,LOCAL_COURT
95803-ISD,,<unknown>,CORP_SERVICES
95805-ISD,,<unknown>,CORP_SERVICES
95822-WSQ,,<unknown>,CORP_SERVICES
95841-REC,,<unknown>,CORP_SERVICES
95843-ppp,,<unknown>,CORP_SERVICES
95850-DWH,,<unknown>,CORP_SERVICES
95853-TSM,,<unknown>,LOCAL_COURT
95854-REC,,<unknown>,CORP_SERVICES
95876-ISD,,<unknown>,CORP_SERVICES
95886-CLC,,<unknown>,LOCAL_COURT
95887-fin,,<unknown>,CORP_SERVICES
95918L3-MHC,,<unknown>,LOCAL_COURT
95920L3-MHC,,<unknown>,LOCAL_COURT
95925L3-MHC,,<unknown>,LOCAL_COURT
95928-TSM,,<unknown>,LOCAL_COURT
95961-CANV,,<unknown>,OMMETROSOUTH
95965-FRE,,<unknown>,LOCAL_COURT
95967-FRE,,<unknown>,LOCAL_COURT
95973-MHC,,<unknown>,LOCAL_COURT
96207-DWH,,<unknown>,CORP_SERVICES
96217-POL,,<unknown>,CORP_SERVICES
96257-CSO,,<unknown>,CORP_SERVICES
96276-FRE,,<unknown>,JUSTICE
96280,,<unknown>,LOCAL_COURT
96280-FRE,,<unknown>,LOCAL_COURT
96280-FRE,,<unknown>,JUSTICE
96486-DWH,,<unknown>,CORP_SERVICES
96550-GEC,,<unknown>,CORP_SERVICES
96552-ISD,,<unknown>,MOJ_MASTER
96671-ARM,,<unknown>,LOCAL_COURT
96672-FRE,,<unknown>,JUSTICE
96675-FRE,,<unknown>,JUSTICE
96676-fre,,<unknown>,LOCAL_COURT
96676-fre,,<unknown>,JUSTICE
96677-FRE,,<unknown>,JUSTICE
96678-FRE,,<unknown>,JUSTICE
96679-FRE,,<unknown>,JUSTICE
96680-FRE,,<unknown>,JUSTICE
96752-MID,,<unknown>,LOCAL_COURT
96895-MHC,,<unknown>,LOCAL_COURT
96923-TSC,,<unknown>,MOJ_MASTER
96923-TSM,,<unknown>,LOCAL_COURT
96923-TSM,,<unknown>,CORP_SERVICES
96953-KAL,,<unknown>,LOCAL_COURT
96961,,<unknown>,LOCAL_COURT
96961-FER,,<unknown>,LOCAL_COURT
96992-GAB,,<unknown>,MOJ_MASTER
97002,,<unknown>,MOJ_MASTER
97019-CLC,,<unknown>,LOCAL_COURT
97024-CLC,,<unknown>,LOCAL_COURT
97026L3-ORP,,<unknown>,CORP_SERVICES
97038-ISD,,<unknown>,CORP_SERVICES
97056-GER,,<unknown>,LOCAL_COURT
97087-CSO,,<unknown>,CORP_SERVICES
97093-Y2K,,<unknown>,CORP_SERVICES
97100-HRS,,<unknown>,CORP_SERVICES
97104-HRS,,<unknown>,CORP_SERVICES
97122-HRS,,<unknown>,CORP_SERVICES
97146-HRS,,<unknown>,CORP_SERVICES
97163-TCI,,<unknown>,LOCAL_COURT
97206,,<unknown>,MOJ_MASTER
97206-SOE,,<unknown>,MOJ_MASTER
97209-ALB,,<unknown>,LOCAL_COURT
97225-KAR,,<unknown>,LOCAL_COURT
97226-FIN,,<unknown>,CORP_SERVICES
97227-CON,,<unknown>,CORP_SERVICES
97229-ISD,,<unknown>,CORP_SERVICES
97235-ISD,,<unknown>,CORP_SERVICES
97240-PAF,,<unknown>,MOJ_MASTER
97240-PAF,,<unknown>,CORP_SERVICES
97295-PPP,,<unknown>,OMPERTH
97295-PPP,,<unknown>,OMMETROSOUTH
97295-PPP,,<unknown>,CORP_SERVICES
97310-TOM,,<unknown>,CORP_SERVICES
98114-WSQ,,<unknown>,CORP_SERVICES
98126-GAB,,<unknown>,MOJ_MASTER
98147-TCI,,<unknown>,LOCAL_COURT
98584,,<unknown>,MOJ_MASTER
98659,,<unknown>,OMMETROSOUTH
98772,,<unknown>,MOJ_MASTER
98773,,<unknown>,MOJ_MASTER
98815,,<unknown>,MOJ_MASTER
99025-CLC,,<unknown>,LOCAL_COURT
99100-CRT,,<unknown>,CORP_SERVICES
99155-FRE,,<unknown>,JUSTICE
99174-CTC,,<unknown>,LOCAL_COURT
99175-CCT,,<unknown>,LOCAL_COURT
99175-HRS,,<unknown>,LOCAL_COURT
99195-NTH,,<unknown>,LOCAL_COURT
99225-NAR,,<unknown>,LOCAL_COURT
99231-ARM,,<unknown>,MOJ_MASTER
99231-ARM,,<unknown>,LOCAL_COURT
99237-CAR,,<unknown>,LOCAL_COURT
99241-ESP,,<unknown>,LOCAL_COURT
99241-ESP,,<unknown>,CORP_SERVICES
99255-jnd,,<unknown>,LOCAL_COURT
99256-jnd,,<unknown>,LOCAL_COURT
99257-JND,,<unknown>,LOCAL_COURT
99257-JND,,<unknown>,CORP_SERVICES
99258-JND,,<unknown>,LOCAL_COURT
99259-JND,,<unknown>,LOCAL_COURT
99260-JND,,<unknown>,LOCAL_COURT
99260-JOON,,<unknown>,CORP_SERVICES
99261-JND,,<unknown>,LOCAL_COURT
99262-JND,,<unknown>,LOCAL_COURT
99263-JND,,<unknown>,LOCAL_COURT
99264-JND,,<unknown>,LOCAL_COURT
99292-MHC,,<unknown>,LOCAL_COURT
99354-ROCK,,<unknown>,LOCAL_COURT
99386-CSO,,<unknown>,MOJ_MASTER
99386-CSO,,<unknown>,CORP_SERVICES
99387-CSO,,<unknown>,CORP_SERVICES
99389-HRS,,<unknown>,CORP_SERVICES
99408-ALB,,<unknown>,LOCAL_COURT
99443-ROE,,<unknown>,LOCAL_COURT
99473-HRS,,<unknown>,CORP_SERVICES
99478-FIN,,<unknown>,CORP_SERVICES
99550-KAL,,<unknown>,LOCAL_COURT
99552,,<unknown>,LOCAL_COURT
99553,,<unknown>,LOCAL_COURT
99556-GER,,<unknown>,LOCAL_COURT
99570-NTH,,<unknown>,LOCAL_COURT
99571-ISD,,<unknown>,CORP_SERVICES
99597-BRM,,<unknown>,VSS
99611-CARN,,<unknown>,LOCAL_COURT
99613-MAN,,<unknown>,LOCAL_COURT
99621-ALB,,<unknown>,LOCAL_COURT
99624-ISD,,<unknown>,CORP_SERVICES
99671-arm,,<unknown>,LOCAL_COURT
99682-IT,,<unknown>,CORP_SERVICES
99775-TSC,,<unknown>,LOCAL_COURT
99815-ESP,,<unknown>,LOCAL_COURT
99846-ISD,,<unknown>,CORP_SERVICES
99860-HRS,,<unknown>,CORP_SERVICES
99868-HRS,,<unknown>,CORP_SERVICES
99889-CON,,<unknown>,CORP_SERVICES
99889-FIN,,<unknown>,CORP_SERVICES
99890-HRS,,<unknown>,CORP_SERVICES
99918-MOJ,,<unknown>,MOJ_MASTER
99918-OPD,,<unknown>,CORP_SERVICES
99926-ALBC,,<unknown>,CORP_SERVICES
99932-ISD,,<unknown>,OMPERTH
99935-HRS,,<unknown>,CORP_SERVICES
99983-SOE,,<unknown>,MOJ_MASTER
99983_SOE,,<unknown>,MOJ_MASTER
99988-SOE,,<unknown>,MOJ_MASTER
999983-SOE,,<unknown>,MOJ_MASTER
A001900,,<unknown>,CORP_SERVICES
A001900-CSC,,<unknown>,MOJ_MASTER
A008994-CSC,,<unknown>,MOJ_MASTER
A009588,,<unknown>,MOJ_MASTER
A010289-GEC,,<unknown>,CORP_SERVICES
A018326-GEC,,<unknown>,CORP_SERVICES
A018353,,<unknown>,MOJ_MASTER
A018362-GEC,,<unknown>,CORP_SERVICES
A018380,,<unknown>,MOJ_MASTER
A018380-CSC,,<unknown>,CORP_SERVICES
A018939,,<unknown>,MOJ_MASTER
A018939,,<unknown>,CORP_SERVICES
A018939-CSC,,<unknown>,CORP_SERVICES
A018939-GEC,,<unknown>,CORP_SERVICES
A018966,,<unknown>,CORP_SERVICES
A018966-CSC,,<unknown>,CORP_SERVICES
A018975,,<unknown>,MOJ_MASTER
A018975-GEC,,<unknown>,CORP_SERVICES
A018975.,,<unknown>,MOJ_MASTER
A018984,,<unknown>,CORP_SERVICES
A019000,,<unknown>,MOJ_MASTER
A019000-CSC,,<unknown>,CORP_SERVICES
A019000-GEC,,<unknown>,CORP_SERVICES
A019037,,<unknown>,MOJ_MASTER
A019037-GEC,,<unknown>,CORP_SERVICES
A019064,,<unknown>,MOJ_MASTER
A019091,,<unknown>,MOJ_MASTER
A019091-GEC,,<unknown>,CORP_SERVICES
A019118,,<unknown>,CORP_SERVICES
A019118-CSC,,<unknown>,CORP_SERVICES
A019127,,<unknown>,CORP_SERVICES
A019136,,<unknown>,OMPERTH
A019136,,<unknown>,OMNORTH
A019136,,<unknown>,OMMETROSOUTH
A019136,,<unknown>,MOJ_MASTER
A019136,,<unknown>,CORP_SERVICES
A019154,,<unknown>,MOJ_MASTER
A019154-CSC,,<unknown>,CORP_SERVICES
A019154-GEC,,<unknown>,CORP_SERVICES
A019190,,<unknown>,MOJ_MASTER
A019190-GEC,,<unknown>,CORP_SERVICES
A019208,,<unknown>,MOJ_MASTER
A019208-CSC,,<unknown>,CORP_SERVICES
A019208-GEC,,<unknown>,MOJ_MASTER
A019208-GEC,,<unknown>,CORP_SERVICES
A029478,,<unknown>,MOJ_MASTER
A029478,,<unknown>,CORP_SERVICES
A029478-GEC,,<unknown>,CORP_SERVICES
A029487,,<unknown>,MOJ_MASTER
A029487-GEC,,<unknown>,CORP_SERVICES
A029496,,<unknown>,MOJ_MASTER
A029496,,<unknown>,CORP_SERVICES
A029496-ISD,,<unknown>,MOJ_MASTER
A029513-CSC,,<unknown>,CORP_SERVICES
A029513-GEC,,<unknown>,CORP_SERVICES
A029513-ISD,,<unknown>,CORP_SERVICES
A029522,,<unknown>,MOJ_MASTER
A029522,,<unknown>,CORP_SERVICES
A029522-CSC,,<unknown>,MOJ_MASTER
A029522-CSC,,<unknown>,CORP_SERVICES
A029568,,<unknown>,MOJ_MASTER
A029568-GEC,,<unknown>,CORP_SERVICES
A029568-ISD,,<unknown>,CORP_SERVICES
A109208-CSC,,<unknown>,MOJ_MASTER
AAA94827,,<unknown>,MOJ_MASTER
AAB08269,,<unknown>,MOJ_MASTER
AAB08269-CSC,,<unknown>,MOJ_MASTER
AABO8269-CSC,,<unknown>,MOJ_MASTER
AADR103700,,<unknown>,MOJ_MASTER
ADAIRS-OME,,<unknown>,CORP_SERVICES
ADITEST,,<unknown>,OMPERTH
ADITEST,,<unknown>,MOJ_MASTER
ADRIANSA-ISD,,<unknown>,CORP_SERVICES
AFFAIRSP-PAF,,<unknown>,MOJ_MASTER
AGILLY_TEST,,<unknown>,MOJ_MASTER
AHRENSJ_HRS,,<unknown>,CORP_SERVICES
ALBA103105,,<unknown>,OMSOUTH
ALBA103661,,<unknown>,MOJ_MASTER
ALBA9830,,<unknown>,OMSOUTH
ALBA98811,,<unknown>,OMSOUTH
ALBA98811,,<unknown>,OMPERTH
ALBA98812,,<unknown>,OMPERTH
ALBA98815,,<unknown>,OMSOUTH
ALBA98820,,<unknown>,OMSOUTH
ALBA98821,,<unknown>,OMSOUTH
ALBA98824,,<unknown>,OMSOUTH
ALBA98829,,<unknown>,MOJ_MASTER
ALBA_LAPTOP,,<unknown>,CORP_SERVICES
ALBC102580,,<unknown>,OMSOUTH
ALBC105162,,<unknown>,OMSOUTH
ALBC98307,,<unknown>,OMSOUTH
ALBC98821,,<unknown>,MOJ_MASTER
ALIR-ISD,,<unknown>,CORP_SERVICES
ALLENR-AST,,<unknown>,CORP_SERVICES
ALLENR_FIN,,<unknown>,CORP_SERVICES
ALT1-SOTU,,<unknown>,OMPERTH
ALT1-SOTU,,<unknown>,CORP_SERVICES
ANDERSOA-FIN,,<unknown>,CORP_SERVICES
ANDERSSA-FIN,,<unknown>,CORP_SERVICES
ANSTEYB-ISD,,<unknown>,CORP_SERVICES
ANSTEYB_ISD,,<unknown>,CORP_SERVICES
ANSTEYL_ISD,,<unknown>,CORP_SERVICES
ARMA500745,,<unknown>,OMSOUTH
ARNOLDS-PAF,,<unknown>,CORP_SERVICES
ARTHURT,,<unknown>,CORP_SERVICES
ASCRIBE-SVR,,<unknown>,CORP_SERVICES
ASDFGH,,<unknown>,MOJ_MASTER
ASSETS-AST,,<unknown>,CORP_SERVICES
AVS103619,,<unknown>,MOJ_MASTER
AVS105440,,<unknown>,MOJ_MASTER
BACKUP-CSC,,<unknown>,MOJ_MASTER
BADHAMV-PAL,,<unknown>,CORP_SERVICES
BAILLIEJ_HRS,,<unknown>,CORP_SERVICES
BAIRSM-OPA,,<unknown>,CORP_SERVICES
BAKERA,,<unknown>,CORP_SERVICES
BAKERA-ATVU,,<unknown>,OMPERTH
BAKERA-ATVU,,<unknown>,CORP_SERVICES
BAKERA-OM,,<unknown>,OMPERTH
BAKERA-PPP,,<unknown>,CORP_SERVICES
BAKERN-RGO,,<unknown>,RGO
BALLANTA,,<unknown>,CORP_SERVICES
BALLANTA-PPP,,<unknown>,CORP_SERVICES
BALLARDD,,<unknown>,LOCAL_COURT
BALLARDD,,<unknown>,CORP_SERVICES
BALLARDD-SBS,,<unknown>,CORP_SERVICES
BAND103116,,<unknown>,MOJ_MASTER
BAND103149,,<unknown>,OMMETROSOUTH
BAND103149,,<unknown>,OMMETRONORTH
BAND103533,,<unknown>,OMMETROSOUTH
BAND95453,,<unknown>,OMMETRONORTH
BAND98803,,<unknown>,OMMETRONORTH
BAND98857,,<unknown>,OMMETRONORTH
BAND98867,,<unknown>,OMMETROSOUTH
BAND98868,,<unknown>,OMMETRONORTH
BAND98884,,<unknown>,OMMETRONORTH
BAND98890,,<unknown>,OMMETRONORTH
BANJ101777,,<unknown>,MOJ_MASTER
BANJ103407,,<unknown>,MOJ_MASTER
BANJ103408,,<unknown>,MOJ_MASTER
BANJ103833,,<unknown>,OMMETROSOUTH
BANJ98961,,<unknown>,OMMETROSOUTH
BANJ98962,,<unknown>,OMMETROSOUTH
BANJ98965,,<unknown>,OMMETROSOUTH
BANJ98968,,<unknown>,OMMETROSOUTH
BANJ98974,,<unknown>,OMMETROSOUTH
BANK_EDU,,<unknown>,OMMETROSOUTH
BANKSK-REC,,<unknown>,CORP_SERVICES
BARBUZZD-OM,,<unknown>,OMPERTH
BARCODE-REC,,<unknown>,CORP_SERVICES
BARETTV-ISD,,<unknown>,CORP_SERVICES
BARNARDG,,<unknown>,CORP_SERVICES
BARNARDG-ISD,,<unknown>,CORP_SERVICES
BARNESC_HRS,,<unknown>,CORP_SERVICES
BARNETTG_MHC,,<unknown>,LOCAL_COURT
BARRETTV,,<unknown>,CORP_SERVICES
BASKERVR-ISD,,<unknown>,CORP_SERVICES
BATHR-HEA,,<unknown>,CORP_SERVICES
BAYMANP,,<unknown>,CORP_SERVICES
BEAND-FIN,,<unknown>,CORP_SERVICES
BEAZLEY-PJC,,<unknown>,CORP_SERVICES
BEDEKARS-FIN,,<unknown>,CORP_SERVICES
BEDFORDG-FIN,,<unknown>,CORP_SERVICES
BEDFORDG_FIN,,<unknown>,CORP_SERVICES
BEERA-EDU,,<unknown>,OMPERTH
BEERA-EDU,,<unknown>,CORP_SERVICES
BEESOND-ISD,,<unknown>,MOJ_MASTER
BEESOND-ISD,,<unknown>,CORP_SERVICES
BEESOND_ISD,,<unknown>,CORP_SERVICES
BEETONA-FIN,,<unknown>,CORP_SERVICES
BELLETTS-CWS,,<unknown>,LOCAL_COURT
BENC101234,,<unknown>,OMSOUTH
BENC102195,,<unknown>,OMMETROSOUTH
BENC102407,,<unknown>,OMPERTH
BENC102407,,<unknown>,OMMETROSOUTH
BENC103110,,<unknown>,OMMETROSOUTH
BENC104061,,<unknown>,MOJ_MASTER
BENC95560,,<unknown>,OMMETROSOUTH
BENC98593,,<unknown>,OMPERTH
BENC98593,,<unknown>,MOJ_MASTER
BENC98595,,<unknown>,OMMETROSOUTH
BENC98596,,<unknown>,OMMETROSOUTH
BENC98597,,<unknown>,OMMETROSOUTH
BENC98598,,<unknown>,MOJ_MASTER
BENC98599,,<unknown>,MOJ_MASTER
BENC98601,,<unknown>,MOJ_MASTER
BENC98602,,<unknown>,MOJ_MASTER
BENC98603,,<unknown>,OMPERTH
BENC98603,,<unknown>,MOJ_MASTER
BENC98605,,<unknown>,MOJ_MASTER
BENC98606,,<unknown>,MOJ_MASTER
BENC98607,,<unknown>,MOJ_MASTER
BENC98608,,<unknown>,MOJ_MASTER
BENC98609,,<unknown>,MOJ_MASTER
BENC98610,,<unknown>,MOJ_MASTER
BENC98867,,<unknown>,OMMETROSOUTH
BENC99225,,<unknown>,OMMETROSOUTH
BENC99357,,<unknown>,OMMETROSOUTH
BENC99358,,<unknown>,OMMETROSOUTH
BENC99485,,<unknown>,OMMETROSOUTH
BENC99607,,<unknown>,OMMETROSOUTH
BENC99611,,<unknown>,OMMETROSOUTH
BENC99675,,<unknown>,OMMETROSOUTH
BENC99974,,<unknown>,OMMETROSOUTH
BENTLEY18,,<unknown>,OMMETROSOUTH
BENTLEY19,,<unknown>,OMMETROSOUTH
BENTLEY20,,<unknown>,OMMETROSOUTH
BENTLEY21,,<unknown>,OMMETROSOUTH
BENTLEY21-CBS,,<unknown>,OMMETROSOUTH
BENTLEY22,,<unknown>,OMMETROSOUTH
BENTLEY23,,<unknown>,OMMETROSOUTH
BENTLEY24,,<unknown>,OMMETROSOUTH
BENTLEY25,,<unknown>,OMMETROSOUTH
bergb-isd,,<unknown>,MOJ_MASTER
bergb-isd,,<unknown>,CORP_SERVICES
BERGB2-ISD,,<unknown>,CORP_SERVICES
BERGR-ISD,,<unknown>,CORP_SERVICES
BICKMELJ-OM,,<unknown>,OMPERTH
BIENKEWN-OME,,<unknown>,CORP_SERVICES
BINGFEMIA-OME,,<unknown>,CORP_SERVICES
BJE-ISD,,<unknown>,CORP_SERVICES
BLAKEC,,<unknown>,CORP_SERVICES
BLAKEYS_MHC,,<unknown>,LOCAL_COURT
BLOGGD-ISD,,<unknown>,CORP_SERVICES
BLOGGD_ISD,,<unknown>,CORP_SERVICES
BLOOD-IMB,,<unknown>,CORP_SERVICES
BLOWERI-ISD,,<unknown>,CORP_SERVICES
BLUNTP-RGO,,<unknown>,RGO
BOAGR,,<unknown>,CORP_SERVICES
BOAGR-CAP,,<unknown>,CORP_SERVICES
BOARDROOM-L16,,<unknown>,CORP_SERVICES
BOBUSICM,,<unknown>,CORP_SERVICES
BOBUSICM-SBS,,<unknown>,CORP_SERVICES
BOGIEL-RGO,,<unknown>,RGO
BOLANDP_HRS,,<unknown>,CORP_SERVICES
BOLLANDJ-PPF,,<unknown>,OMSOUTH
BOLTONS-FIN,,<unknown>,CORP_SERVICES
BOTTOMLJ-PAF,,<unknown>,CORP_SERVICES
BOURCHIJ-SUR,,<unknown>,CORP_SERVICES
BOURCHIJ-SURU,,<unknown>,OMPERTH
BOURCHIJ-SURU,,<unknown>,CORP_SERVICES
BOURKEC-FIN,,<unknown>,CORP_SERVICES
BOURKEM-RGO,,<unknown>,RGO
BOWMAN-ISD,,<unknown>,CORP_SERVICES
BOWMANM-ISD,,<unknown>,CORP_SERVICES
BOWRAG_CRT,,<unknown>,CORP_SERVICES
BOYLENS_HRS,,<unknown>,CORP_SERVICES
BOYNED-ISD,,<unknown>,CORP_SERVICES
BOYNED_ISD,,<unknown>,CORP_SERVICES
BR00101853,,<unknown>,OMPERTH
BR00101853,,<unknown>,OMNORTH
BRADDONM-FIN,,<unknown>,CORP_SERVICES
BRAINEA-OME,,<unknown>,CORP_SERVICES
BRANSBY-HR,,<unknown>,CORP_SERVICES
BRANSBYT-HR,,<unknown>,JUSTICE
BRANSBYT-HR,,<unknown>,CORP_SERVICES
BRENNANJ-RGO,,<unknown>,RGO
BREWEMA-LRC,,<unknown>,CORP_SERVICES
BREWERM-LRC,,<unknown>,CORP_SERVICES
BRIDGERT-HRS,,<unknown>,CORP_SERVICES
BRIDGERT_HRS,,<unknown>,CORP_SERVICES
BRITAINR-HEA,,<unknown>,CORP_SERVICES
broady-OM,,<unknown>,CORP_SERVICES
BROADY-OME,,<unknown>,MOJ_MASTER
BROADY-OME,,<unknown>,CORP_SERVICES
BROADY102175,,<unknown>,MOJ_MASTER
BROADY_LAP,,<unknown>,MOJ_MASTER
BROADY_OLD,,<unknown>,CORP_SERVICES
BROC103035,,<unknown>,OMNORTH
BROC103655,,<unknown>,OMNORTH
BROC105435,,<unknown>,MOJ_MASTER
BROC10813,,<unknown>,OMNORTH
BROO103226,,<unknown>,OMNORTH
BROO103670,,<unknown>,OMNORTH
BROO105140,,<unknown>,OMNORTH
BROO105423,,<unknown>,MOJ_MASTER
BROO95584,,<unknown>,OMNORTH
BROO98404,,<unknown>,OMNORTH
BROUGHTJ-OME,,<unknown>,CORP_SERVICES
BROWNE-LIB,,<unknown>,CORP_SERVICES
BRUNINIC-ISD,,<unknown>,CORP_SERVICES
BRUNINIC_ISD,,<unknown>,CORP_SERVICES
BULLN-ISD,,<unknown>,CORP_SERVICES
BUMB103243,,<unknown>,OMSOUTH
BUNB100060,,<unknown>,MOJ_MASTER
BUNB100061,,<unknown>,OMSOUTH
BUNB100071,,<unknown>,OMSOUTH
BUNB101837,,<unknown>,OMSOUTH
BUNB103145,,<unknown>,MOJ_MASTER
BUNB103243,,<unknown>,OMMETROSOUTH
BUNB103243,,<unknown>,MOJ_MASTER
BUNB103364,,<unknown>,MOJ_MASTER
BUNB501035,,<unknown>,OMSOUTH
BUNB95455,,<unknown>,MOJ_MASTER
BUNB95474,,<unknown>,OMSOUTH
BUNB95586,,<unknown>,OMSOUTH
BUNB_95474,,<unknown>,OMSOUTH
BUNBURY_VSS,,<unknown>,VSS
BUNC100002,,<unknown>,OMSOUTH
BUNC100004,,<unknown>,OMSOUTH
BUNC100007,,<unknown>,OMSOUTH
BUNC102903,,<unknown>,OMSOUTH
BUNC103201,,<unknown>,OMPERTH
BUNC103537,,<unknown>,OMMETROSOUTH
BUNTH,,<unknown>,CORP_SERVICES
BUNTH-ISD,,<unknown>,CORP_SERVICES
BURBYB-RGO,,<unknown>,RGO
BURDEKIT-REC,,<unknown>,CORP_SERVICES
BURFORDJ-HRS,,<unknown>,CORP_SERVICES
BURFORDJ_HRS,,<unknown>,CORP_SERVICES
BURGESSP-RGO,,<unknown>,RGO
BURGESSP-RGO,,<unknown>,CORP_SERVICES
BURNSB-RGO,,<unknown>,RGO
BUSS102920,,<unknown>,MOJ_MASTER
BUSS103317,,<unknown>,MOJ_MASTER
BUSS103318,,<unknown>,MOJ_MASTER
BUSS103319,,<unknown>,MOJ_MASTER
BUSS103321,,<unknown>,MOJ_MASTER
BUSS103322,,<unknown>,MOJ_MASTER
BUSS103323,,<unknown>,MOJ_MASTER
BUSS103349,,<unknown>,MOJ_MASTER
BYKERKB_FOI,,<unknown>,CORP_SERVICES
CAINR_HRS,,<unknown>,CORP_SERVICES
CALLOWM-RGO,,<unknown>,RGO
CAMEROND,,<unknown>,CORP_SERVICES
CAMEROND-ISD,,<unknown>,CORP_SERVICES
CAMERONJ-RGO,,<unknown>,RGO
CAMERONN_ISD,,<unknown>,CORP_SERVICES
CANDELOJ,,<unknown>,CORP_SERVICES
CANDELOJ-FIN,,<unknown>,CORP_SERVICES
CANDELOJ-OME,,<unknown>,CORP_SERVICES
CANN100201,,<unknown>,OMMETROSOUTH
CANN100202,,<unknown>,OMMETROSOUTH
CANN100235,,<unknown>,OMMETROSOUTH
CANN100242,,<unknown>,OMMETROSOUTH
CANN102310,,<unknown>,OMMETROSOUTH
CANN102363,,<unknown>,MOJ_MASTER
CANN103203,,<unknown>,MOJ_MASTER
CANN95642,,<unknown>,OMMETROSOUTH
CANN95757,,<unknown>,OMMETROSOUTH
CANN95961,,<unknown>,OMMETROSOUTH
CANNARDC-RGO,,<unknown>,RGO
CARC96986,,<unknown>,OMNORTH
CARC99237,,<unknown>,OMNORTH
CARC99237,,<unknown>,MOJ_MASTER
CARLISLE_PUR,,<unknown>,CORP_SERVICES
CARLYC_ISD,,<unknown>,CORP_SERVICES
CARMODYD-OM,,<unknown>,CORP_SERVICES
CARTERB-CBS,,<unknown>,CORP_SERVICES
CASELLAA-HEA,,<unknown>,CORP_SERVICES
CASU100093,,<unknown>,MOJ_MASTER
CASU101317,,<unknown>,OMMETROSOUTH
CASU101317,,<unknown>,MOJ_MASTER
CASU101623,,<unknown>,OMMETROSOUTH
CASU101644,,<unknown>,OMMETROSOUTH
CASU101647,,<unknown>,OMMETROSOUTH
CASU101648,,<unknown>,OMMETROSOUTH
CASU101651,,<unknown>,OMMETROSOUTH
CASU101652,,<unknown>,OMMETROSOUTH
CASU101653,,<unknown>,OMMETROSOUTH
CASU101656,,<unknown>,OMMETROSOUTH
CASU101657,,<unknown>,OMMETROSOUTH
CASU102394,,<unknown>,MOJ_MASTER
CASU102406,,<unknown>,OMPERTH
CASU102406,,<unknown>,OMMETROSOUTH
CASU103230,,<unknown>,MOJ_MASTER
CASU103527,,<unknown>,OMMETROSOUTH
CASU103531,,<unknown>,OMMETROSOUTH
CASU103532,,<unknown>,OMMETROSOUTH
CASU103651,,<unknown>,MOJ_MASTER
CASU95285,,<unknown>,MOJ_MASTER
CASU95672,,<unknown>,OMMETROSOUTH
CASU95752,,<unknown>,OMMETROSOUTH
CASU95752,,<unknown>,MOJ_MASTER
CASU95871,,<unknown>,OMMETROSOUTH
CASU95873,,<unknown>,MOJ_MASTER
CASU98175,,<unknown>,MOJ_MASTER
CASU98443,,<unknown>,OMMETROSOUTH
CASU98450,,<unknown>,MOJ_MASTER
CASU98453,,<unknown>,OMMETRONORTH
CASU98453,,<unknown>,MOJ_MASTER
CASU98454,,<unknown>,MOJ_MASTER
CASU98463,,<unknown>,OMMETROSOUTH
CASU98539,,<unknown>,OMMETROSOUTH
CASU98539,,<unknown>,MOJ_MASTER
CASU98541,,<unknown>,MOJ_MASTER
CASU98544,,<unknown>,MOJ_MASTER
CASU98550,,<unknown>,OMMETROSOUTH
CASU98553,,<unknown>,OMMETROSOUTH
CASU98557,,<unknown>,OMMETROSOUTH
CASU98558,,<unknown>,OMMETROSOUTH
CASU98558,,<unknown>,MOJ_MASTER
CASU98561,,<unknown>,OMMETROSOUTH
CASU98573,,<unknown>,OMMETROSOUTH
CASU98573,,<unknown>,MOJ_MASTER
CASU98578,,<unknown>,MOJ_MASTER
CASU98584,,<unknown>,OMMETROSOUTH
CASU99982,,<unknown>,OMMETROSOUTH
CBS104061,,<unknown>,MOJ_MASTER
CBSDOCSRV,,<unknown>,CORP_SERVICES
CCAW-HOWS1,,<unknown>,OMPERTH
CCAW-HOWS2,,<unknown>,OMPERTH
CCCMS_TEST,,<unknown>,MOJ_MASTER
CCOU-102196,,<unknown>,LOCAL_COURT
CCOU-102197,,<unknown>,OMPERTH
CCOU-102197,,<unknown>,LOCAL_COURT
CCOU102196,,<unknown>,OMPERTH
CCOU102196,,<unknown>,MOJ_MASTER
CCOU102197,,<unknown>,LOCAL_COURT
CCOU102588,,<unknown>,OMPERTH
CCOU123456,,<unknown>,OMPERTH
CCOU98173,,<unknown>,OMPERTH
CCOU98750,,<unknown>,OMPERTH
CCOURT102196,,<unknown>,MOJ_MASTER
CCRT102587,,<unknown>,LOCAL_COURT
CCRT102588,,<unknown>,LOCAL_COURT
CCRT102589,,<unknown>,LOCAL_COURT
CCRT102590,,<unknown>,MOJ_MASTER
CCRT102590-1,,<unknown>,MOJ_MASTER
CDPRESERVE-LNK,,<unknown>,CORP_SERVICES
CDR-ISD,,<unknown>,CORP_SERVICES
CDROM1-SGO,,<unknown>,CORP_SERVICES
CDROMADMIN-IMB,,<unknown>,CORP_SERVICES
CELENZAM-FIN,,<unknown>,CORP_SERVICES
CELENZAM_HRS,,<unknown>,CORP_SERVICES
CHALKERM-HRS,,<unknown>,CORP_SERVICES
CHAMBERB-PAF,,<unknown>,CORP_SERVICES
CHAMBERS,,<unknown>,CORP_SERVICES
CHAMBERSB-ISD,,<unknown>,CORP_SERVICES
CHAPMANG-SOTU,,<unknown>,CORP_SERVICES
CHAPMANP-RGO,,<unknown>,RGO
CHAS-FIN,,<unknown>,CORP_SERVICES
CHATTERS-FIN,,<unknown>,CORP_SERVICES
CHAVEZR-EDU,,<unknown>,OMPERTH
CHAVEZR-EDU,,<unknown>,CORP_SERVICES
CHILDCRT-1,,<unknown>,CORP_SERVICES
CHILDCRT-LIB,,<unknown>,CORP_SERVICES
CHINNERK-OM,,<unknown>,CORP_SERVICES
CHINNERK-OMT,,<unknown>,CORP_SERVICES
CHINNERK_HRS,,<unknown>,CORP_SERVICES
CHINNERV-RGO,,<unknown>,RGO
CHINNERYK-OMT,,<unknown>,CORP_SERVICES
CHOWF_ISD,,<unknown>,CORP_SERVICES
CHOWG_PCO,,<unknown>,CORP_SERVICES
CHUNGD-GEC,,<unknown>,CORP_SERVICES
CLARKEB-MHC,,<unknown>,LOCAL_COURT
CLARKEB-MHC,,<unknown>,CORP_SERVICES
CLARKEK_ORP,,<unknown>,CORP_SERVICES
CLARKEM_HRS,,<unknown>,CORP_SERVICES
CLARKM_HRS,,<unknown>,CORP_SERVICES
CLAYTONC,,<unknown>,LOCAL_COURT
CLAYTONC,,<unknown>,CORP_SERVICES
CLAYTONH-LIB,,<unknown>,CORP_SERVICES
CLC-101921,,<unknown>,MOJ_MASTER
CLC-102198,,<unknown>,CORP_SERVICES
CLC-95732,,<unknown>,MOJ_MASTER
CLC-95732,,<unknown>,CORP_SERVICES
CLC-97294,,<unknown>,LOCAL_COURT
CLC-EXCH1,,<unknown>,MOJ_MASTER
CLC101306,,<unknown>,MOJ_MASTER
CLC102610,,<unknown>,LOCAL_COURT
CLC102611,,<unknown>,LOCAL_COURT
CLC102615,,<unknown>,LOCAL_COURT
CLC102616,,<unknown>,LOCAL_COURT
CLC102617,,<unknown>,LOCAL_COURT
CLC103165,,<unknown>,MOJ_MASTER
CLC103178,,<unknown>,MOJ_MASTER
CLC103179,,<unknown>,MOJ_MASTER
CLC103402,,<unknown>,OMPERTH
CLC103403,,<unknown>,OMPERTH
CLC103425,,<unknown>,LOCAL_COURT
CLC103621,,<unknown>,MOJ_MASTER
CLC103622,,<unknown>,MOJ_MASTER
CLC103623,,<unknown>,MOJ_MASTER
CLC103624,,<unknown>,MOJ_MASTER
CLC103625,,<unknown>,MOJ_MASTER
CLC103626,,<unknown>,MOJ_MASTER
CLC103627,,<unknown>,MOJ_MASTER
CLC103628,,<unknown>,MOJ_MASTER
CLC103629,,<unknown>,MOJ_MASTER
CLC103630,,<unknown>,MOJ_MASTER
CLC103631,,<unknown>,MOJ_MASTER
CLC103632,,<unknown>,MOJ_MASTER
CLC103633,,<unknown>,MOJ_MASTER
CLC103647,,<unknown>,MOJ_MASTER
CLC105393,,<unknown>,MOJ_MASTER
CLC105404,,<unknown>,MOJ_MASTER
CLC105411,,<unknown>,MOJ_MASTER
CLC105442,,<unknown>,MOJ_MASTER
CLC105454,,<unknown>,MOJ_MASTER
CLC95551,,<unknown>,MOJ_MASTER
CLC97153,,<unknown>,MOJ_MASTER
CLC97153,,<unknown>,LOCAL_COURT
CLEAKW-RGO,,<unknown>,RGO
CLEMENTA-WRP,,<unknown>,CORP_SERVICES
CLUTTONP-ORP,,<unknown>,CORP_SERVICES
CLUTTONP_ORP,,<unknown>,CORP_SERVICES
CLYDEV-FIN,,<unknown>,CORP_SERVICES
COEC-ISD,,<unknown>,CORP_SERVICES
COEC_ISD,,<unknown>,CORP_SERVICES
COEC_VSS,,<unknown>,CORP_SERVICES
COFFEYG-ISD,,<unknown>,CORP_SERVICES
COLLARDD_HRS,,<unknown>,CORP_SERVICES
COLLINSY-ISD,,<unknown>,CORP_SERVICES
COLLINSY_ISD,,<unknown>,CORP_SERVICES
COMDECK-TOMS,,<unknown>,OMPERTH
COMPAQ1,,<unknown>,MOJ_MASTER
COMPAQ2,,<unknown>,MOJ_MASTER
COMPNAME,,<unknown>,MOJ_MASTER
CONCETTM-FIN,,<unknown>,CORP_SERVICES
CONNORJ_MIL,,<unknown>,OMPERTH
CONNORJ_MIL,,<unknown>,CORP_SERVICES
CONTRACTER-OM,,<unknown>,CORP_SERVICES
COOKSONP-ISD,,<unknown>,CORP_SERVICES
COOPERC-JAR,,<unknown>,JARDINE
COPEN-ISD,,<unknown>,CORP_SERVICES
COPEN-SBS,,<unknown>,CORP_SERVICES
COPES,,<unknown>,CORP_SERVICES
COPES-ISD,,<unknown>,JUSTICE
COPES-ISD,,<unknown>,CORP_SERVICES
CORC101720,,<unknown>,LOCAL_COURT
CORC97311,,<unknown>,LOCAL_COURT
CORC97312,,<unknown>,LOCAL_COURT
CORC97313,,<unknown>,LOCAL_COURT
CORC97314,,<unknown>,LOCAL_COURT
CORC97315,,<unknown>,LOCAL_COURT
CORC99807,,<unknown>,CORP_SERVICES
CORON102948,,<unknown>,MOJ_MASTER
CORPUSE2-ISD,,<unknown>,MOJ_MASTER
CORPUSE2-ISD,,<unknown>,CORP_SERVICES
CORPUSER-ISD,,<unknown>,CORP_SERVICES
CORSEB,,<unknown>,CORP_SERVICES
COSSTICKP-TOM,,<unknown>,CORP_SERVICES
COTTERELL-RGO,,<unknown>,RGO
COURTICG_ISD,,<unknown>,CORP_SERVICES
COUSINSM-RGO,,<unknown>,RGO
COWANG_MHC,,<unknown>,LOCAL_COURT
COWANH-PPP,,<unknown>,CORP_SERVICES
COWENH-PPP,,<unknown>,MOJ_MASTER
COWENH-PPP,,<unknown>,CORP_SERVICES
COWLESR-DGO,,<unknown>,CORP_SERVICES
COWLESR-HRS,,<unknown>,CORP_SERVICES
CPMAN,,<unknown>,CORP_SERVICES
CRAMB-PIP,,<unknown>,CORP_SERVICES
CRANBROOK,,<unknown>,CORP_SERVICES
CRAVENB-GEC,,<unknown>,CORP_SERVICES
CRAVENB-ISD,,<unknown>,OMPERTH
CRAVENB-ISD,,<unknown>,CORP_SERVICES
CRAWSHAN-RGO,,<unknown>,RGO
CREM100296,,<unknown>,OMMETROSOUTH
CREM100303,,<unknown>,OMMETROSOUTH
CREM100320,,<unknown>,OMMETROSOUTH
CREM100328,,<unknown>,OMMETROSOUTH
CREM103145,,<unknown>,OMMETROSOUTH
CREM103147,,<unknown>,OMMETROSOUTH
CROC103095,,<unknown>,MOJ_MASTER
CROC103140,,<unknown>,MOJ_MASTER
CROOKEJ-JAR,,<unknown>,JARDINE
CROUCHD_CRT,,<unknown>,CORP_SERVICES
CRUSADOT-PA.L,,<unknown>,CORP_SERVICES
CSABAK-PAL,,<unknown>,CORP_SERVICES
CSC-A029568,,<unknown>,MOJ_MASTER
CSC-PQOK82273IJ,,<unknown>,MOJ_MASTER
CSC-PVKV5IIMZYY,,<unknown>,MOJ_MASTER
CSC-SUPPORT,,<unknown>,MOJ_MASTER
CSC101810,,<unknown>,MOJ_MASTER
CSC103134,,<unknown>,MOJ_MASTER
CSC103170,,<unknown>,MOJ_MASTER
CSC96212,,<unknown>,MOJ_MASTER
CSCA029568,,<unknown>,MOJ_MASTER
CSCA031303,,<unknown>,MOJ_MASTER
CSCAAB08271,,<unknown>,MOJ_MASTER
CSCDIAG01,,<unknown>,MOJ_MASTER
CSCDIAGSRV,,<unknown>,MOJ_MASTER
CSO_TEST,,<unknown>,CORP_SERVICES
CSOCOMM,,<unknown>,CORP_SERVICES
CSOLCMAN-CSO,,<unknown>,CORP_SERVICES
CTG-103440,,<unknown>,MOJ_MASTER
CTG103440,,<unknown>,MOJ_MASTER
CULLENB-JAR,,<unknown>,MOJ_MASTER
CULLENB-JAR,,<unknown>,JARDINE
CULLENBI-JAR,,<unknown>,MOJ_MASTER
CURTINJ-OS,,<unknown>,CORP_SERVICES
CUSENSD-ISD,,<unknown>,CORP_SERVICES
CV-PRISON1,,<unknown>,OMMETROSOUTH
CVFINANCE2,,<unknown>,OMMETROSOUTH
CVPRISON-CVP,,<unknown>,OMMETROSOUTH
CWCRC-OMD,,<unknown>,OMMETROSOUTH
DALEYD-CC,,<unknown>,CORP_SERVICES
DALEYD-OMT,,<unknown>,CORP_SERVICES
DARBYI18_HRS,,<unknown>,CORP_SERVICES
DARBYI_HRS,,<unknown>,CORP_SERVICES
DARCYEVM-RGO,,<unknown>,RGO
DATAWARE-ISD,,<unknown>,CORP_SERVICES
DAVIDM-PAL,,<unknown>,CORP_SERVICES
DAVIDM-PPP,,<unknown>,CORP_SERVICES
DAVISL-RGO,,<unknown>,RGO
DAVISP-PPP,,<unknown>,CORP_SERVICES
DAWSONA,,<unknown>,CORP_SERVICES
DAYMONDP-EWR,,<unknown>,CORP_SERVICES
DBAHELP,,<unknown>,CORP_SERVICES
DECINQUA_HRS,,<unknown>,CORP_SERVICES
DELPRETEV_HRS,,<unknown>,CORP_SERVICES
DEMOUNCP,,<unknown>,CORP_SERVICES
DEPELLES_ISD,,<unknown>,CORP_SERVICES
DEUTHSCHS-LIB,,<unknown>,CORP_SERVICES
DEUTSCHS-LIB,,<unknown>,CORP_SERVICES
DEVANEYS-ISD,,<unknown>,CORP_SERVICES
DEVEL-IMB,,<unknown>,CORP_SERVICES
DICKERJ-PAL,,<unknown>,CORP_SERVICES
DIMOVSKIS_HRS,,<unknown>,CORP_SERVICES
DIMOVSKIS_ISD,,<unknown>,CORP_SERVICES
DITCHBUB-2KY,,<unknown>,CORP_SERVICES
DITCHBUB-Y2K,,<unknown>,CORP_SERVICES
DLIMAR_CAS,,<unknown>,CORP_SERVICES
DMELLO-PPP,,<unknown>,CORP_SERVICES
DMELLOI-PPP,,<unknown>,CORP_SERVICES
DMELLOR_ISD,,<unknown>,CORP_SERVICES
DOJPTOSRV01,,<unknown>,MOJ_MASTER
DONOVANB-OM,,<unknown>,OMPERTH
DOUGLASC-HRS,,<unknown>,CORP_SERVICES
DOV-GEC,,<unknown>,MOJ_MASTER
dov-gec,,<unknown>,CORP_SERVICES
DOV-ISD,,<unknown>,CORP_SERVICES
DOWEA-RGO,,<unknown>,RGO
DOYLEK-PPP,,<unknown>,CORP_SERVICES
DPP-1354,,<unknown>,CORP_SERVICES
DPP-BUNBURY,,<unknown>,MOJ_MASTER
DPP-CD2000-1,,<unknown>,CORP_SERVICES
DSILVAH-RGO,,<unknown>,RGO
DUNCANJ,,<unknown>,CORP_SERVICES
DUNSTALJ-OM,,<unknown>,CORP_SERVICES
E-PC,,<unknown>,MOJ_MASTER
E-VECTRA1,,<unknown>,MOJ_MASTER
EAGO100189,,<unknown>,OMSOUTH
EAGO100189,,<unknown>,MOJ_MASTER
EAGO100198,,<unknown>,OMSOUTH
EAGO100198,,<unknown>,MOJ_MASTER
EARPM-RGO,,<unknown>,RGO
EDGART-RGO,,<unknown>,RGO
EDGART-RGO,,<unknown>,CORP_SERVICES
EDLANDR-CRT,,<unknown>,CORP_SERVICES
EDMONDSL_HRS,,<unknown>,CORP_SERVICES
EDMONSONG-EDU,,<unknown>,OMPERTH
EDMONSONG-EDU,,<unknown>,CORP_SERVICES
EDWARDSB_ISD,,<unknown>,CORP_SERVICES
EDWARDSD-OPA,,<unknown>,CORP_SERVICES
EGANG_VSS,,<unknown>,VSS
EGANG_VSS,,<unknown>,OMMETROSOUTH
EGANG_VSS,,<unknown>,MOJ_MASTER
ELDREDP-GAB,,<unknown>,CORP_SERVICES
ERCEGOVH_MHC,,<unknown>,LOCAL_COURT
ESCRIBE-ISD,,<unknown>,CORP_SERVICES
ESCRIBE-SVR,,<unknown>,CORP_SERVICES
ESG1-TSS,,<unknown>,CORP_SERVICES
ESPC105407,,<unknown>,MOJ_MASTER
ESPELETJ-OR,,<unknown>,CORP_SERVICES
EVANSN-BAN,,<unknown>,CORP_SERVICES
EVANSN-OM,,<unknown>,CORP_SERVICES
EVANSS-PPP,,<unknown>,CORP_SERVICES
EVECTRAPC,,<unknown>,MOJ_MASTER
EVESR-HR,,<unknown>,CORP_SERVICES
EVESR-HRS,,<unknown>,CORP_SERVICES
EXPEDITORSRV,,<unknown>,JUSTICE
FALZONJ-ISD,,<unknown>,CORP_SERVICES
FALZONJ_ISD,,<unknown>,CORP_SERVICES
FAMC103596,,<unknown>,MOJ_MASTER
FCBS,,<unknown>,CORP_SERVICES
FCS54530,,<unknown>,MOJ_MASTER
FCWA101985,,<unknown>,MOJ_MASTER
FCWA102136,,<unknown>,MOJ_MASTER
FCWA102139,,<unknown>,MOJ_MASTER
FCWA102142,,<unknown>,MOJ_MASTER
FCWA102145,,<unknown>,MOJ_MASTER
FCWA102148,,<unknown>,MOJ_MASTER
FCWA102149,,<unknown>,MOJ_MASTER
FCWA102151,,<unknown>,MOJ_MASTER
FCWA102168,,<unknown>,MOJ_MASTER
FCWA102169,,<unknown>,MOJ_MASTER
FCWA102170,,<unknown>,MOJ_MASTER
FCWA102171,,<unknown>,MOJ_MASTER
FCWA102172,,<unknown>,MOJ_MASTER
FCWA102173,,<unknown>,MOJ_MASTER
FCWA102210,,<unknown>,MOJ_MASTER
FCWA102211,,<unknown>,MOJ_MASTER
FCWA102212,,<unknown>,MOJ_MASTER
FCWA102213,,<unknown>,MOJ_MASTER
FCWA102214,,<unknown>,MOJ_MASTER
FCWA102215,,<unknown>,MOJ_MASTER
FCWA102216,,<unknown>,MOJ_MASTER
FCWA102217,,<unknown>,MOJ_MASTER
FCWA102218,,<unknown>,MOJ_MASTER
FCWA102219,,<unknown>,MOJ_MASTER
FCWA102220,,<unknown>,MOJ_MASTER
FCWA102221,,<unknown>,MOJ_MASTER
FCWA102222,,<unknown>,MOJ_MASTER
FCWA102223,,<unknown>,MOJ_MASTER
FCWA102224,,<unknown>,MOJ_MASTER
FCWA102225,,<unknown>,MOJ_MASTER
FCWA102226,,<unknown>,MOJ_MASTER
FCWA102227,,<unknown>,MOJ_MASTER
FCWA102228,,<unknown>,MOJ_MASTER
FCWA102229,,<unknown>,MOJ_MASTER
FCWA102230,,<unknown>,MOJ_MASTER
FCWA102231,,<unknown>,MOJ_MASTER
FCWA102232,,<unknown>,MOJ_MASTER
FCWA102233,,<unknown>,MOJ_MASTER
FCWA102234,,<unknown>,MOJ_MASTER
FCWA102235,,<unknown>,MOJ_MASTER
FCWA102236,,<unknown>,MOJ_MASTER
FCWA102237,,<unknown>,MOJ_MASTER
FCWA102238,,<unknown>,MOJ_MASTER
FCWA102239,,<unknown>,MOJ_MASTER
FCWA102240,,<unknown>,MOJ_MASTER
FCWA102241,,<unknown>,MOJ_MASTER
FCWA102242,,<unknown>,MOJ_MASTER
FCWA102243,,<unknown>,MOJ_MASTER
FCWA102244,,<unknown>,MOJ_MASTER
FCWA102245,,<unknown>,MOJ_MASTER
FCWA102246,,<unknown>,MOJ_MASTER
FCWA102247,,<unknown>,MOJ_MASTER
FCWA102248,,<unknown>,MOJ_MASTER
FCWA102249,,<unknown>,MOJ_MASTER
FCWA102250,,<unknown>,MOJ_MASTER
FCWA102251,,<unknown>,MOJ_MASTER
FCWA102252,,<unknown>,MOJ_MASTER
FCWA102253,,<unknown>,MOJ_MASTER
FCWA102254,,<unknown>,MOJ_MASTER
FCWA102255,,<unknown>,MOJ_MASTER
FCWA102256,,<unknown>,MOJ_MASTER
FCWA102257,,<unknown>,MOJ_MASTER
FCWA102258,,<unknown>,MOJ_MASTER
FCWA102259,,<unknown>,MOJ_MASTER
FCWA102260,,<unknown>,MOJ_MASTER
FCWA102261,,<unknown>,MOJ_MASTER
FCWA102262,,<unknown>,MOJ_MASTER
FCWA102263,,<unknown>,MOJ_MASTER
FCWA102264,,<unknown>,MOJ_MASTER
FCWA102265,,<unknown>,MOJ_MASTER
FCWA102266,,<unknown>,MOJ_MASTER
FCWA102267,,<unknown>,MOJ_MASTER
FCWA102268,,<unknown>,MOJ_MASTER
FCWA102269,,<unknown>,MOJ_MASTER
FCWA102270,,<unknown>,MOJ_MASTER
FCWA102271,,<unknown>,MOJ_MASTER
FCWA102272,,<unknown>,MOJ_MASTER
FCWA102273,,<unknown>,MOJ_MASTER
FCWA102274,,<unknown>,MOJ_MASTER
FCWA102275,,<unknown>,MOJ_MASTER
FCWA102276,,<unknown>,MOJ_MASTER
FCWA102277,,<unknown>,MOJ_MASTER
FCWA102278,,<unknown>,MOJ_MASTER
FCWA102279,,<unknown>,MOJ_MASTER
FCWA102280,,<unknown>,MOJ_MASTER
FCWA102452,,<unknown>,MOJ_MASTER
FCWA102453,,<unknown>,MOJ_MASTER
FCWA102454,,<unknown>,MOJ_MASTER
FCWA102455,,<unknown>,MOJ_MASTER
FCWA102456,,<unknown>,MOJ_MASTER
FCWA102457,,<unknown>,MOJ_MASTER
FCWA102458,,<unknown>,MOJ_MASTER
FCWA102459,,<unknown>,MOJ_MASTER
FCWA102460,,<unknown>,MOJ_MASTER
FCWA102461,,<unknown>,MOJ_MASTER
FCWA102462,,<unknown>,MOJ_MASTER
FCWA102463,,<unknown>,MOJ_MASTER
FCWA102464,,<unknown>,MOJ_MASTER
FCWA102465,,<unknown>,MOJ_MASTER
FCWA102466,,<unknown>,MOJ_MASTER
FCWA102467,,<unknown>,MOJ_MASTER
FCWA102468,,<unknown>,MOJ_MASTER
FCWA102469,,<unknown>,MOJ_MASTER
FCWA102470,,<unknown>,MOJ_MASTER
FCWA102471,,<unknown>,MOJ_MASTER
FCWA102472,,<unknown>,MOJ_MASTER
FCWA102473,,<unknown>,MOJ_MASTER
FCWA102474,,<unknown>,MOJ_MASTER
FCWA102516,,<unknown>,MOJ_MASTER
FCWA102517,,<unknown>,MOJ_MASTER
FCWA103596,,<unknown>,MOJ_MASTER
FCWA_SPARE,,<unknown>,MOJ_MASTER
FENNM-DC,,<unknown>,CORP_SERVICES
FERGUSOG-MAG,,<unknown>,LOCAL_COURT
FERGUSSD-FIN,,<unknown>,CORP_SERVICES
FERGUSSG-MHC,,<unknown>,LOCAL_COURT
FERRARIA-OME,,<unknown>,CORP_SERVICES
FISHER,,<unknown>,RGO
FISHERR-PPP,,<unknown>,CORP_SERVICES
FISKERK-DC,,<unknown>,CORP_SERVICES
FITTONJ-LIB,,<unknown>,CORP_SERVICES
FLEMINGM-FIN,,<unknown>,CORP_SERVICES
FLEMINGM-LGL,,<unknown>,CORP_SERVICES
FLEMMINGM_PAL,,<unknown>,CORP_SERVICES
FLEMMINM-FIN,,<unknown>,CORP_SERVICES
FLING-ISD,,<unknown>,JUSTICE
FLING-ISD,,<unknown>,CORP_SERVICES
FLYNNJ-ISD,,<unknown>,CORP_SERVICES
FLYNNK-PC,,<unknown>,CORP_SERVICES
FMIS_ISD,,<unknown>,CORP_SERVICES
FMISADITEST_ISD,,<unknown>,CORP_SERVICES
FMISCON-ISD,,<unknown>,CORP_SERVICES
FMISCONS-ISD,,<unknown>,CORP_SERVICES
FOLEYH-DIS,,<unknown>,OMPERTH
FOLEYH-OM,,<unknown>,OMPERTH
FOLEYH-SURU,,<unknown>,OMPERTH
FOLEYH-SURU,,<unknown>,CORP_SERVICES
FOSTERR-CRT,,<unknown>,CORP_SERVICES
FOXK-OME,,<unknown>,MOJ_MASTER
FOXK-OME,,<unknown>,CORP_SERVICES
FRANCISG-ORP,,<unknown>,CORP_SERVICES
FREC103112,,<unknown>,MOJ_MASTER
FREC98617,,<unknown>,OMMETROSOUTH
FREC98621,,<unknown>,OMMETROSOUTH
FREC98627,,<unknown>,OMMETRONORTH
FREO103293,,<unknown>,MOJ_MASTER
FREO103296,,<unknown>,MOJ_MASTER
FREO103301,,<unknown>,MOJ_MASTER
FREO103302,,<unknown>,MOJ_MASTER
FREO103304,,<unknown>,MOJ_MASTER
FREO103305,,<unknown>,MOJ_MASTER
FREO103308,,<unknown>,MOJ_MASTER
GAB-95300,,<unknown>,LOCAL_COURT
GAB-95302,,<unknown>,LOCAL_COURT
GAB1,,<unknown>,MOJ_MASTER
GAB102180,,<unknown>,CORP_SERVICES
GAB103556,,<unknown>,MOJ_MASTER
GAB103564,,<unknown>,MOJ_MASTER
GAB103565,,<unknown>,MOJ_MASTER
GAB103570,,<unknown>,MOJ_MASTER
GAB103572,,<unknown>,MOJ_MASTER
GAB104060,,<unknown>,MOJ_MASTER
GAB96992,,<unknown>,MOJ_MASTER
GAB96992,,<unknown>,CORP_SERVICES
GAFFNEYE-FIN,,<unknown>,CORP_SERVICES
GAFFNEYE_PUR,,<unknown>,CORP_SERVICES
GALIPOR-ISD,,<unknown>,CORP_SERVICES
GANGELLJ-FIN,,<unknown>,CORP_SERVICES
GANZERA-OM,,<unknown>,CORP_SERVICES
GANZERA-PPP,,<unknown>,CORP_SERVICES
GARVEYM,,<unknown>,CORP_SERVICES
GARVEYM-ISD,,<unknown>,CORP_SERVICES
GARVEYM_ISD,,<unknown>,CORP_SERVICES
GASCHKR-ISD,,<unknown>,CORP_SERVICES
GASSELSP,,<unknown>,CORP_SERVICES
GASSELSP-GEC,,<unknown>,CORP_SERVICES
GASSELSP-ISD,,<unknown>,CORP_SERVICES
GATERS-PA,,<unknown>,CORP_SERVICES
GATERS-PAB,,<unknown>,CORP_SERVICES
GE-BLOGGD,,<unknown>,CORP_SERVICES
GE-COLLINSY,,<unknown>,CORP_SERVICES
GE-COPES,,<unknown>,CORP_SERVICES
GEE105149,,<unknown>,MOJ_MASTER
GENERAL-PPP,,<unknown>,CORP_SERVICES
GENISYS-ISD,,<unknown>,MOJ_MASTER
GENISYS-ISD,,<unknown>,CORP_SERVICES
GENISYSSUPPORT,,<unknown>,CORP_SERVICES
GEO,,<unknown>,CORP_SERVICES
GERC103039,,<unknown>,OMNORTH
GERC103130,,<unknown>,OMNORTH
GERC103216,,<unknown>,OMSOUTH
GERC103216,,<unknown>,OMNORTH
GERC103221,,<unknown>,OMNORTH
GERC103831,,<unknown>,OMNORTH
GERC103831,,<unknown>,OMMETRONORTH
GERC98153,,<unknown>,OMNORTH
GERC98154,,<unknown>,OMNORTH
GERC98155,,<unknown>,OMNORTH
GERC98156,,<unknown>,OMNORTH
GERC98157,,<unknown>,OMNORTH
GERC98158,,<unknown>,OMNORTH
GERC98159,,<unknown>,OMNORTH
GERC98297,,<unknown>,OMNORTH
GERC98298,,<unknown>,OMNORTH
GERC98299,,<unknown>,OMNORTH
GILMOREA-MIS,,<unknown>,OMPERTH
GILMOURA-EDU,,<unknown>,CORP_SERVICES
GODFREYS-ISD,,<unknown>,CORP_SERVICES
GODFREYS_ISD,,<unknown>,CORP_SERVICES
GOKUJI,,<unknown>,MOJ_MASTER
GOODET-PAL,,<unknown>,CORP_SERVICES
GRAHAMM-OR,,<unknown>,CORP_SERVICES
GREC98196,,<unknown>,OMNORTH
GREE103029,,<unknown>,OMNORTH
GREE103139,,<unknown>,MOJ_MASTER
GREE103149,,<unknown>,OMMETRONORTH
GREE103406,,<unknown>,MOJ_MASTER
GREE103417,,<unknown>,MOJ_MASTER
GREE105149,,<unknown>,MOJ_MASTER
GREE95872,,<unknown>,OMNORTH
GREE98160,,<unknown>,OMNORTH
GREE98160,,<unknown>,OMMETRONORTH
GREE98160,,<unknown>,MOJ_MASTER
GREE98170,,<unknown>,OMPERTH
GREE98190,,<unknown>,OMNORTH
GREE98196,,<unknown>,OMNORTH
GREENN-PIP,,<unknown>,CORP_SERVICES
GTHOMPSON- HOME,,<unknown>,MOJ_MASTER
GTHOMPSON-HOME,,<unknown>,MOJ_MASTER
GWYN98750,,<unknown>,OMMETROSOUTH
GWYT98750,,<unknown>,OMPERTH
HADDRILN-PAF,,<unknown>,CORP_SERVICES
HAKE102103,,<unknown>,MOJ_MASTER
HAKE102310,,<unknown>,MOJ_MASTER
HAKE102578,,<unknown>,OMMETROSOUTH
HAKE102911,,<unknown>,OMMETROSOUTH
HAKE103136,,<unknown>,MOJ_MASTER
HAKE103151,,<unknown>,MOJ_MASTER
HAKE103172,,<unknown>,OMMETROSOUTH
HAKE103228,,<unknown>,MOJ_MASTER
HAKE103392,,<unknown>,OMMETROSOUTH
HAKE103397,,<unknown>,OMPERTH
HAKE103502,,<unknown>,MOJ_MASTER
HAKE103503,,<unknown>,MOJ_MASTER
HAKE95424,,<unknown>,OMMETROSOUTH
HAKE95565,,<unknown>,OMMETROSOUTH
HAKE95689,,<unknown>,OMMETROSOUTH
HAKE95689,,<unknown>,MOJ_MASTER
HAKE95752,,<unknown>,OMMETROSOUTH
HAKE95758,,<unknown>,OMMETROSOUTH
HAKE97305,,<unknown>,OMMETROSOUTH
HAKEACTS1,,<unknown>,MOJ_MASTER
HAMD-IT,,<unknown>,OMPERTH
HAMD-OM,,<unknown>,OMPERTH
HARPERR-RGO,,<unknown>,RGO
HARRISOL-PUB,,<unknown>,CORP_SERVICES
HARRISONL-OME,,<unknown>,CORP_SERVICES
HARROLDD_PCO,,<unknown>,CORP_SERVICES
HARTL-HRS,,<unknown>,CORP_SERVICES
HARVEYC-EDU,,<unknown>,OMPERTH
HARVEYC-EDU,,<unknown>,CORP_SERVICES
HASSONJ-CPR,,<unknown>,OMMETROSOUTH
HAWKERC-HR,,<unknown>,CORP_SERVICES
HAWKERC_HRS,,<unknown>,CORP_SERVICES
HAYDEN-EDU,,<unknown>,CORP_SERVICES
HAYDENB-OM,,<unknown>,OMPERTH
HELPDBA_ISD,,<unknown>,CORP_SERVICES
HELPDESK-STD,,<unknown>,MOJ_MASTER
HELPDESK-STD,,<unknown>,CORP_SERVICES
HELPDESK4-ISD,,<unknown>,MOJ_MASTER
HERTZLED,,<unknown>,CORP_SERVICES
HEWSOND-ISD,,<unknown>,CORP_SERVICES
HEWSONP-ISD,,<unknown>,JUSTICE
HEWSONP-ISD,,<unknown>,CORP_SERVICES
HIGGENSR-EDU,,<unknown>,OMPERTH
HIGGENSR-EDU,,<unknown>,CORP_SERVICES
HODGKING-HEA,,<unknown>,CORP_SERVICES
HOLLANDC-FIN,,<unknown>,CORP_SERVICES
HOLLANDC_FIN,,<unknown>,CORP_SERVICES
HOLTS-OM,,<unknown>,CORP_SERVICES
HOLTS-PPP,,<unknown>,CORP_SERVICES
HOLTS2-PPP,,<unknown>,CORP_SERVICES
HOM_CORP,,<unknown>,CORP_SERVICES
HOOKM-RGO,,<unknown>,RGO
HORNET_CRT,,<unknown>,CORP_SERVICES
HOSSZUF-REC,,<unknown>,CORP_SERVICES
HOT-OME,,<unknown>,CORP_SERVICES
HOWSONA-MAN,,<unknown>,OMMETROSOUTH
HOWSONA-MAN,,<unknown>,MOJ_MASTER
HP - DEMO,,<unknown>,CORP_SERVICES
HP166-ISD,,<unknown>,OMPERTH
HP166-ISD,,<unknown>,CORP_SERVICES
HP166STD-ISD,,<unknown>,OMPERTH
HP200-STD,,<unknown>,OMPERTH
HPCHANGE1,,<unknown>,CORP_SERVICES
HPLANTEST,,<unknown>,CORP_SERVICES
HPVE-EVAL,,<unknown>,CORP_SERVICES
HPVE7WKSTN,,<unknown>,CORP_SERVICES
HPVE8333-STD,,<unknown>,OMPERTH
HPVE8333-STD,,<unknown>,LOCAL_COURT
HPVEI8400-STD,,<unknown>,LOCAL_COURT
HPVEI8400-STD,,<unknown>,CORP_SERVICES
HPVIE8450-STD,,<unknown>,CORP_SERVICES
HPVL166-ISD,,<unknown>,MOJ_MASTER
HPVL166-ISD,,<unknown>,CORP_SERVICES
HR-TEST,,<unknown>,CORP_SERVICES
HRPROJ-HRS,,<unknown>,CORP_SERVICES
HRPROJ1-HRS,,<unknown>,CORP_SERVICES
HRTRAIN1,,<unknown>,CORP_SERVICES
HRTRAIN10,,<unknown>,CORP_SERVICES
HRTRAIN11,,<unknown>,CORP_SERVICES
HRTRAIN12,,<unknown>,CORP_SERVICES
HRTRAIN13,,<unknown>,CORP_SERVICES
HRTRAIN2,,<unknown>,CORP_SERVICES
HRTRAIN3,,<unknown>,CORP_SERVICES
HRTRAIN4,,<unknown>,CORP_SERVICES
HRTRAIN5,,<unknown>,CORP_SERVICES
HRTRAIN6,,<unknown>,CORP_SERVICES
HRTRAIN7,,<unknown>,CORP_SERVICES
HRTRAIN8,,<unknown>,CORP_SERVICES
HRTRAIN9,,<unknown>,CORP_SERVICES
HUGHEB-GAB,,<unknown>,CORP_SERVICES
HUGHESB-GAB,,<unknown>,CORP_SERVICES
HUGHESS-ISD,,<unknown>,CORP_SERVICES
HUGHEST-EDU,,<unknown>,OMPERTH
HUGHEST-EDU,,<unknown>,CORP_SERVICES
HUMANR,,<unknown>,CORP_SERVICES
HUMER-HR,,<unknown>,CORP_SERVICES
HUNTERA-ISD,,<unknown>,JUSTICE
HURSTC-LIB,,<unknown>,CORP_SERVICES
HYFHG,,<unknown>,MOJ_MASTER
IBM-EVAL,,<unknown>,CORP_SERVICES
IBM560E,,<unknown>,CORP_SERVICES
IBM_A20P-W2K,,<unknown>,MOJ_MASTER
ICMS103374,,<unknown>,MOJ_MASTER
ICMS103377,,<unknown>,MOJ_MASTER
ICMS103378,,<unknown>,MOJ_MASTER
ICMS103382,,<unknown>,MOJ_MASTER
ICMS103440,,<unknown>,MOJ_MASTER
ICMS103507,,<unknown>,MOJ_MASTER
ICMS103635,,<unknown>,MOJ_MASTER
ICMS103639,,<unknown>,MOJ_MASTER
ICMS103644,,<unknown>,MOJ_MASTER
ICMS103646,,<unknown>,MOJ_MASTER
ICMS103647,,<unknown>,MOJ_MASTER
ICMS95967,,<unknown>,MOJ_MASTER
ILICHS-HR2,,<unknown>,JUSTICE
ILICHS-HR2,,<unknown>,CORP_SERVICES
ILICHS_HRS,,<unknown>,CORP_SERVICES
IMB-SPARE,,<unknown>,CORP_SERVICES
IMBSPARE-ISD,,<unknown>,CORP_SERVICES
IMBTESTPC,,<unknown>,CORP_SERVICES
INAL103065,,<unknown>,OMMETROSOUTH
INAL105429,,<unknown>,MOJ_MASTER
INAL105433,,<unknown>,MOJ_MASTER
INCER-FIN,,<unknown>,CORP_SERVICES
INCOURT1-ISD,,<unknown>,CORP_SERVICES
INCOURT2-ISD,,<unknown>,CORP_SERVICES
INETDEVL-IMB,,<unknown>,CORP_SERVICES
INTERNET2-JAR,,<unknown>,OMPERTH
INV_RES103706,,<unknown>,OMMETROSOUTH
INV_RES103707,,<unknown>,MOJ_MASTER
IPEX_EVAL,,<unknown>,CORP_SERVICES
IRELANDG_HR,,<unknown>,CORP_SERVICES
IRVINGL-CCT,,<unknown>,CORP_SERVICES
ISAACSK-OS,,<unknown>,OMPERTH
ISAACSK-OS,,<unknown>,CORP_SERVICES
IT,,<unknown>,CORP_SERVICES
ITALIANO-FIN,,<unknown>,CORP_SERVICES
ITALIANO_FIN,,<unknown>,CORP_SERVICES
ITPC1-CLC,,<unknown>,LOCAL_COURT
ITPC1-CLC,,<unknown>,CORP_SERVICES
ITPC2-CLC,,<unknown>,LOCAL_COURT
ITPC2-CLC,,<unknown>,CORP_SERVICES
ITT-CDR,,<unknown>,CORP_SERVICES
ITZSTEIR,,<unknown>,CORP_SERVICES
JACKB-FIN,,<unknown>,CORP_SERVICES
JACKB_FIN,,<unknown>,CORP_SERVICES
JACKSONS-FIN,,<unknown>,CORP_SERVICES
JACS-FIN,,<unknown>,CORP_SERVICES
JAMESA-FER,,<unknown>,LOCAL_COURT
JAMESA-FIN,,<unknown>,CORP_SERVICES
JAMIESOA,,<unknown>,CORP_SERVICES
JAMIESOA-AST,,<unknown>,CORP_SERVICES
JAMIESONA-OEM,,<unknown>,CORP_SERVICES
JANOWICT-FIN,,<unknown>,CORP_SERVICES
JARD101141,,<unknown>,MOJ_MASTER
JARD101363,,<unknown>,MOJ_MASTER
JARD101667,,<unknown>,MOJ_MASTER
JARD101696,,<unknown>,OMPERTH
JARD101713,,<unknown>,OMPERTH
JARD101735,,<unknown>,MOJ_MASTER
JARD101756,,<unknown>,JARDINE
JARD101804,,<unknown>,OMPERTH
JARD101811,,<unknown>,OMPERTH
JARD102174,,<unknown>,MOJ_MASTER
JARD102174,,<unknown>,JARDINE
JARD102175,,<unknown>,MOJ_MASTER
JARD102284,,<unknown>,MOJ_MASTER
JARD102490,,<unknown>,OMPERTH
JARD102566,,<unknown>,OMPERTH
JARD102630,,<unknown>,JARDINE
JARD103018,,<unknown>,JARDINE
JARD103044,,<unknown>,OMPERTH
JARD103044,,<unknown>,MOJ_MASTER
JARD103045,,<unknown>,MOJ_MASTER
JARD103088,,<unknown>,MOJ_MASTER
JARD103107,,<unknown>,MOJ_MASTER
JARD103109,,<unknown>,MOJ_MASTER
JARD103229,,<unknown>,MOJ_MASTER
JARD103291,,<unknown>,MOJ_MASTER
JARD103383,,<unknown>,MOJ_MASTER
JARD103433,,<unknown>,JARDINE
JARD103434,,<unknown>,JARDINE
JARD103620,,<unknown>,MOJ_MASTER
JARD104050,,<unknown>,JARDINE
JARD105419,,<unknown>,MOJ_MASTER
JARD105422,,<unknown>,MOJ_MASTER
JARD95010,,<unknown>,MOJ_MASTER
JARD95214,,<unknown>,MOJ_MASTER
JARD95353,,<unknown>,JARDINE
JARD95354,,<unknown>,OMPERTH
JARD95354,,<unknown>,MOJ_MASTER
JARD95355,,<unknown>,MOJ_MASTER
JARD95355,,<unknown>,JARDINE
JARD95390,,<unknown>,OMPERTH
JARD95390,,<unknown>,JARDINE
JARD95419,,<unknown>,OMPERTH
JARD95461,,<unknown>,MOJ_MASTER
JARD95473,,<unknown>,MOJ_MASTER
JARD95526,,<unknown>,MOJ_MASTER
JARD95565,,<unknown>,MOJ_MASTER
JARD95565,,<unknown>,JARDINE
JARD95578,,<unknown>,MOJ_MASTER
JARD95579,,<unknown>,MOJ_MASTER
JARD95579,,<unknown>,JARDINE
JARD95581,,<unknown>,MOJ_MASTER
JARD95582,,<unknown>,MOJ_MASTER
JARD95583,,<unknown>,MOJ_MASTER
JARD95584,,<unknown>,MOJ_MASTER
JARD95585,,<unknown>,MOJ_MASTER
JARD95586,,<unknown>,MOJ_MASTER
JARD95587,,<unknown>,MOJ_MASTER
JARD95587,,<unknown>,JARDINE
JARD95598,,<unknown>,OMPERTH
JARD95599,,<unknown>,MOJ_MASTER
JARD95600,,<unknown>,MOJ_MASTER
JARD95769,,<unknown>,MOJ_MASTER
JARD95769,,<unknown>,JARDINE
JARD96829,,<unknown>,JARDINE
JARD98179,,<unknown>,OMPERTH
JARD98179,,<unknown>,MOJ_MASTER
JARD98180,,<unknown>,MOJ_MASTER
JARD98182,,<unknown>,MOJ_MASTER
JARD98370,,<unknown>,MOJ_MASTER
JARD98374,,<unknown>,MOJ_MASTER
JARD98375,,<unknown>,OMPERTH
JARD98382,,<unknown>,MOJ_MASTER
JARD98383,,<unknown>,MOJ_MASTER
JARD98388,,<unknown>,MOJ_MASTER
JARD98396,,<unknown>,JARDINE
JARD98646,,<unknown>,MOJ_MASTER
JARD99475,,<unknown>,JARDINE
JARD99848-2,,<unknown>,MOJ_MASTER
JEFFREYP,,<unknown>,CORP_SERVICES
JENKINSS-PPP,,<unknown>,CORP_SERVICES
JHEETAA-ISD,,<unknown>,CORP_SERVICES
JIMTEST-SHF,,<unknown>,LOCAL_COURT
JIMTEST-SHF,,<unknown>,CORP_SERVICES
JJVICPARK-PC,,<unknown>,OMMETROSOUTH
JOHNSM_HRS,,<unknown>,CORP_SERVICES
JOHNSONM-MHC,,<unknown>,LOCAL_COURT
JOKANOVD_HRS,,<unknown>,CORP_SERVICES
JONESE-PPP,,<unknown>,CORP_SERVICES
JONESJ-MI,,<unknown>,CORP_SERVICES
JONESJ-SOTU,,<unknown>,CORP_SERVICES
JONESJA-OM,,<unknown>,OMPERTH
JONESN-PAL,,<unknown>,CORP_SERVICES
JONESP,,<unknown>,CORP_SERVICES
JONESP-CSS,,<unknown>,CORP_SERVICES
JONESR-OME,,<unknown>,CORP_SERVICES
JONESR-PO,,<unknown>,CORP_SERVICES
JONEST-ISD,,<unknown>,CORP_SERVICES
JONESV_VSS,,<unknown>,VSS
JOOC103337,,<unknown>,MOJ_MASTER
JOOC103338,,<unknown>,MOJ_MASTER
JOOC103339,,<unknown>,MOJ_MASTER
JOOC103340,,<unknown>,MOJ_MASTER
JOOC103341,,<unknown>,MOJ_MASTER
JOOC103342,,<unknown>,MOJ_MASTER
JOOC103343,,<unknown>,MOJ_MASTER
JOOC103345,,<unknown>,MOJ_MASTER
JOOC103346,,<unknown>,MOJ_MASTER
JOOC103350,,<unknown>,MOJ_MASTER
JOOC103351,,<unknown>,MOJ_MASTER
JOOC103352,,<unknown>,MOJ_MASTER
JOOC103354,,<unknown>,MOJ_MASTER
JOOC103355,,<unknown>,MOJ_MASTER
JOOC103404,,<unknown>,MOJ_MASTER
JOOC99261,,<unknown>,OMMETRONORTH
JOON103338,,<unknown>,MOJ_MASTER
JOON99845,,<unknown>,LOCAL_COURT
JOON99846,,<unknown>,LOCAL_COURT
JORDANL-ISD,,<unknown>,CORP_SERVICES
JORDANL-ITT,,<unknown>,CORP_SERVICES
JORDANL_ISD,,<unknown>,CORP_SERVICES
KALAFATJ,,<unknown>,CORP_SERVICES
KALC100178,,<unknown>,OMSOUTH
KALC95386,,<unknown>,OMSOUTH
KALC95674,,<unknown>,OMSOUTH
KARC102894,,<unknown>,MOJ_MASTER
KARC103410,,<unknown>,MOJ_MASTER
KARC105453,,<unknown>,OMNORTH
KARN100099,,<unknown>,OMMETROSOUTH
KARN100130,,<unknown>,OMSOUTH
KARN101129,,<unknown>,OMSOUTH
KARN101682,,<unknown>,OMMETROSOUTH
KARN103109,,<unknown>,MOJ_MASTER
KARN103650,,<unknown>,MOJ_MASTER
KARN95349,,<unknown>,OMMETROSOUTH
KARN95640,,<unknown>,MOJ_MASTER
KARN95761,,<unknown>,OMMETROSOUTH
KARN98439,,<unknown>,OMMETROSOUTH
KARR38358,,<unknown>,OMNORTH
KARR98358,,<unknown>,OMNORTH
KAVVADIP-FIN,,<unknown>,CORP_SERVICES
KEALYK_ISD,,<unknown>,CORP_SERVICES
KEALYM_ISD,,<unknown>,CORP_SERVICES
KEATINGT-OME,,<unknown>,CORP_SERVICES
KEATINGT-OMT,,<unknown>,CORP_SERVICES
KELLYE-FIN,,<unknown>,CORP_SERVICES
KELLYS-HS,,<unknown>,OMPERTH
KELLYS-HS,,<unknown>,CORP_SERVICES
KENNEDYT_HRS,,<unknown>,CORP_SERVICES
KILC103189,,<unknown>,OMMETROSOUTH
KILL,,<unknown>,MOJ_MASTER
KILL101130,,<unknown>,OMMETROSOUTH
KILL101180,,<unknown>,OMMETROSOUTH
KILL102360,,<unknown>,OMMETROSOUTH
KILL96951,,<unknown>,OMMETROSOUTH
KILL98773,,<unknown>,MOJ_MASTER
KILL98774,,<unknown>,OMMETROSOUTH
KILL98776,,<unknown>,OMMETROSOUTH
KIMP-ISD,,<unknown>,CORP_SERVICES
KINGJ-FIN,,<unknown>,CORP_SERVICES
KINGP,,<unknown>,MOJ_MASTER
KINGP-FIN,,<unknown>,CORP_SERVICES
KIRTONJ-OS,,<unknown>,CORP_SERVICES
KLEINMAL,,<unknown>,CORP_SERVICES
KLEINMAL-ISD,,<unknown>,CORP_SERVICES
KLEINMAL_ISD,,<unknown>,CORP_SERVICES
KLEINMAM,,<unknown>,CORP_SERVICES
KLEINMAM-GAB,,<unknown>,CORP_SERVICES
KLUCKH-REC,,<unknown>,CORP_SERVICES
KLUCKM-OR,,<unknown>,CORP_SERVICES
KOLODYNSE-FIN,,<unknown>,CORP_SERVICES
KOTULAM-ISD,,<unknown>,CORP_SERVICES
KOTULAM_ISD,,<unknown>,CORP_SERVICES
KOUTROUV-ISD,,<unknown>,CORP_SERVICES
KOZMANM-APS,,<unknown>,CORP_SERVICES
KULJISM-CTS,,<unknown>,CORP_SERVICES
KULJISM-HRS,,<unknown>,CORP_SERVICES
L11CLC-1,,<unknown>,CORP_SERVICES
L11MAGCRT-LIB,,<unknown>,CORP_SERVICES
L11PCO-1,,<unknown>,CORP_SERVICES
L13DISTCRT-LIB,,<unknown>,CORP_SERVICES
L15WSQ-1,,<unknown>,CORP_SERVICES
L15WSQ-2,,<unknown>,CORP_SERVICES
L15WSQ-3,,<unknown>,CORP_SERVICES
L15WSQ-4,,<unknown>,CORP_SERVICES
L4FAM-2,,<unknown>,MOJ_MASTER
L4FAM-2,,<unknown>,CORP_SERVICES
LAGONIGR_HRS,,<unknown>,CORP_SERVICES
LAIRD-EDU,,<unknown>,OMPERTH
LAIRD-EDU,,<unknown>,CORP_SERVICES
LAKSAMAJ_ISD,,<unknown>,CORP_SERVICES
LAMBERTD-HEA,,<unknown>,CORP_SERVICES
LANGEJ-HRS,,<unknown>,CORP_SERVICES
LANGT-ISD,,<unknown>,LOCAL_COURT
langt-isd,,<unknown>,CORP_SERVICES
LANSING,,<unknown>,CORP_SERVICES
LARAIAE-GER,,<unknown>,CORP_SERVICES
LARAIRAE-GER,,<unknown>,CORP_SERVICES
LAWC103182,,<unknown>,OMPERTH
LAWC103183,,<unknown>,OMPERTH
LAWC103190,,<unknown>,OMPERTH
LAWC103196,,<unknown>,OMPERTH
LAWC103203,,<unknown>,OMPERTH
LAWC103538,,<unknown>,MOJ_MASTER
LAWC105442,,<unknown>,MOJ_MASTER
LAZARIDK-ISD,,<unknown>,CORP_SERVICES
LEEJ-FIN,,<unknown>,CORP_SERVICES
LEEJ_PUR,,<unknown>,CORP_SERVICES
LEGAL_TEST-ISD,,<unknown>,CORP_SERVICES
LEMERLEK-ORP,,<unknown>,CORP_SERVICES
LEWISJ_MHC,,<unknown>,LOCAL_COURT
LEXIS-LIB,,<unknown>,CORP_SERVICES
LIBSRV,,<unknown>,JUSTICE
LIBSRV,,<unknown>,CORP_SERVICES
LIEDELH-SOTU,,<unknown>,CORP_SERVICES
LINDONG,,<unknown>,CORP_SERVICES
LINGF-ISD,,<unknown>,CORP_SERVICES
LITCHFIELD-EDU,,<unknown>,OMPERTH
LITCHFIELD-EDU,,<unknown>,CORP_SERVICES
LITHEREL-OME,,<unknown>,CORP_SERVICES
LITHERL1-PO,,<unknown>,CORP_SERVICES
LIVERPOOL,,<unknown>,CORP_SERVICES
LLOPISH-PO,,<unknown>,CORP_SERVICES
LLOYDR,,<unknown>,CORP_SERVICES
LLOYDR-GEC,,<unknown>,CORP_SERVICES
LLOYDR-ISD,,<unknown>,CORP_SERVICES
LLOYDRY-ISD,,<unknown>,CORP_SERVICES
LOBBG,,<unknown>,CORP_SERVICES
LOGINS_SPAR-ISD,,<unknown>,JUSTICE
LOGINS_SPAR-ISD,,<unknown>,CORP_SERVICES
LOPEZK,,<unknown>,CORP_SERVICES
LOWRYM_ISD,,<unknown>,CORP_SERVICES
LOXTONA-SOTU,,<unknown>,OMPERTH
LOXTONA-SOTU,,<unknown>,CORP_SERVICES
LRCWA2-LRC,,<unknown>,CORP_SERVICES
LRCWA3-LRC,,<unknown>,CORP_SERVICES
LUCREJ-LIB,,<unknown>,CORP_SERVICES
LULISTIY_ISD,,<unknown>,CORP_SERVICES
LYONG-EXC,,<unknown>,CORP_SERVICES
LYONL_LIB,,<unknown>,CORP_SERVICES
M_COMPUTERNAME,,<unknown>,OMMETROSOUTH
M_COMPUTERNAME,,<unknown>,MOJ_MASTER
MACCOLL-OME,,<unknown>,CORP_SERVICES
MACCOLLJ-AFH,,<unknown>,OMPERTH
MACCOLLJ-OME,,<unknown>,OMPERTH
MACCOLLJ-OME,,<unknown>,CORP_SERVICES
MACWILLIH-CBS,,<unknown>,OMMETROSOUTH
MACWILLIH-CBS,,<unknown>,CORP_SERVICES
MADC101128,,<unknown>,OMMETROSOUTH
MADC1018590,,<unknown>,OMMETROSOUTH
MADC103202,,<unknown>,OMMETROSOUTH
MADC103357,,<unknown>,OMMETROSOUTH
MADC10338,,<unknown>,OMMETROSOUTH
MADC10338,,<unknown>,MOJ_MASTER
MADC103387,,<unknown>,MOJ_MASTER
MADC103389,,<unknown>,MOJ_MASTER
MADC95567,,<unknown>,OMMETROSOUTH
MADC97282,,<unknown>,OMMETROSOUTH
MADC98271,,<unknown>,OMMETROSOUTH
MADC98911,,<unknown>,OMMETROSOUTH
MADC98912,,<unknown>,OMMETROSOUTH
MADC98912,,<unknown>,MOJ_MASTER
MADC98914,,<unknown>,OMMETROSOUTH
MADC98918,,<unknown>,OMMETROSOUTH
MADC98920,,<unknown>,OMMETROSOUTH
MADC98921,,<unknown>,OMMETROSOUTH
MADC98924,,<unknown>,OMMETROSOUTH
MADC98925,,<unknown>,OMMETROSOUTH
MADC98926,,<unknown>,OMMETROSOUTH
MADCEDU1,,<unknown>,OMMETROSOUTH
MADDOXT_HRS,,<unknown>,CORP_SERVICES
MADSONK-FIN,,<unknown>,CORP_SERVICES
MAG101307,,<unknown>,MOJ_MASTER
MAG102609,,<unknown>,LOCAL_COURT
MAGNUM-4JIQ6DBN,,<unknown>,MOJ_MASTER
MAGYARE_ISD,,<unknown>,CORP_SERVICES
MAHC104036,,<unknown>,MOJ_MASTER
MAJORS-CRT,,<unknown>,CORP_SERVICES
MALLONJ-MAG,,<unknown>,CORP_SERVICES
MALLONP-CRT,,<unknown>,CORP_SERVICES
MALLONP_CRT,,<unknown>,CORP_SERVICES
MANC100104,,<unknown>,OMMETROSOUTH
MANC100107,,<unknown>,OMMETROSOUTH
MANC100108,,<unknown>,OMMETROSOUTH
MANC96951,,<unknown>,MOJ_MASTER
MANCRT-99558,,<unknown>,CORP_SERVICES
MANGLAVA,,<unknown>,LOCAL_COURT
MANLEYR-CWS,,<unknown>,LOCAL_COURT
MANNINGP-RGO,,<unknown>,CORP_SERVICES
MARCIALP_HRS,,<unknown>,CORP_SERVICES
MARIONB_ORP,,<unknown>,CORP_SERVICES
MARRR,,<unknown>,CORP_SERVICES
MARRR-CTS,,<unknown>,CORP_SERVICES
MARRR-HRS,,<unknown>,CORP_SERVICES
MARSHALA-PAL,,<unknown>,CORP_SERVICES
MARSHALD-ISD,,<unknown>,CORP_SERVICES
MARSHALP-PAL,,<unknown>,CORP_SERVICES
MARTELLI-OME,,<unknown>,CORP_SERVICES
MARTELLV-OME,,<unknown>,CORP_SERVICES
MARTINIL-RGO,,<unknown>,RGO
MARTINOT-FIN,,<unknown>,CORP_SERVICES
MARTINS-PAF,,<unknown>,CORP_SERVICES
MATTHEWR-ISD,,<unknown>,CORP_SERVICES
MAULEL-OM,,<unknown>,OMPERTH
MCADAMT-CRT,,<unknown>,CORP_SERVICES
MCADAMT_CRT,,<unknown>,CORP_SERVICES
MCCLUEA-KRP,,<unknown>,OMMETROSOUTH
MCCLUED-KARN,,<unknown>,OMMETROSOUTH
MCCOMBEJ-HRS,,<unknown>,CORP_SERVICES
MCCOMBEJ-LIB,,<unknown>,CORP_SERVICES
MCCOMBJU-HRS,,<unknown>,CORP_SERVICES
MCDANNOM-RGO,,<unknown>,CORP_SERVICES
MCFADYEJ_ISD,,<unknown>,CORP_SERVICES
MCGONIGL-ISD,,<unknown>,CORP_SERVICES
MCGONIGL-PAF,,<unknown>,CORP_SERVICES
MCLAUCHW,,<unknown>,CORP_SERVICES
MCLEODA_HRS,,<unknown>,CORP_SERVICES
MCLERNOS_ISD,,<unknown>,CORP_SERVICES
MCMAHONJ-LIB,,<unknown>,CORP_SERVICES
MCNAMARA--POL,,<unknown>,CORP_SERVICES
MCNAMARL--POL,,<unknown>,CORP_SERVICES
MCNAMARL-POL,,<unknown>,CORP_SERVICES
MCNAMARL_CRT,,<unknown>,CORP_SERVICES
MCNEILK_HRS,,<unknown>,CORP_SERVICES
MCOURT1-CRT,,<unknown>,CORP_SERVICES
MCOURT2-CRT,,<unknown>,LOCAL_COURT
MCOURT2-CRT,,<unknown>,CORP_SERVICES
MCROSTIC-CRT,,<unknown>,CORP_SERVICES
MCSEVICM-CBS,,<unknown>,CORP_SERVICES
MEEC98293,,<unknown>,MOJ_MASTER
MEINSK-DGO,,<unknown>,CORP_SERVICES
MELANKON-PPP,,<unknown>,MOJ_MASTER
MERRITTL-JAR,,<unknown>,JARDINE
METAFRAME,,<unknown>,CORP_SERVICES
MEYERSM-FIN,,<unknown>,CORP_SERVICES
MEYM-FIN,,<unknown>,CORP_SERVICES
MHC102393,,<unknown>,MOJ_MASTER
MHC102860,,<unknown>,MOJ_MASTER
MHC102860,,<unknown>,LOCAL_COURT
MHC102910,,<unknown>,LOCAL_COURT
MHC102912,,<unknown>,MOJ_MASTER
MHC103061,,<unknown>,MOJ_MASTER
MHC103156,,<unknown>,MOJ_MASTER
MHC103160,,<unknown>,MOJ_MASTER
MHC103162,,<unknown>,MOJ_MASTER
MHC103167,,<unknown>,MOJ_MASTER
MHC103334,,<unknown>,MOJ_MASTER
MHC103335,,<unknown>,MOJ_MASTER
MHC103336,,<unknown>,MOJ_MASTER
MHC103363,,<unknown>,MOJ_MASTER
MHC103363,,<unknown>,LOCAL_COURT
MHC103365,,<unknown>,MOJ_MASTER
MHC103386,,<unknown>,OMPERTH
MHC103403,,<unknown>,OMPERTH
MHC10342,,<unknown>,MOJ_MASTER
MHC103428,,<unknown>,LOCAL_COURT
MHC103435,,<unknown>,MOJ_MASTER
MHC103436,,<unknown>,MOJ_MASTER
MHC103437,,<unknown>,MOJ_MASTER
MHC103438,,<unknown>,MOJ_MASTER
MHC103441,,<unknown>,MOJ_MASTER
MHC103444,,<unknown>,MOJ_MASTER
MHC103445,,<unknown>,MOJ_MASTER
MHC103446,,<unknown>,MOJ_MASTER
MHC103542,,<unknown>,MOJ_MASTER
MHC103548,,<unknown>,MOJ_MASTER
MHC103549,,<unknown>,MOJ_MASTER
MHC103550,,<unknown>,MOJ_MASTER
MHC103551,,<unknown>,MOJ_MASTER
MHC103552,,<unknown>,MOJ_MASTER
MHC103553,,<unknown>,MOJ_MASTER
MHC103554,,<unknown>,MOJ_MASTER
MHC103635,,<unknown>,MOJ_MASTER
MHC103641,,<unknown>,MOJ_MASTER
MHC103725,,<unknown>,MOJ_MASTER
MHC103727,,<unknown>,MOJ_MASTER
MHC104036,,<unknown>,MOJ_MASTER
MHC105150,,<unknown>,MOJ_MASTER
MHC105152,,<unknown>,MOJ_MASTER
MHC105154,,<unknown>,MOJ_MASTER
MHC95545,,<unknown>,LOCAL_COURT
MHC97203,,<unknown>,MOJ_MASTER
MHC99768,,<unknown>,MOJ_MASTER
MIDC100015,,<unknown>,MOJ_MASTER
MIDC100018,,<unknown>,MOJ_MASTER
MIDC_EDUJ,,<unknown>,MOJ_MASTER
MIKE-CS,,<unknown>,CORP_SERVICES
MILL95690,,<unknown>,OMPERTH
MILL99619,,<unknown>,CORP_SERVICES
MILLARDD-EWR,,<unknown>,CORP_SERVICES
MILLERWJ-PPP,,<unknown>,CORP_SERVICES
MILLIGAN1,,<unknown>,CORP_SERVICES
MILLSK-LIB,,<unknown>,CORP_SERVICES
MILLSR-APS,,<unknown>,CORP_SERVICES
MILROYB-APS,,<unknown>,CORP_SERVICES
MINISTRY-4R1E2H,,<unknown>,MOJ_MASTER
MINISTRY-4R1E2H,,<unknown>,CORP_SERVICES
MINISTRY-75CJGJ,,<unknown>,MOJ_MASTER
MINISTRY-NS12VB,,<unknown>,MOJ_MASTER
MINISTRY-PGO2A3,,<unknown>,MOJ_MASTER
MINISTRYXXX,,<unknown>,LOCAL_COURT
MIRC100045,,<unknown>,OMMETRONORTH
MIRC100053,,<unknown>,OMMETRONORTH
MIRC10045,,<unknown>,MOJ_MASTER
MIRC103113,,<unknown>,MOJ_MASTER
MIRC103282,,<unknown>,MOJ_MASTER
MIRC97283,,<unknown>,OMMETRONORTH
MISQUITTA-GAB,,<unknown>,MOJ_MASTER
MISQUITTA-GAB,,<unknown>,CORP_SERVICES
MLC102910,,<unknown>,LOCAL_COURT
MLU2-PAL,,<unknown>,CORP_SERVICES
MMEDIA_PAF,,<unknown>,CORP_SERVICES
mohanb-mhc,,<unknown>,MOJ_MASTER
mohanb-mhc,,<unknown>,LOCAL_COURT
mohanb-mhc,,<unknown>,CORP_SERVICES
MOJ-2DECWWWNHGU,,<unknown>,MOJ_MASTER
MOJ-SH0XGOGUZSX,,<unknown>,MOJ_MASTER
MOJ1,,<unknown>,MOJ_MASTER
MOJ103105,,<unknown>,MOJ_MASTER
MOJ141MAN001,,<unknown>,MOJ_MASTER
MOJ141PRN003,,<unknown>,MOJ_MASTER
MOJ141SRV007,,<unknown>,MOJ_MASTER
MOJ141SRV009,,<unknown>,MOJ_MASTER
MOJ141TRM01,,<unknown>,MOJ_MASTER
MOJ141TRM02,,<unknown>,MOJ_MASTER
MOJ95290,,<unknown>,MOJ_MASTER
MOJAPCTEST,,<unknown>,MOJ_MASTER
MOJAVS002,,<unknown>,MOJ_MASTER
MOJBACKUP,,<unknown>,CORP_SERVICES
MOJCLCPRN002,,<unknown>,MOJ_MASTER
MOJCOM1,,<unknown>,OMPERTH
MOJCORP18,,<unknown>,CORP_SERVICES
MOJDMS,,<unknown>,JUSTICE
MOJEPDCSRV001,,<unknown>,MOJ_MASTER
MOJEPDHLP01,,<unknown>,MOJ_MASTER
MOJEPDHLP02,,<unknown>,MOJ_MASTER
MOJEPDSRV002,,<unknown>,MOJ_MASTER
MOJEPDSRV003,,<unknown>,MOJ_MASTER
MOJEPDWEB02,,<unknown>,MOJ_MASTER
MOJEPDWEB03,,<unknown>,MOJ_MASTER
MOJFW1,,<unknown>,JUSTICE
MOJGRNEXC001,,<unknown>,MOJ_MASTER
MOJMECSRV01,,<unknown>,MOJ_MASTER
MOJMILSOE001,,<unknown>,MOJ_MASTER
MOJO,,<unknown>,CORP_SERVICES
MOJO1,,<unknown>,MOJ_MASTER
MOJOPENVIEW,,<unknown>,MOJ_MASTER
MOJPROXY,,<unknown>,MOJ_MASTER
MOJSCAN,,<unknown>,MOJ_MASTER
MOJSTD-GHO,,<unknown>,CORP_SERVICES
MOJTERM1,,<unknown>,MOJ_MASTER
MOJTESTEXC001,,<unknown>,MOJ_MASTER
MOJTOMS,,<unknown>,CORP_SERVICES
MOJTSTLTO001,,<unknown>,MOJ_MASTER
MOJTSTSRV01,,<unknown>,MOJ_MASTER
MOJTSTSRV111,,<unknown>,MOJ_MASTER
MOJVIRUS,,<unknown>,MOJ_MASTER
MOJVIRUS,,<unknown>,JUSTICE
MOJWKSTD,,<unknown>,CORP_SERVICES
MOJWSQSEC02,,<unknown>,MOJ_MASTER
MOLLICAS,,<unknown>,CORP_SERVICES
MOLLICAS-SBS,,<unknown>,CORP_SERVICES
MOORA1-MLC,,<unknown>,LOCAL_COURT
MOORECRA,,<unknown>,CORP_SERVICES
MOOREL-EXC,,<unknown>,CORP_SERVICES
MOOREL-MT,,<unknown>,CORP_SERVICES
MOOREP-OS,,<unknown>,CORP_SERVICES
MORETONK-ISD,,<unknown>,CORP_SERVICES
MORRISK,,<unknown>,CORP_SERVICES
MSU100344,,<unknown>,OMPERTH
MSU103056,,<unknown>,OMMETROSOUTH
MTLC100034,,<unknown>,OMPERTH
MTLC100037,,<unknown>,MOJ_MASTER
MTLC100038,,<unknown>,OMPERTH
MTLC100301,,<unknown>,OMPERTH
MTLC500593,,<unknown>,OMMETRONORTH
MTLC500593,,<unknown>,MOJ_MASTER
MTLC95319,,<unknown>,OMPERTH
MUIRC-MIS,,<unknown>,CORP_SERVICES
MUIRC-OS,,<unknown>,OMPERTH
MUIRC-OS,,<unknown>,CORP_SERVICES
MURABITM-ORG,,<unknown>,CORP_SERVICES
MURPHYP,,<unknown>,CORP_SERVICES
MURPHYP-OM,,<unknown>,CORP_SERVICES
MURPHYP2-OM,,<unknown>,CORP_SERVICES
NARC98178,,<unknown>,OMSOUTH
NAYLORP,,<unknown>,CORP_SERVICES
NAYLORP-AST,,<unknown>,CORP_SERVICES
NEIGHBOJ_MHC,,<unknown>,LOCAL_COURT
NELLAP_ISD,,<unknown>,CORP_SERVICES
NEOHJ-ISD,,<unknown>,CORP_SERVICES
NETWIZ1-ISD,,<unknown>,CORP_SERVICES
NEWELLS-PO,,<unknown>,CORP_SERVICES
NEWELLS_HRS,,<unknown>,CORP_SERVICES
NEWPROXYSERVER,,<unknown>,MOJ_MASTER
NEWVIRUSWALL,,<unknown>,MOJ_MASTER
NGUYEN-ISD,,<unknown>,JUSTICE
NGUYEN-ISD,,<unknown>,CORP_SERVICES
NGUYENT-ISD,,<unknown>,CORP_SERVICES
NGUYENT_ISD,,<unknown>,LOCAL_COURT
NGUYENT_ISD,,<unknown>,CORP_SERVICES
NICHOLSS_MHC,,<unknown>,LOCAL_COURT
NIMROD_EVAL,,<unknown>,CORP_SERVICES
NMS1_ISD,,<unknown>,MOJ_MASTER
NMS1_ISD,,<unknown>,CORP_SERVICES
NMS2_ISD,,<unknown>,CORP_SERVICES
NMS3_ISD,,<unknown>,CORP_SERVICES
NMS4_ISD,,<unknown>,CORP_SERVICES
NMS5_ISD,,<unknown>,MOJ_MASTER
NMS5_ISD,,<unknown>,CORP_SERVICES
NOCKOLDB_HRS,,<unknown>,JUSTICE
NOCKOLDB_HRS,,<unknown>,CORP_SERVICES
NOKHOLB_HRS,,<unknown>,CORP_SERVICES
NORC98783,,<unknown>,OMSOUTH
NORC98785,,<unknown>,OMSOUTH
NOTE101100,,<unknown>,OMPERTH
NOTE101101,,<unknown>,OMPERTH
NOTE101102,,<unknown>,OMPERTH
NOTE101103,,<unknown>,OMPERTH
NOTE101104,,<unknown>,OMPERTH
NOTE101107,,<unknown>,OMPERTH
NOTE101108,,<unknown>,OMPERTH
NOTE101109,,<unknown>,OMPERTH
NOTE101112,,<unknown>,OMPERTH
NOTE95536,,<unknown>,OMPERTH
NOTE95562,,<unknown>,MOJ_MASTER
NOTE95636,,<unknown>,MOJ_MASTER
NOTE95958,,<unknown>,OMPERTH
NOTEBOOK-OMIT,,<unknown>,CORP_SERVICES
NOTEBOOK-TI,,<unknown>,CORP_SERVICES
NT4WKSTN,,<unknown>,CORP_SERVICES
NT5TEST,,<unknown>,CORP_SERVICES
NT5TEST_ISD,,<unknown>,CORP_SERVICES
NUNISG-CRT,,<unknown>,CORP_SERVICES
NYAN101621,,<unknown>,OMPERTH
NYAN101621,,<unknown>,OMMETROSOUTH
NYAN102324,,<unknown>,OMMETROSOUTH
NYAN103512,,<unknown>,OMMETROSOUTH
NYANDI01,,<unknown>,OMMETROSOUTH
NYANDI02,,<unknown>,OMMETROSOUTH
OCONNELB-FIN,,<unknown>,CORP_SERVICES
OCONNORN-RGO,,<unknown>,RGO
ODONNELLM,,<unknown>,CORP_SERVICES
ODONNELLM_HRS,,<unknown>,CORP_SERVICES
OGRADY-PPP,,<unknown>,CORP_SERVICES
OHARAJ-RGO,,<unknown>,RGO
OHARAJ-RGO,,<unknown>,OMPERTH
OKEEFEM-PPP,,<unknown>,CORP_SERVICES
OKEEFER_ISD,,<unknown>,CORP_SERVICES
OMCLIENT-LOAN,,<unknown>,OMPERTH
OMLOAM-PC,,<unknown>,OMPERTH
OMLOAM-PC,,<unknown>,CORP_SERVICES
OPA095287,,<unknown>,MOJ_MASTER
OPA095289,,<unknown>,MOJ_MASTER
OPA095294,,<unknown>,MOJ_MASTER
OPA099987,,<unknown>,MOJ_MASTER
OPA101191,,<unknown>,MOJ_MASTER
OPA101483,,<unknown>,MOJ_MASTER
OPA101937,,<unknown>,MOJ_MASTER
OPA101960,,<unknown>,MOJ_MASTER
OPA102444,,<unknown>,MOJ_MASTER
OPA102548,,<unknown>,MOJ_MASTER
OPA102549,,<unknown>,MOJ_MASTER
OPA102550,,<unknown>,MOJ_MASTER
OPA102554,,<unknown>,MOJ_MASTER
OPA102568,,<unknown>,MOJ_MASTER
OPA102635,,<unknown>,MOJ_MASTER
OPA102636,,<unknown>,MOJ_MASTER
OPA103016,,<unknown>,MOJ_MASTER
OPA103097,,<unknown>,MOJ_MASTER
OPA95288,,<unknown>,MOJ_MASTER
OPA95290,,<unknown>,MOJ_MASTER
OPA95292,,<unknown>,MOJ_MASTER
OPA95293,,<unknown>,MOJ_MASTER
OPA95295,,<unknown>,MOJ_MASTER
OPA96985,,<unknown>,MOJ_MASTER
OPINIONS-LIB,,<unknown>,CORP_SERVICES
ORANGED,,<unknown>,CORP_SERVICES
OREILLYJ,,<unknown>,LOCAL_COURT
OSULIVAR-VSS,,<unknown>,VSS
OTADOYL-FIN,,<unknown>,CORP_SERVICES
OTODOYL-FIN,,<unknown>,CORP_SERVICES
OUTSOURCE-ISD,,<unknown>,CORP_SERVICES
OZANNEI_MIR,,<unknown>,CORP_SERVICES
PABO101835,,<unknown>,OMPERTH
PABO95385,,<unknown>,OMPERTH
PABO95385,,<unknown>,MOJ_MASTER
PABO95390,,<unknown>,OMPERTH
PABO95390,,<unknown>,JARDINE
PABO95769,,<unknown>,OMPERTH
PABO98756,,<unknown>,OMPERTH
PABO98759,,<unknown>,OMPERTH
PABO98763,,<unknown>,OMPERTH
PABO98765,,<unknown>,OMPERTH
PACKINGTON-MHC,,<unknown>,LOCAL_COURT
PANAHIR-SBS,,<unknown>,CORP_SERVICES
PAPRISONS-PAF,,<unknown>,CORP_SERVICES
PARD101801,,<unknown>,OMPERTH
PARD101902,,<unknown>,OMPERTH
PARD98985,,<unknown>,OMSOUTH
PARD98986,,<unknown>,OMSOUTH
PARKERA-CAN,,<unknown>,OMMETROSOUTH
PARKERA-HRS,,<unknown>,CORP_SERVICES
PARKERJ,,<unknown>,CORP_SERVICES
PARKERJ-OME,,<unknown>,CORP_SERVICES
PARKERM-GAB,,<unknown>,CORP_SERVICES
PARKINSC,,<unknown>,CORP_SERVICES
PARKINSC-OM,,<unknown>,CORP_SERVICES
PARNELLJ-LIB,,<unknown>,CORP_SERVICES
PARSONSD-FIN,,<unknown>,CORP_SERVICES
PASCHC-RGO,,<unknown>,RGO
PASCHC-RGO,,<unknown>,CORP_SERVICES
PASCOEP-ISD,,<unknown>,CORP_SERVICES
PAUL,,<unknown>,CORP_SERVICES
PAULS-PIP,,<unknown>,CORP_SERVICES
PC-ANDRONISN,,<unknown>,MOJ_MASTER
PC-COURT31,,<unknown>,LOCAL_COURT
PC-COURT32,,<unknown>,LOCAL_COURT
PC-COURT42,,<unknown>,LOCAL_COURT
PC-COURT52,,<unknown>,LOCAL_COURT
PC-COURT57,,<unknown>,LOCAL_COURT
PC-COURT58,,<unknown>,MOJ_MASTER
PC-COURT_41,,<unknown>,LOCAL_COURT
PC-COURTA_31,,<unknown>,LOCAL_COURT
PC-FOSTERR,,<unknown>,CORP_SERVICES
PC-HELPDESK,,<unknown>,CORP_SERVICES
PC-HEWITT,,<unknown>,MOJ_MASTER
PC-IVAN,,<unknown>,LOCAL_COURT
PC-LIZ,,<unknown>,MOJ_MASTER
PC-M266,,<unknown>,CORP_SERVICES
PC-OBRIEN,,<unknown>,MOJ_MASTER
PC-ROSALYN,,<unknown>,OMPERTH
PC-SOE2,,<unknown>,OMPERTH
PC-TRAINING,,<unknown>,CORP_SERVICES
PC310-STD,,<unknown>,OMPERTH
PC6_SHERIFF,,<unknown>,LOCAL_COURT
PCCOMMON,,<unknown>,CORP_SERVICES
PCCOMMON-CRT,,<unknown>,CORP_SERVICES
PCM200WK-STD,,<unknown>,CORP_SERVICES
PCM210WK-STD,,<unknown>,OMPERTH
PCM210WK-STD,,<unknown>,CORP_SERVICES
PCO99196,,<unknown>,MOJ_MASTER
PEGRAMB-KAR,,<unknown>,OMSOUTH
PELUSOE,,<unknown>,CORP_SERVICES
PENNM-OS,,<unknown>,OMPERTH
PENNM-OS,,<unknown>,CORP_SERVICES
PENNM_PAL,,<unknown>,CORP_SERVICES
PENWALDM_ISD,,<unknown>,CORP_SERVICES
PEPEA-HEA,,<unknown>,CORP_SERVICES
PERC,,<unknown>,OMPERTH
PERC100038,,<unknown>,MOJ_MASTER
PERC101051,,<unknown>,OMPERTH
PERC101051,,<unknown>,CORP_SERVICES
PERC101128,,<unknown>,OMPERTH
PERC101204,,<unknown>,OMPERTH
PERC101299,,<unknown>,MOJ_MASTER
PERC101514,,<unknown>,OMPERTH
PERC101518,,<unknown>,OMPERTH
PERC101522,,<unknown>,OMPERTH
PERC101667,,<unknown>,MOJ_MASTER
PERC101859,,<unknown>,OMPERTH
PERC102288,,<unknown>,OMPERTH
PERC102323,,<unknown>,OMPERTH
PERC102323,,<unknown>,MOJ_MASTER
PERC102624,,<unknown>,OMPERTH
PERC103033,,<unknown>,MOJ_MASTER
PERC103065,,<unknown>,OMPERTH
PERC103104,,<unknown>,MOJ_MASTER
PERC103140,,<unknown>,OMPERTH
PERC103143,,<unknown>,MOJ_MASTER
PERC103263,,<unknown>,MOJ_MASTER
PERC103391,,<unknown>,MOJ_MASTER
PERC103413,,<unknown>,MOJ_MASTER
PERC103414,,<unknown>,MOJ_MASTER
PERC103415,,<unknown>,MOJ_MASTER
PERC103416,,<unknown>,MOJ_MASTER
PERC103417,,<unknown>,MOJ_MASTER
PERC103418,,<unknown>,MOJ_MASTER
PERC103419,,<unknown>,MOJ_MASTER
PERC103420,,<unknown>,MOJ_MASTER
PERC103421,,<unknown>,MOJ_MASTER
PERC105158,,<unknown>,MOJ_MASTER
PERC95323,,<unknown>,OMPERTH
PERC95323,,<unknown>,MOJ_MASTER
PERC95345,,<unknown>,OMMETROSOUTH
PERC95346,,<unknown>,OMPERTH
PERC95346-2,,<unknown>,OMPERTH
PERC95349,,<unknown>,OMPERTH
PERC95350,,<unknown>,OMPERTH
PERC95353,,<unknown>,OMPERTH
PERC95355,,<unknown>,OMPERTH
PERC95355,,<unknown>,JARDINE
PERC95380,,<unknown>,OMPERTH
PERC95381,,<unknown>,OMPERTH
PERC95530,,<unknown>,MOJ_MASTER
PERC95639,,<unknown>,OMPERTH
PERC95690,,<unknown>,OMPERTH
PERC95890,,<unknown>,OMPERTH
PERC95891,,<unknown>,OMPERTH
PERC95892,,<unknown>,OMPERTH
PERC97253,,<unknown>,OMPERTH
PERC98371,,<unknown>,OMPERTH
PERC98462,,<unknown>,OMPERTH
PERC98640,,<unknown>,OMPERTH
PERC98646,,<unknown>,OMPERTH
PERC98647,,<unknown>,OMPERTH
PERC98648,,<unknown>,OMPERTH
PERC98710,,<unknown>,OMPERTH
PERC98712,,<unknown>,OMPERTH
PERC98715,,<unknown>,OMSOUTH
PERC98718,,<unknown>,OMPERTH
PERC98723,,<unknown>,OMPERTH
PERC98726,,<unknown>,OMPERTH
PERC98727,,<unknown>,OMPERTH
PERC98727,,<unknown>,MOJ_MASTER
PERC98732,,<unknown>,OMPERTH
PERC99980,,<unknown>,OMPERTH
PERC99980,,<unknown>,MOJ_MASTER
PHILLIPP,,<unknown>,CORP_SERVICES
PHILLPJ_HRS,,<unknown>,CORP_SERVICES
PICHLERM2-ISD,,<unknown>,CORP_SERVICES
PICHLERM_ISD,,<unknown>,CORP_SERVICES
PIERCEM-OME,,<unknown>,CORP_SERVICES
PIISHARP-ISD,,<unknown>,CORP_SERVICES
PILTONG-PPP,,<unknown>,CORP_SERVICES
PIPERA-DGO,,<unknown>,CORP_SERVICES
PIPERA-OLD,,<unknown>,CORP_SERVICES
PLESKUSP-GAB,,<unknown>,CORP_SERVICES
POLICY,,<unknown>,CORP_SERVICES
POOLDARO-OME,,<unknown>,CORP_SERVICES
POOLEG_DGO,,<unknown>,CORP_SERVICES
PORC103054,,<unknown>,OMNORTH
POWERC-ISD,,<unknown>,CORP_SERVICES
POWERL-ISD,,<unknown>,CORP_SERVICES
POYNTONS-LIB,,<unknown>,CORP_SERVICES
PRATIGNE,,<unknown>,CORP_SERVICES
PRESENT-ISD,,<unknown>,CORP_SERVICES
PRIMROSC-CWS,,<unknown>,LOCAL_COURT
PRISINPROV-PC,,<unknown>,OMMETROSOUTH
PRISON2,,<unknown>,CORP_SERVICES
PROJECT-APS,,<unknown>,CORP_SERVICES
PROJORG-OPD,,<unknown>,CORP_SERVICES
PSYJ102412,,<unknown>,OMPERTH
PUBAFF-PAF,,<unknown>,CORP_SERVICES
PUGLIESE-SOTU,,<unknown>,OMPERTH
PUGLIESE-SOTU,,<unknown>,CORP_SERVICES
PULJICA11_HRS,,<unknown>,CORP_SERVICES
PULJICA_HR,,<unknown>,CORP_SERVICES
PULLELA-HEA,,<unknown>,CORP_SERVICES
PURTRAIN_PUR,,<unknown>,CORP_SERVICES
QAZ,,<unknown>,MOJ_MASTER
QUARTERJ-ISD,,<unknown>,CORP_SERVICES
QUARTERJ_ISD,,<unknown>,CORP_SERVICES
QUINNR2-GAB,,<unknown>,CORP_SERVICES
QWER,,<unknown>,MOJ_MASTER
QWERTY,,<unknown>,MOJ_MASTER
RAEC-MILLS,,<unknown>,CORP_SERVICES
RANELLIN,,<unknown>,CORP_SERVICES
RANG103530,,<unknown>,MOJ_MASTER
RANJ103033,,<unknown>,MOJ_MASTER
RANJ103413,,<unknown>,MOJ_MASTER
RANJ103414,,<unknown>,MOJ_MASTER
RANJ103415,,<unknown>,MOJ_MASTER
RANJ103416,,<unknown>,MOJ_MASTER
RANJ103417,,<unknown>,MOJ_MASTER
RANJ103418,,<unknown>,MOJ_MASTER
RANJ103419,,<unknown>,MOJ_MASTER
RANJ103420,,<unknown>,MOJ_MASTER
RANJ103421,,<unknown>,MOJ_MASTER
RANJ103448,,<unknown>,MOJ_MASTER
RANJ103449,,<unknown>,MOJ_MASTER
RANJ103450,,<unknown>,MOJ_MASTER
RANJ103453,,<unknown>,MOJ_MASTER
RANJ103454,,<unknown>,MOJ_MASTER
RANJ103456,,<unknown>,MOJ_MASTER
RANJ103530,,<unknown>,MOJ_MASTER
RANJ98380,,<unknown>,OMMETROSOUTH
RANKINB-MIS,,<unknown>,OMPERTH
RANKINB-MIS,,<unknown>,CORP_SERVICES
RAPAICP-ISD,,<unknown>,CORP_SERVICES
RAPAICP_ISD,,<unknown>,CORP_SERVICES
RAVINDRR,,<unknown>,CORP_SERVICES
RECEPTN-GFL,,<unknown>,CORP_SERVICES
RECHICHP-FIN,,<unknown>,CORP_SERVICES
RECHICHP_FIN,,<unknown>,CORP_SERVICES
RECORDSRV2,,<unknown>,CORP_SERVICES
RECTEMP-REC,,<unknown>,CORP_SERVICES
REFDESK-LIB,,<unknown>,CORP_SERVICES
REGATEA-HRS,,<unknown>,CORP_SERVICES
REGATEA_HRS,,<unknown>,CORP_SERVICES
REGISTRAR95379,,<unknown>,MOJ_MASTER
RESERVE1,,<unknown>,CORP_SERVICES
RESERVEL-FIN,,<unknown>,CORP_SERVICES
REYGATEA-HRS,,<unknown>,CORP_SERVICES
RGO-PC1,,<unknown>,RGO
RICHARD,,<unknown>,CORP_SERVICES
RICHARDD-FIN,,<unknown>,CORP_SERVICES
RICHARDL-HR,,<unknown>,CORP_SERVICES
RICHARDL-HRS,,<unknown>,CORP_SERVICES
RICHARDP-FIN,,<unknown>,CORP_SERVICES
RICHARDR-ISD,,<unknown>,CORP_SERVICES
RICHARDSL18_HRS,,<unknown>,CORP_SERVICES
RICHARDSL_HRS,,<unknown>,CORP_SERVICES
RICKIEG_CRT,,<unknown>,CORP_SERVICES
RIVE101043,,<unknown>,OMMETRONORTH
RIVE101347,,<unknown>,OMMETROSOUTH
RIVE101347,,<unknown>,OMMETRONORTH
RIVE103008,,<unknown>,OMMETRONORTH
RIVE103019,,<unknown>,OMMETRONORTH
RIVE103020,,<unknown>,OMMETRONORTH
RIVE103023,,<unknown>,MOJ_MASTER
RIVE103511,,<unknown>,OMMETRONORTH
RIVE95380,,<unknown>,OMMETRONORTH
RIVE95380,,<unknown>,MOJ_MASTER
RIVE95420,,<unknown>,OMMETRONORTH
RIVER-OMD,,<unknown>,CORP_SERVICES
RIVERBANK_10,,<unknown>,OMMETRONORTH
RIVERBANK_11,,<unknown>,OMMETRONORTH
RIVERBANK_12,,<unknown>,OMMETRONORTH
RIVERBANK_13,,<unknown>,OMMETRONORTH
RIVERBANK_14,,<unknown>,OMMETRONORTH
RIVERBANK_15,,<unknown>,OMMETRONORTH
RIVERBANK_16,,<unknown>,OMMETRONORTH
RIVERBANK_18,,<unknown>,OMMETRONORTH
RIVERBANK_2,,<unknown>,OMMETRONORTH
RIVERBANK_3,,<unknown>,OMMETRONORTH
RIVERBANK_TEST,,<unknown>,CORP_SERVICES
ROBERTST_HRS,,<unknown>,CORP_SERVICES
ROBINSOP-ISD,,<unknown>,CORP_SERVICES
ROBINSOP_ISD,,<unknown>,CORP_SERVICES
ROCC103070,,<unknown>,MOJ_MASTER
ROCC103173,,<unknown>,OMMETROSOUTH
ROCC95543,,<unknown>,OMSOUTH
ROCC95543,,<unknown>,OMMETROSOUTH
ROCK103067,,<unknown>,MOJ_MASTER
ROCK103068,,<unknown>,MOJ_MASTER
ROCK103069,,<unknown>,MOJ_MASTER
ROCK103071,,<unknown>,MOJ_MASTER
ROCK103072,,<unknown>,MOJ_MASTER
ROCK103073,,<unknown>,MOJ_MASTER
ROCK103074,,<unknown>,MOJ_MASTER
ROCK103075,,<unknown>,MOJ_MASTER
ROCK103076,,<unknown>,MOJ_MASTER
ROCK103077,,<unknown>,MOJ_MASTER
ROCK103078,,<unknown>,MOJ_MASTER
ROCK103079,,<unknown>,MOJ_MASTER
ROCK103080,,<unknown>,MOJ_MASTER
ROCK103081,,<unknown>,MOJ_MASTER
ROCK103082,,<unknown>,MOJ_MASTER
ROCVSS95545,,<unknown>,MOJ_MASTER
RODRIGEL-FIN,,<unknown>,CORP_SERVICES
RODRIGUL-FIN,,<unknown>,CORP_SERVICES
RODRIQUS-FIN,,<unknown>,CORP_SERVICES
ROEB101733,,<unknown>,OMPERTH
ROEB101839,,<unknown>,OMPERTH
ROEB103142,,<unknown>,OMNORTH
ROEB103515,,<unknown>,OMNORTH
ROEB103682,,<unknown>,MOJ_MASTER
ROEB103683,,<unknown>,OMNORTH
ROEB103684,,<unknown>,MOJ_MASTER
ROEB103701,,<unknown>,MOJ_MASTER
ROEB95379,,<unknown>,OMNORTH
ROEB98423,,<unknown>,OMNORTH
ROEB98426,,<unknown>,OMNORTH
ROEB98433,,<unknown>,OMNORTH
ROEC-PAL,,<unknown>,CORP_SERVICES
ROEC103066,,<unknown>,MOJ_MASTER
ROEC103424,,<unknown>,MOJ_MASTER
ROEC108328,,<unknown>,MOJ_MASTER
ROEC98176,,<unknown>,OMNORTH
ROEC98436,,<unknown>,OMNORTH
ROEC98437,,<unknown>,OMNORTH
ROEC_PAL,,<unknown>,CORP_SERVICES
ROLINSOM,,<unknown>,CORP_SERVICES
RONNERTS_ISD,,<unknown>,CORP_SERVICES
ROSSG-PPP,,<unknown>,CORP_SERVICES
ROSSJA-GAB,,<unknown>,MOJ_MASTER
ROSSJA-GAB,,<unknown>,CORP_SERVICES
ROZMANB-FIN,,<unknown>,CORP_SERVICES
ROZMANBO-FIN,,<unknown>,CORP_SERVICES
RUSSOP-OME,,<unknown>,CORP_SERVICES
RUTHVENA-ROE,,<unknown>,MOJ_MASTER
RYANA-IMB,,<unknown>,CORP_SERVICES
SAMAIE-FIN,,<unknown>,CORP_SERVICES
SANDILAS-EWR,,<unknown>,CORP_SERVICES
SANDILAS_HRS,,<unknown>,CORP_SERVICES
SANSALOD-FIN,,<unknown>,CORP_SERVICES
SANTAMAC-FIN,,<unknown>,CORP_SERVICES
SARAIVAV-ISD,,<unknown>,CORP_SERVICES
SARICHI-MAD,,<unknown>,OMMETROSOUTH
SCANNER-IMB,,<unknown>,CORP_SERVICES
SCHERPER-RGO,,<unknown>,RGO
SCHMIDTK,,<unknown>,CORP_SERVICES
SCHMIDTL_ORP,,<unknown>,CORP_SERVICES
SCORER_HRS,,<unknown>,CORP_SERVICES
SCOTTS-PPP,,<unknown>,CORP_SERVICES
SEALD-HRS,,<unknown>,CORP_SERVICES
SERAFINP-FIN,,<unknown>,CORP_SERVICES
SEURENS-FIN,,<unknown>,CORP_SERVICES
SFORCINH_CRT,,<unknown>,CORP_SERVICES
SG01175387,,<unknown>,MOJ_MASTER
SG5359-JCT,,<unknown>,LOCAL_COURT
SG5925-JCT,,<unknown>,LOCAL_COURT
SHAKESPS_HRS,,<unknown>,CORP_SERVICES
SHARESHP-OTU,,<unknown>,OMPERTH
SHARMANT-FOI,,<unknown>,CORP_SERVICES
SHARP101103,,<unknown>,OMPERTH
SHARP101109,,<unknown>,OMPERTH
SHARP101112,,<unknown>,OMPERTH
SHARP300PII-STD,,<unknown>,LOCAL_COURT
SHARP9340T,,<unknown>,CORP_SERVICES
SHARPWKS-STD,,<unknown>,CORP_SERVICES
SHER_SHERIFF,,<unknown>,LOCAL_COURT
SHERIDAJ-HRS,,<unknown>,CORP_SERVICES
SHERIDAJ_HRS,,<unknown>,CORP_SERVICES
SHERIFF-SHER,,<unknown>,MOJ_MASTER
SHERIFF-SHER,,<unknown>,LOCAL_COURT
SHERIFF-SHER,,<unknown>,CORP_SERVICES
SHIERSK-OME,,<unknown>,CORP_SERVICES
SHUARDJ-JAR,,<unknown>,JARDINE
SIMMONSW-REC,,<unknown>,CORP_SERVICES
SIMPSONT-EXC,,<unknown>,CORP_SERVICES
SIMPSONT-ISD,,<unknown>,CORP_SERVICES
SIN-CS,,<unknown>,MOJ_MASTER
SINFIELG-RGO,,<unknown>,RGO
SINFIELJ-RGO,,<unknown>,RGO
SKEFFINK-ISD,,<unknown>,CORP_SERVICES
SKETTINK-ISD,,<unknown>,CORP_SERVICES
SMITHC,,<unknown>,CORP_SERVICES
SMITHC-APS,,<unknown>,CORP_SERVICES
SMITHC-ISD,,<unknown>,CORP_SERVICES
SMITHCA-APS,,<unknown>,CORP_SERVICES
SMITHGL-RGO,,<unknown>,CORP_SERVICES
SMITHJ-PAL,,<unknown>,CORP_SERVICES
SMITHR,,<unknown>,CORP_SERVICES
SMITHR-ISD,,<unknown>,CORP_SERVICES
SMITHR_ISD,,<unknown>,CORP_SERVICES
SMITHT-OM,,<unknown>,CORP_SERVICES
SOARESB,,<unknown>,CORP_SERVICES
SOARESB-IMB,,<unknown>,CORP_SERVICES
SOE,,<unknown>,MOJ_MASTER
SOE101014,,<unknown>,MOJ_MASTER
SOE101271,,<unknown>,MOJ_MASTER
SOE101702,,<unknown>,MOJ_MASTER
SOE101960,,<unknown>,MOJ_MASTER
SOE102144,,<unknown>,MOJ_MASTER
SOE102153,,<unknown>,MOJ_MASTER
SOE102176,,<unknown>,MOJ_MASTER
SOE102444,,<unknown>,MOJ_MASTER
SOE103004,,<unknown>,MOJ_MASTER
SOE103005,,<unknown>,MOJ_MASTER
SOE103006,,<unknown>,MOJ_MASTER
SOE103011,,<unknown>,MOJ_MASTER
SOE103011,,<unknown>,LOCAL_COURT
SOE103016,,<unknown>,MOJ_MASTER
SOE103017,,<unknown>,MOJ_MASTER
SOE103023,,<unknown>,OMPERTH
SOE103023,,<unknown>,MOJ_MASTER
SOE103032,,<unknown>,MOJ_MASTER
SOE10306,,<unknown>,MOJ_MASTER
SOE103089,,<unknown>,MOJ_MASTER
SOE103090,,<unknown>,MOJ_MASTER
SOE103091,,<unknown>,MOJ_MASTER
SOE103092,,<unknown>,MOJ_MASTER
SOE103129,,<unknown>,MOJ_MASTER
SOE103132,,<unknown>,MOJ_MASTER
SOE666666,,<unknown>,MOJ_MASTER
SOE95820,,<unknown>,MOJ_MASTER
SOEA029496,,<unknown>,MOJ_MASTER
SOECOMPNAME,,<unknown>,MOJ_MASTER
SOEDEV001,,<unknown>,MOJ_MASTER
SOEDEV04,,<unknown>,MOJ_MASTER
SOEDEV05,,<unknown>,MOJ_MASTER
SOEINST3,,<unknown>,MOJ_MASTER
SOESOE096382,,<unknown>,MOJ_MASTER
SOESRV001,,<unknown>,MOJ_MASTER
SOEW2KTEST,,<unknown>,MOJ_MASTER
SPAREPC-Y2K,,<unknown>,CORP_SERVICES
SPRAYD,,<unknown>,CORP_SERVICES
SPRAYD-HOME,,<unknown>,MOJ_MASTER
SPRAYD-ISD,,<unknown>,CORP_SERVICES
SPRAYD_ISD,,<unknown>,CORP_SERVICES
SPRM101025,,<unknown>,MOJ_MASTER
SR_BACKUP_CSC,,<unknown>,MOJ_MASTER
SRV-EXCH33,,<unknown>,MOJ_MASTER
STACEYB-FIN,,<unknown>,CORP_SERVICES
STACEYBB-JAR,,<unknown>,JARDINE
STAECKD,,<unknown>,CORP_SERVICES
STAECKD-ISD,,<unknown>,CORP_SERVICES
STAMPALJ-FIN,,<unknown>,CORP_SERVICES
STANLEYG_ORP,,<unknown>,CORP_SERVICES
STCLAIRD-ISD,,<unknown>,CORP_SERVICES
STD_WRKSTN,,<unknown>,CORP_SERVICES
STEFFENR,,<unknown>,LOCAL_COURT
STEIND-HRS,,<unknown>,CORP_SERVICES
STEWARTJ,,<unknown>,CORP_SERVICES
STEWARTJ-AST,,<unknown>,CORP_SERVICES
STOCKIND-RGO,,<unknown>,RGO
STOCKINGD-RGO,,<unknown>,RGO
STOREYL_ORP,,<unknown>,CORP_SERVICES
STRAKERP,,<unknown>,CORP_SERVICES
STRONACH-GAB,,<unknown>,MOJ_MASTER
SULLIVAT-FIN,,<unknown>,CORP_SERVICES
SUP103412,,<unknown>,MOJ_MASTER
SUP103426,,<unknown>,MOJ_MASTER
SUP103703,,<unknown>,MOJ_MASTER
SUP_HELP,,<unknown>,CORP_SERVICES
SUPR101625,,<unknown>,MOJ_MASTER
SUPREME,,<unknown>,CORP_SERVICES
SUTHERLM-RGO,,<unknown>,RGO
SUTRISNH-ISD,,<unknown>,CORP_SERVICES
SUTTIEK-PAF,,<unknown>,CORP_SERVICES
SVCS102176,,<unknown>,OMPERTH
SWEENEYE-SOTU,,<unknown>,CORP_SERVICES
SWS103707,,<unknown>,MOJ_MASTER
T4060XCDT,,<unknown>,CORP_SERVICES
T4090XCDT,,<unknown>,CORP_SERVICES
T420CDT-ISD,,<unknown>,CORP_SERVICES
T4600XDVD,,<unknown>,MOJ_MASTER
T460CDT,,<unknown>,CORP_SERVICES
TALBOTP-RGO,,<unknown>,RGO
TALBOTP-RGO,,<unknown>,CORP_SERVICES
TANC,,<unknown>,CORP_SERVICES
TANC-ISD,,<unknown>,CORP_SERVICES
TANG-EVAL,,<unknown>,CORP_SERVICES
TANGJ-OME,,<unknown>,CORP_SERVICES
TANGJ-PPP,,<unknown>,CORP_SERVICES
TANN-IMB,,<unknown>,CORP_SERVICES
TANN-ISD,,<unknown>,CORP_SERVICES
TAYLORD,,<unknown>,CORP_SERVICES
TAYLORD-EWR,,<unknown>,CORP_SERVICES
TAYLORDA-EWR,,<unknown>,CORP_SERVICES
TAYLORJ-HR,,<unknown>,CORP_SERVICES
TAYLORR-OR,,<unknown>,CORP_SERVICES
TECRA-IMB,,<unknown>,CORP_SERVICES
TECRA510CDT,,<unknown>,CORP_SERVICES
TEHK_ISD,,<unknown>,CORP_SERVICES
TELSTRA,,<unknown>,MOJ_MASTER
TEMP-EXCH1,,<unknown>,MOJ_MASTER
TEMP-HR,,<unknown>,CORP_SERVICES
TEMP-HRS,,<unknown>,CORP_SERVICES
TERMSRV,,<unknown>,CORP_SERVICES
TERRANCE,,<unknown>,MOJ_MASTER
TEST,,<unknown>,MOJ_MASTER
TEST-PC,,<unknown>,CORP_SERVICES
TEST-REC,,<unknown>,CORP_SERVICES
TEST2-IMB,,<unknown>,CORP_SERVICES
TEST2-ISD,,<unknown>,CORP_SERVICES
TEST95637,,<unknown>,OMPERTH
TEST_E-PC,,<unknown>,MOJ_MASTER
TESTING5,,<unknown>,LOCAL_COURT
TESTPC,,<unknown>,CORP_SERVICES
TESTPC-ISD,,<unknown>,CORP_SERVICES
THACKERJ-ISD,,<unknown>,CORP_SERVICES
THARBYH-DC,,<unknown>,CORP_SERVICES
THESEIRP-ISD,,<unknown>,CORP_SERVICES
THINKPAD,,<unknown>,CORP_SERVICES
THIRDUSER-HR,,<unknown>,CORP_SERVICES
THOC102385,,<unknown>,MOJ_MASTER
THOMASH_HRS,,<unknown>,CORP_SERVICES
THOMPSOA-PAL,,<unknown>,CORP_SERVICES
THOMPSOA-POLICY,,<unknown>,CORP_SERVICES
THORPED-RGO,,<unknown>,RGO
THORPEJ-LIB,,<unknown>,CORP_SERVICES
THOT98752,,<unknown>,OMMETROSOUTH
TIPC,,<unknown>,CORP_SERVICES
TKT1-RGO,,<unknown>,RGO
TKT2-RGO,,<unknown>,RGO
TOMS18A-ISD,,<unknown>,CORP_SERVICES
TOMS18B-ISD,,<unknown>,CORP_SERVICES
TOMS18C-ISD,,<unknown>,CORP_SERVICES
TOMS733,,<unknown>,OMPERTH
TOMS733,,<unknown>,MOJ_MASTER
TOMS_DEV1,,<unknown>,CORP_SERVICES
TOMS_DEV10,,<unknown>,CORP_SERVICES
TOMS_DEV2,,<unknown>,OMPERTH
TOMS_DEV2,,<unknown>,CORP_SERVICES
TOMS_DEV4,,<unknown>,CORP_SERVICES
TOMS_DEV5,,<unknown>,CORP_SERVICES
TOMS_DEV6,,<unknown>,CORP_SERVICES
TOMS_DEV7,,<unknown>,CORP_SERVICES
TOMS_DEV8,,<unknown>,CORP_SERVICES
TOMS_DEV9,,<unknown>,CORP_SERVICES
TOMSCLNT_ISD,,<unknown>,CORP_SERVICES
TOMSDMO1,,<unknown>,CORP_SERVICES
TOMSDMO2,,<unknown>,CORP_SERVICES
TOMSMSTR_ISD,,<unknown>,CORP_SERVICES
TOMSTEST1,,<unknown>,CORP_SERVICES
TOMSTEST2,,<unknown>,CORP_SERVICES
TOMSTEST3,,<unknown>,CORP_SERVICES
TOMSTEST4,,<unknown>,CORP_SERVICES
TOMTEST5,,<unknown>,CORP_SERVICES
TOS4200-STD,,<unknown>,OMPERTH
TOSH4090,,<unknown>,CORP_SERVICES
TOSH4200-STD,,<unknown>,OMPERTH
TOSH4200-STD,,<unknown>,MOJ_MASTER
TOSH4200-STD,,<unknown>,CORP_SERVICES
TOSH700CT-STD,,<unknown>,CORP_SERVICES
TOSH7020-STD,,<unknown>,MOJ_MASTER
TOWNSENM-RGO,,<unknown>,RGO
TRAIN3-GIS,,<unknown>,LOCAL_COURT
TRAIN4-GIS,,<unknown>,LOCAL_COURT
TRAIN5-GIS,,<unknown>,LOCAL_COURT
TRAIN6-GIS,,<unknown>,LOCAL_COURT
TRAIN7-GIS,,<unknown>,LOCAL_COURT
TRAINING-CANV,,<unknown>,OMMETROSOUTH
TRAINING1,,<unknown>,LOCAL_COURT
TRAINING2,,<unknown>,MOJ_MASTER
TRAINING2,,<unknown>,LOCAL_COURT
TRAINING3,,<unknown>,LOCAL_COURT
TRAINING4,,<unknown>,LOCAL_COURT
TRANSFER-OM,,<unknown>,CORP_SERVICES
TRIMTMP1,,<unknown>,CORP_SERVICES
TRIMTMP2,,<unknown>,CORP_SERVICES
TRIMTMP3,,<unknown>,CORP_SERVICES
TRNG_BANJ101776,,<unknown>,OMPERTH
TRNG_BANJ101777,,<unknown>,OMPERTH
TRNG_CASU101623,,<unknown>,OMMETROSOUTH
TRNG_CASU101649,,<unknown>,OMMETROSOUTH
TRNG_CASU101651,,<unknown>,OMMETROSOUTH
TRNG_CASU101652,,<unknown>,OMPERTH
TRNG_CLC101200,,<unknown>,OMPERTH
TRNG_LAWC101601,,<unknown>,OMPERTH
TRNG_LAWC101601,,<unknown>,MOJ_MASTER
TRNG_LAWC101602,,<unknown>,OMPERTH
TRNG_LAWC101606,,<unknown>,OMPERTH
TRNG_LAWC95462,,<unknown>,OMPERTH
TRNG_LAWC95462,,<unknown>,LOCAL_COURT
TRNG_LAWC95898,,<unknown>,OMPERTH
TRNG_LAWC95898,,<unknown>,LOCAL_COURT
TRNG_LAWC96928,,<unknown>,LOCAL_COURT
TRNG_LAWC96957,,<unknown>,LOCAL_COURT
TRNG_LAWC99624,,<unknown>,MOJ_MASTER
TRNG_LAWC99624,,<unknown>,LOCAL_COURT
TSAKALAM-REC,,<unknown>,CORP_SERVICES
TURNERD,,<unknown>,CORP_SERVICES
TYSONP-CBS,,<unknown>,OMMETROSOUTH
UMT,,<unknown>,MOJ_MASTER
UNI04203346,,<unknown>,MOJ_MASTER
UNI04203347,,<unknown>,MOJ_MASTER
UNI04203350,,<unknown>,OMPERTH
UNI04203350,,<unknown>,MOJ_MASTER
UNI04203352,,<unknown>,OMPERTH
UNI04203352,,<unknown>,MOJ_MASTER
UPTONDAP-PAL,,<unknown>,OMPERTH
UPTONDAP-PAL,,<unknown>,CORP_SERVICES
VALLOWJ-FIN,,<unknown>,CORP_SERVICES
VANHAMD_HRS,,<unknown>,CORP_SERVICES
VANHAMED-PAL,,<unknown>,CORP_SERVICES
VASILEM-ISD,,<unknown>,CORP_SERVICES
VAUGHANI-PO,,<unknown>,CORP_SERVICES
VAUGHNI-OME,,<unknown>,CORP_SERVICES
VAUGHNI-PO,,<unknown>,CORP_SERVICES
VAZC-FIN,,<unknown>,CORP_SERVICES
VBSPARE,,<unknown>,OMPERTH
VECTRA,,<unknown>,MOJ_MASTER
VECTRA733,,<unknown>,MOJ_MASTER
VECTRA_EVAL,,<unknown>,CORP_SERVICES
VEDERJ-ISD,,<unknown>,CORP_SERVICES
VENDITTJ-HRS,,<unknown>,CORP_SERVICES
VENDITTJ_HRS,,<unknown>,CORP_SERVICES
VENERISC-PAL,,<unknown>,CORP_SERVICES
VICKERYM-MIS,,<unknown>,OMPERTH
VICKERYM-MIS,,<unknown>,CORP_SERVICES
VICKERYM-OM,,<unknown>,CORP_SERVICES
VICKERYM-OME,,<unknown>,CORP_SERVICES
VICKERYM-OS,,<unknown>,CORP_SERVICES
VILLAMIM_MHC,,<unknown>,LOCAL_COURT
VINEJ_PUR,,<unknown>,CORP_SERVICES
VIVIANB-MHC,,<unknown>,LOCAL_COURT
VL400-DEMO,,<unknown>,MOJ_MASTER
VMUC100332,,<unknown>,OMPERTH
VMUC105460,,<unknown>,OMMETROSOUTH
VPCBS103671,,<unknown>,MOJ_MASTER
VPCBS103672,,<unknown>,MOJ_MASTER
VPCBS103673,,<unknown>,MOJ_MASTER
VSS-TEST,,<unknown>,CORP_SERVICES
VSS78870,,<unknown>,VSS
VSS95204,,<unknown>,MOJ_MASTER
VSS95772,,<unknown>,VSS
VSS95968,,<unknown>,VSS
W101494-ISD,,<unknown>,CORP_SERVICES
WAIR_HRS,,<unknown>,CORP_SERVICES
WAIT_HRS,,<unknown>,CORP_SERVICES
WAJNSTOKG-PPP,,<unknown>,MOJ_MASTER
WAJNSTOKG-PPP,,<unknown>,CORP_SERVICES
WALEG,,<unknown>,CORP_SERVICES
WALKERD_HR,,<unknown>,CORP_SERVICES
WALKERS,,<unknown>,CORP_SERVICES
WALKERV_HRS,,<unknown>,CORP_SERVICES
WALTERS-ISD,,<unknown>,CORP_SERVICES
WANGZHON-RGO,,<unknown>,RGO
WANNG-OR,,<unknown>,CORP_SERVICES
WARLICKT-OME,,<unknown>,CORP_SERVICES
WARM100266,,<unknown>,MOJ_MASTER
WARM100267,,<unknown>,MOJ_MASTER
WARM100268,,<unknown>,MOJ_MASTER
WARM100269,,<unknown>,MOJ_MASTER
WARM100284,,<unknown>,MOJ_MASTER
WARM103181,,<unknown>,MOJ_MASTER
WARM103184,,<unknown>,MOJ_MASTER
WARM103187,,<unknown>,MOJ_MASTER
WARM103188,,<unknown>,MOJ_MASTER
WARM103205,,<unknown>,MOJ_MASTER
WARM103212,,<unknown>,MOJ_MASTER
WARM103222,,<unknown>,MOJ_MASTER
WARM103223,,<unknown>,MOJ_MASTER
WARNESR-OPD,,<unknown>,CORP_SERVICES
WARNESR-ORG,,<unknown>,CORP_SERVICES
WARNSR-OPD,,<unknown>,CORP_SERVICES
WATERSS_ISD,,<unknown>,CORP_SERVICES
WATSONR,,<unknown>,CORP_SERVICES
WATSONR-ISD,,<unknown>,CORP_SERVICES
WEBSEARCH-Y2K,,<unknown>,CORP_SERVICES
WELLSA-OM,,<unknown>,CORP_SERVICES
WELLSA-OME,,<unknown>,CORP_SERVICES
WES95582,,<unknown>,MOJ_MASTER
WESLEY-ISD,,<unknown>,MOJ_MASTER
WESTC,,<unknown>,CORP_SERVICES
WESTC-ISD,,<unknown>,CORP_SERVICES
WESTC_ISD,,<unknown>,CORP_SERVICES
WHITEQ_HRS,,<unknown>,CORP_SERVICES
WHITTRES-HEA,,<unknown>,CORP_SERVICES
WHOAMI,,<unknown>,MOJ_MASTER
WHYKESL,,<unknown>,CORP_SERVICES
WHYTEP-DGO,,<unknown>,CORP_SERVICES
WILKINSP,,<unknown>,CORP_SERVICES
WILKINSP-ISD,,<unknown>,CORP_SERVICES
WILKINSS-KAR,,<unknown>,CORP_SERVICES
WILKINSS-KCT,,<unknown>,CORP_SERVICES
WILLIAMT_BDG,,<unknown>,CORP_SERVICES
WILMOTT-ISD,,<unknown>,CORP_SERVICES
WILSONB-HEA,,<unknown>,CORP_SERVICES
WIN2KTEST,,<unknown>,CORP_SERVICES
WITHERSS-HRS,,<unknown>,CORP_SERVICES
WITHERSS_HRS,,<unknown>,CORP_SERVICES
WOODC-ISD,,<unknown>,CORP_SERVICES
WOODC_ISD,,<unknown>,CORP_SERVICES
WOODFORA,,<unknown>,CORP_SERVICES
WOODFORA_ISD,,<unknown>,CORP_SERVICES
WOODK,,<unknown>,CORP_SERVICES
WOODK-IMB,,<unknown>,CORP_SERVICES
WOODK-ISD,,<unknown>,CORP_SERVICES
WOODM-GAB,,<unknown>,CORP_SERVICES
WOODM-MHC,,<unknown>,LOCAL_COURT
WOODR,,<unknown>,CORP_SERVICES
WOODRUFB-HRS,,<unknown>,CORP_SERVICES
WOOLLEYJ-EWR,,<unknown>,CORP_SERVICES
WOOLLEYJ_HRS,,<unknown>,CORP_SERVICES
WOOR100137,,<unknown>,OMMETRONORTH
WOOR100146,,<unknown>,OMMETRONORTH
WOOR100150,,<unknown>,OMMETRONORTH
WOOR101605,,<unknown>,OMMETRONORTH
WOOR101634,,<unknown>,OMPERTH
WOOR101634,,<unknown>,OMMETRONORTH
WOOR102291,,<unknown>,OMPERTH
WOOR102292,,<unknown>,OMPERTH
WOOR102408,,<unknown>,OMPERTH
WOOR102408,,<unknown>,MOJ_MASTER
WOOR103022,,<unknown>,OMMETRONORTH
WOOR103393,,<unknown>,MOJ_MASTER
WQS101912,,<unknown>,CORP_SERVICES
WS101185_HRS,,<unknown>,MOJ_MASTER
WSQ-101745,,<unknown>,OMPERTH
WSQ-101802,,<unknown>,OMPERTH
WSQ-101802,,<unknown>,MOJ_MASTER
WSQ-99499,,<unknown>,CORP_SERVICES
WSQ-99556,,<unknown>,CORP_SERVICES
WSQ0192873,,<unknown>,MOJ_MASTER
WSQ095149,,<unknown>,MOJ_MASTER
WSQ095201,,<unknown>,MOJ_MASTER
WSQ095248,,<unknown>,MOJ_MASTER
WSQ095287,,<unknown>,MOJ_MASTER
WSQ095289,,<unknown>,MOJ_MASTER
WSQ095294,,<unknown>,MOJ_MASTER
WSQ095524,,<unknown>,MOJ_MASTER
WSQ095633,,<unknown>,MOJ_MASTER
WSQ095635,,<unknown>,MOJ_MASTER
WSQ099987,,<unknown>,MOJ_MASTER
WSQ100021,,<unknown>,OMPERTH
WSQ100024,,<unknown>,OMPERTH
WSQ100031,,<unknown>,OMPERTH
WSQ100032,,<unknown>,OMPERTH
WSQ100034,,<unknown>,OMPERTH
WSQ100035,,<unknown>,OMPERTH
WSQ100037,,<unknown>,OMPERTH
WSQ100038,,<unknown>,OMPERTH
WSQ100039,,<unknown>,OMPERTH
WSQ100040,,<unknown>,OMPERTH
WSQ100042,,<unknown>,OMPERTH
WSQ100043,,<unknown>,OMPERTH
WSQ100130,,<unknown>,OMPERTH
WSQ100137,,<unknown>,OMPERTH
WSQ100137,,<unknown>,MOJ_MASTER
WSQ100137,,<unknown>,CORP_SERVICES
WSQ100143,,<unknown>,OMPERTH
WSQ100267,,<unknown>,MOJ_MASTER
WSQ100296,,<unknown>,MOJ_MASTER
WSQ100301,,<unknown>,OMPERTH
WSQ100354,,<unknown>,MOJ_MASTER
WSQ100393,,<unknown>,MOJ_MASTER
WSQ101014,,<unknown>,MOJ_MASTER
WSQ101025,,<unknown>,OMPERTH
WSQ101025,,<unknown>,MOJ_MASTER
WSQ101044,,<unknown>,OMPERTH
WSQ101044,,<unknown>,MOJ_MASTER
WSQ101099,,<unknown>,OMPERTH
WSQ101100,,<unknown>,OMPERTH
WSQ101101,,<unknown>,MOJ_MASTER
WSQ101106,,<unknown>,OMPERTH
WSQ101108,,<unknown>,OMPERTH
WSQ101110,,<unknown>,MOJ_MASTER
WSQ101114,,<unknown>,MOJ_MASTER
WSQ101117,,<unknown>,MOJ_MASTER
WSQ101118,,<unknown>,MOJ_MASTER
WSQ101126,,<unknown>,OMPERTH
WSQ101128,,<unknown>,OMPERTH
WSQ101130,,<unknown>,OMPERTH
WSQ101134,,<unknown>,MOJ_MASTER
WSQ101135,,<unknown>,MOJ_MASTER
WSQ101136,,<unknown>,MOJ_MASTER
WSQ101137,,<unknown>,MOJ_MASTER
WSQ101138,,<unknown>,MOJ_MASTER
WSQ101139,,<unknown>,MOJ_MASTER
WSQ101140,,<unknown>,MOJ_MASTER
WSQ101152,,<unknown>,MOJ_MASTER
WSQ101152,,<unknown>,CORP_SERVICES
WSQ101158,,<unknown>,MOJ_MASTER
WSQ101163,,<unknown>,MOJ_MASTER
WSQ101166,,<unknown>,MOJ_MASTER
WSQ101177,,<unknown>,MOJ_MASTER
WSQ101180,,<unknown>,MOJ_MASTER
WSQ101183,,<unknown>,MOJ_MASTER
WSQ101184,,<unknown>,MOJ_MASTER
WSQ101185,,<unknown>,MOJ_MASTER
WSQ101187,,<unknown>,MOJ_MASTER
WSQ101188,,<unknown>,MOJ_MASTER
WSQ101189,,<unknown>,MOJ_MASTER
WSQ101190,,<unknown>,MOJ_MASTER
WSQ101191,,<unknown>,MOJ_MASTER
WSQ101192,,<unknown>,MOJ_MASTER
WSQ101193,,<unknown>,MOJ_MASTER
WSQ101203,,<unknown>,OMPERTH
WSQ101209,,<unknown>,MOJ_MASTER
WSQ101222,,<unknown>,MOJ_MASTER
WSQ101235,,<unknown>,MOJ_MASTER
WSQ101264,,<unknown>,MOJ_MASTER
WSQ101265,,<unknown>,MOJ_MASTER
WSQ101265-ISD,,<unknown>,CORP_SERVICES
WSQ101266,,<unknown>,MOJ_MASTER
WSQ101268,,<unknown>,MOJ_MASTER
WSQ101269,,<unknown>,MOJ_MASTER
WSQ101273,,<unknown>,MOJ_MASTER
WSQ101273,,<unknown>,CORP_SERVICES
WSQ101275,,<unknown>,OMPERTH
WSQ101280,,<unknown>,MOJ_MASTER
WSQ101300,,<unknown>,OMPERTH
WSQ101302,,<unknown>,MOJ_MASTER
WSQ101303,,<unknown>,MOJ_MASTER
WSQ101317,,<unknown>,OMPERTH
WSQ101317,,<unknown>,MOJ_MASTER
WSQ101338,,<unknown>,MOJ_MASTER
WSQ101359,,<unknown>,MOJ_MASTER
WSQ101419,,<unknown>,MOJ_MASTER
WSQ101429,,<unknown>,OMPERTH
WSQ101483,,<unknown>,MOJ_MASTER
WSQ101484,,<unknown>,MOJ_MASTER
WSQ101485,,<unknown>,MOJ_MASTER
WSQ101486,,<unknown>,MOJ_MASTER
WSQ101492,,<unknown>,MOJ_MASTER
WSQ101494,,<unknown>,OMPERTH
WSQ101515,,<unknown>,MOJ_MASTER
WSQ101519,,<unknown>,OMPERTH
WSQ101524,,<unknown>,MOJ_MASTER
WSQ101554,,<unknown>,OMPERTH
WSQ101567,,<unknown>,MOJ_MASTER
WSQ101594,,<unknown>,OMPERTH
WSQ101597,,<unknown>,MOJ_MASTER
WSQ101601,,<unknown>,OMPERTH
WSQ101601,,<unknown>,CORP_SERVICES
WSQ101602,,<unknown>,OMPERTH
WSQ101604,,<unknown>,MOJ_MASTER
WSQ101605,,<unknown>,OMPERTH
WSQ101605,,<unknown>,OMMETROSOUTH
WSQ101606,,<unknown>,OMPERTH
WSQ101629,,<unknown>,CORP_SERVICES
WSQ101632,,<unknown>,OMPERTH
WSQ101632,,<unknown>,MOJ_MASTER
WSQ101661,,<unknown>,OMPERTH
WSQ101662,,<unknown>,OMPERTH
WSQ101662,,<unknown>,MOJ_MASTER
WSQ101662,,<unknown>,CORP_SERVICES
WSQ101665,,<unknown>,MOJ_MASTER
WSQ101666,,<unknown>,MOJ_MASTER
WSQ101667,,<unknown>,MOJ_MASTER
WSQ101668,,<unknown>,MOJ_MASTER
WSQ101674,,<unknown>,MOJ_MASTER
WSQ101675,,<unknown>,MOJ_MASTER
WSQ101684,,<unknown>,OMPERTH
WSQ101689,,<unknown>,MOJ_MASTER
WSQ101696,,<unknown>,CORP_SERVICES
WSQ101697,,<unknown>,MOJ_MASTER
WSQ101702,,<unknown>,MOJ_MASTER
WSQ101704,,<unknown>,MOJ_MASTER
WSQ101707,,<unknown>,MOJ_MASTER
WSQ101722,,<unknown>,MOJ_MASTER
WSQ101730,,<unknown>,MOJ_MASTER
WSQ101731,,<unknown>,MOJ_MASTER
WSQ101734,,<unknown>,MOJ_MASTER
WSQ101735,,<unknown>,OMPERTH
WSQ101754,,<unknown>,OMPERTH
WSQ101755,,<unknown>,OMPERTH
WSQ101756,,<unknown>,MOJ_MASTER
WSQ101759,,<unknown>,OMPERTH
WSQ101763,,<unknown>,OMPERTH
WSQ101788,,<unknown>,MOJ_MASTER
WSQ101792,,<unknown>,MOJ_MASTER
WSQ101793,,<unknown>,MOJ_MASTER
WSQ101794,,<unknown>,MOJ_MASTER
WSQ101795,,<unknown>,MOJ_MASTER
WSQ101796,,<unknown>,MOJ_MASTER
WSQ101797,,<unknown>,MOJ_MASTER
WSQ101802,,<unknown>,OMPERTH
WSQ101803,,<unknown>,MOJ_MASTER
WSQ101804,,<unknown>,CORP_SERVICES
WSQ101810,,<unknown>,OMPERTH
WSQ101810,,<unknown>,MOJ_MASTER
WSQ101816,,<unknown>,MOJ_MASTER
WSQ101819,,<unknown>,MOJ_MASTER
WSQ101831,,<unknown>,MOJ_MASTER
WSQ101831-IMB,,<unknown>,CORP_SERVICES
WSQ101832,,<unknown>,MOJ_MASTER
WSQ101834,,<unknown>,MOJ_MASTER
WSQ101836,,<unknown>,OMPERTH
WSQ101836,,<unknown>,MOJ_MASTER
WSQ101838,,<unknown>,MOJ_MASTER
WSQ101852,,<unknown>,OMPERTH
WSQ101853,,<unknown>,MOJ_MASTER
WSQ101855,,<unknown>,OMPERTH
WSQ101855,,<unknown>,MOJ_MASTER
WSQ101862,,<unknown>,MOJ_MASTER
WSQ101863,,<unknown>,MOJ_MASTER
WSQ101864,,<unknown>,MOJ_MASTER
WSQ101866,,<unknown>,MOJ_MASTER
WSQ101867,,<unknown>,MOJ_MASTER
WSQ101868,,<unknown>,MOJ_MASTER
WSQ101870,,<unknown>,MOJ_MASTER
WSQ101871,,<unknown>,MOJ_MASTER
WSQ101872,,<unknown>,MOJ_MASTER
WSQ101873,,<unknown>,MOJ_MASTER
WSQ101874,,<unknown>,MOJ_MASTER
WSQ101884,,<unknown>,MOJ_MASTER
WSQ101884,,<unknown>,CORP_SERVICES
WSQ101886,,<unknown>,MOJ_MASTER
WSQ101887,,<unknown>,MOJ_MASTER
WSQ101888,,<unknown>,MOJ_MASTER
WSQ101889,,<unknown>,MOJ_MASTER
WSQ101890,,<unknown>,MOJ_MASTER
WSQ101897,,<unknown>,MOJ_MASTER
WSQ101898,,<unknown>,MOJ_MASTER
WSQ101900,,<unknown>,OMPERTH
WSQ101901,,<unknown>,MOJ_MASTER
WSQ101915,,<unknown>,OMPERTH
WSQ101915,,<unknown>,MOJ_MASTER
WSQ101916,,<unknown>,MOJ_MASTER
WSQ101916,,<unknown>,CORP_SERVICES
WSQ101917,,<unknown>,OMPERTH
WSQ101925,,<unknown>,MOJ_MASTER
WSQ101929,,<unknown>,MOJ_MASTER
WSQ101930,,<unknown>,MOJ_MASTER
WSQ101931,,<unknown>,MOJ_MASTER
WSQ101932,,<unknown>,MOJ_MASTER
WSQ101933,,<unknown>,MOJ_MASTER
WSQ101934,,<unknown>,MOJ_MASTER
WSQ101935,,<unknown>,MOJ_MASTER
WSQ101936,,<unknown>,MOJ_MASTER
WSQ101937,,<unknown>,MOJ_MASTER
WSQ101938,,<unknown>,MOJ_MASTER
WSQ101939,,<unknown>,MOJ_MASTER
WSQ101940,,<unknown>,MOJ_MASTER
WSQ101941,,<unknown>,MOJ_MASTER
WSQ101942,,<unknown>,MOJ_MASTER
WSQ101943,,<unknown>,MOJ_MASTER
WSQ101944,,<unknown>,MOJ_MASTER
WSQ101945,,<unknown>,MOJ_MASTER
WSQ101946,,<unknown>,MOJ_MASTER
WSQ101947,,<unknown>,MOJ_MASTER
WSQ101948,,<unknown>,MOJ_MASTER
WSQ101954,,<unknown>,MOJ_MASTER
WSQ101954,,<unknown>,CORP_SERVICES
WSQ101955,,<unknown>,MOJ_MASTER
WSQ101957,,<unknown>,MOJ_MASTER
WSQ101958,,<unknown>,MOJ_MASTER
WSQ101959,,<unknown>,MOJ_MASTER
WSQ101960,,<unknown>,MOJ_MASTER
WSQ1019600,,<unknown>,MOJ_MASTER
WSQ101961,,<unknown>,MOJ_MASTER
WSQ101962,,<unknown>,MOJ_MASTER
WSQ101963,,<unknown>,MOJ_MASTER
WSQ101964,,<unknown>,MOJ_MASTER
WSQ101965,,<unknown>,MOJ_MASTER
WSQ101966,,<unknown>,MOJ_MASTER
WSQ101967,,<unknown>,MOJ_MASTER
WSQ101968,,<unknown>,MOJ_MASTER
WSQ101969,,<unknown>,MOJ_MASTER
WSQ101970,,<unknown>,MOJ_MASTER
WSQ101971,,<unknown>,MOJ_MASTER
WSQ101972,,<unknown>,MOJ_MASTER
WSQ101973,,<unknown>,MOJ_MASTER
WSQ101974,,<unknown>,MOJ_MASTER
WSQ101975,,<unknown>,MOJ_MASTER
WSQ101976,,<unknown>,MOJ_MASTER
WSQ101977,,<unknown>,MOJ_MASTER
WSQ101978,,<unknown>,MOJ_MASTER
WSQ101979,,<unknown>,MOJ_MASTER
WSQ101980,,<unknown>,MOJ_MASTER
WSQ101981,,<unknown>,MOJ_MASTER
WSQ101982,,<unknown>,MOJ_MASTER
WSQ101983,,<unknown>,MOJ_MASTER
WSQ101984,,<unknown>,MOJ_MASTER
WSQ101985,,<unknown>,MOJ_MASTER
WSQ101986,,<unknown>,MOJ_MASTER
WSQ101990,,<unknown>,MOJ_MASTER
WSQ101990,,<unknown>,CORP_SERVICES
WSQ101991,,<unknown>,MOJ_MASTER
WSQ101991,,<unknown>,CORP_SERVICES
WSQ102083,,<unknown>,MOJ_MASTER
WSQ102103,,<unknown>,MOJ_MASTER
WSQ102103,,<unknown>,CORP_SERVICES
WSQ102104,,<unknown>,MOJ_MASTER
WSQ102105,,<unknown>,MOJ_MASTER
WSQ102106,,<unknown>,MOJ_MASTER
WSQ102107,,<unknown>,MOJ_MASTER
WSQ102108,,<unknown>,MOJ_MASTER
WSQ102109,,<unknown>,MOJ_MASTER
WSQ102110,,<unknown>,MOJ_MASTER
WSQ102111,,<unknown>,MOJ_MASTER
WSQ102112,,<unknown>,MOJ_MASTER
WSQ102113,,<unknown>,MOJ_MASTER
WSQ102115,,<unknown>,MOJ_MASTER
WSQ102116,,<unknown>,MOJ_MASTER
WSQ102117,,<unknown>,MOJ_MASTER
WSQ102118,,<unknown>,MOJ_MASTER
WSQ102119,,<unknown>,MOJ_MASTER
WSQ102120,,<unknown>,MOJ_MASTER
WSQ102121,,<unknown>,MOJ_MASTER
WSQ102122,,<unknown>,MOJ_MASTER
WSQ102123,,<unknown>,MOJ_MASTER
WSQ102124,,<unknown>,MOJ_MASTER
WSQ102125,,<unknown>,MOJ_MASTER
WSQ102126,,<unknown>,MOJ_MASTER
WSQ102127,,<unknown>,MOJ_MASTER
WSQ102128,,<unknown>,MOJ_MASTER
WSQ102131,,<unknown>,MOJ_MASTER
WSQ102142,,<unknown>,MOJ_MASTER
WSQ102144,,<unknown>,MOJ_MASTER
WSQ102150,,<unknown>,MOJ_MASTER
WSQ102152,,<unknown>,MOJ_MASTER
WSQ102153,,<unknown>,MOJ_MASTER
WSQ102154,,<unknown>,MOJ_MASTER
WSQ102155,,<unknown>,MOJ_MASTER
WSQ102156,,<unknown>,CORP_SERVICES
WSQ102157,,<unknown>,MOJ_MASTER
WSQ102158,,<unknown>,MOJ_MASTER
WSQ102160,,<unknown>,MOJ_MASTER
WSQ102161,,<unknown>,MOJ_MASTER
WSQ102162,,<unknown>,MOJ_MASTER
WSQ102163,,<unknown>,MOJ_MASTER
WSQ102164,,<unknown>,MOJ_MASTER
WSQ102165,,<unknown>,MOJ_MASTER
WSQ102166,,<unknown>,MOJ_MASTER
WSQ102166-2,,<unknown>,MOJ_MASTER
WSQ102167,,<unknown>,MOJ_MASTER
WSQ102172,,<unknown>,MOJ_MASTER
WSQ102175,,<unknown>,OMPERTH
WSQ102175,,<unknown>,MOJ_MASTER
WSQ102200,,<unknown>,MOJ_MASTER
WSQ102200,,<unknown>,CORP_SERVICES
WSQ102201,,<unknown>,MOJ_MASTER
WSQ102201,,<unknown>,CORP_SERVICES
WSQ102202,,<unknown>,MOJ_MASTER
WSQ102202,,<unknown>,CORP_SERVICES
WSQ102203,,<unknown>,MOJ_MASTER
WSQ102203,,<unknown>,CORP_SERVICES
WSQ102204,,<unknown>,MOJ_MASTER
WSQ102204,,<unknown>,CORP_SERVICES
WSQ102205,,<unknown>,MOJ_MASTER
WSQ102205,,<unknown>,CORP_SERVICES
WSQ102206,,<unknown>,MOJ_MASTER
WSQ102206,,<unknown>,CORP_SERVICES
WSQ102207,,<unknown>,MOJ_MASTER
WSQ102207,,<unknown>,CORP_SERVICES
WSQ102208,,<unknown>,MOJ_MASTER
WSQ102208,,<unknown>,CORP_SERVICES
WSQ102209,,<unknown>,MOJ_MASTER
WSQ102209,,<unknown>,CORP_SERVICES
WSQ1023,,<unknown>,MOJ_MASTER
WSQ102312,,<unknown>,MOJ_MASTER
WSQ102313,,<unknown>,MOJ_MASTER
WSQ102314,,<unknown>,MOJ_MASTER
WSQ102315,,<unknown>,MOJ_MASTER
WSQ102316,,<unknown>,MOJ_MASTER
WSQ102317,,<unknown>,MOJ_MASTER
WSQ102318,,<unknown>,MOJ_MASTER
WSQ102324,,<unknown>,MOJ_MASTER
WSQ102324,,<unknown>,CORP_SERVICES
WSQ102325,,<unknown>,OMPERTH
WSQ102325,,<unknown>,MOJ_MASTER
WSQ102325,,<unknown>,JARDINE
WSQ102329,,<unknown>,MOJ_MASTER
WSQ102330,,<unknown>,MOJ_MASTER
WSQ102331,,<unknown>,MOJ_MASTER
WSQ102332,,<unknown>,MOJ_MASTER
WSQ102333,,<unknown>,MOJ_MASTER
WSQ102334,,<unknown>,MOJ_MASTER
WSQ102335,,<unknown>,MOJ_MASTER
WSQ102336,,<unknown>,MOJ_MASTER
WSQ102338,,<unknown>,MOJ_MASTER
WSQ102339,,<unknown>,MOJ_MASTER
WSQ102340,,<unknown>,MOJ_MASTER
WSQ102341,,<unknown>,MOJ_MASTER
WSQ102342,,<unknown>,MOJ_MASTER
WSQ102343,,<unknown>,MOJ_MASTER
WSQ102344,,<unknown>,MOJ_MASTER
WSQ102345,,<unknown>,MOJ_MASTER
WSQ102346,,<unknown>,MOJ_MASTER
WSQ102347,,<unknown>,MOJ_MASTER
WSQ102348,,<unknown>,MOJ_MASTER
WSQ102349,,<unknown>,MOJ_MASTER
WSQ102350,,<unknown>,MOJ_MASTER
WSQ102351,,<unknown>,MOJ_MASTER
WSQ102352,,<unknown>,MOJ_MASTER
WSQ102353,,<unknown>,MOJ_MASTER
WSQ102354,,<unknown>,MOJ_MASTER
WSQ102355,,<unknown>,MOJ_MASTER
WSQ102356,,<unknown>,MOJ_MASTER
WSQ102357,,<unknown>,MOJ_MASTER
WSQ102358,,<unknown>,MOJ_MASTER
WSQ102359,,<unknown>,MOJ_MASTER
WSQ102361,,<unknown>,MOJ_MASTER
WSQ102362,,<unknown>,MOJ_MASTER
WSQ102363,,<unknown>,MOJ_MASTER
WSQ102364,,<unknown>,MOJ_MASTER
WSQ102365,,<unknown>,MOJ_MASTER
WSQ102366,,<unknown>,MOJ_MASTER
WSQ102367,,<unknown>,MOJ_MASTER
WSQ102368,,<unknown>,MOJ_MASTER
WSQ102369,,<unknown>,MOJ_MASTER
WSQ102389,,<unknown>,MOJ_MASTER
WSQ102394,,<unknown>,OMPERTH
WSQ102394,,<unknown>,MOJ_MASTER
WSQ102405,,<unknown>,OMPERTH
WSQ102408,,<unknown>,MOJ_MASTER
WSQ102410,,<unknown>,OMPERTH
WSQ102411,,<unknown>,OMPERTH
WSQ102411,,<unknown>,MOJ_MASTER
WSQ102422,,<unknown>,MOJ_MASTER
WSQ102423,,<unknown>,MOJ_MASTER
WSQ102424,,<unknown>,MOJ_MASTER
WSQ102425,,<unknown>,MOJ_MASTER
WSQ102426,,<unknown>,MOJ_MASTER
WSQ102427,,<unknown>,MOJ_MASTER
WSQ102428,,<unknown>,MOJ_MASTER
WSQ102429,,<unknown>,MOJ_MASTER
WSQ102430,,<unknown>,MOJ_MASTER
WSQ102432,,<unknown>,MOJ_MASTER
WSQ102433,,<unknown>,MOJ_MASTER
WSQ102434,,<unknown>,MOJ_MASTER
WSQ102435,,<unknown>,MOJ_MASTER
WSQ102436,,<unknown>,MOJ_MASTER
WSQ102437,,<unknown>,MOJ_MASTER
WSQ102438,,<unknown>,MOJ_MASTER
WSQ102439,,<unknown>,MOJ_MASTER
WSQ102440,,<unknown>,MOJ_MASTER
WSQ102441,,<unknown>,MOJ_MASTER
WSQ102442,,<unknown>,MOJ_MASTER
WSQ102443,,<unknown>,MOJ_MASTER
WSQ102444,,<unknown>,MOJ_MASTER
WSQ102445,,<unknown>,MOJ_MASTER
WSQ102446,,<unknown>,MOJ_MASTER
WSQ102447,,<unknown>,MOJ_MASTER
WSQ102448,,<unknown>,MOJ_MASTER
WSQ102449,,<unknown>,MOJ_MASTER
WSQ102450,,<unknown>,MOJ_MASTER
WSQ102451,,<unknown>,MOJ_MASTER
WSQ102538,,<unknown>,MOJ_MASTER
WSQ102546,,<unknown>,MOJ_MASTER
WSQ102547,,<unknown>,MOJ_MASTER
WSQ102548,,<unknown>,MOJ_MASTER
WSQ102549,,<unknown>,MOJ_MASTER
WSQ102550,,<unknown>,MOJ_MASTER
WSQ102551,,<unknown>,MOJ_MASTER
WSQ102552,,<unknown>,MOJ_MASTER
WSQ102553,,<unknown>,MOJ_MASTER
WSQ102554,,<unknown>,MOJ_MASTER
WSQ102555,,<unknown>,MOJ_MASTER
WSQ102557,,<unknown>,OMPERTH
WSQ102566,,<unknown>,OMPERTH
WSQ102566,,<unknown>,MOJ_MASTER
WSQ102566,,<unknown>,CORP_SERVICES
WSQ102568,,<unknown>,MOJ_MASTER
WSQ102576,,<unknown>,MOJ_MASTER
WSQ102577,,<unknown>,MOJ_MASTER
WSQ102578,,<unknown>,OMPERTH
WSQ102578,,<unknown>,MOJ_MASTER
WSQ102586,,<unknown>,MOJ_MASTER
WSQ102608,,<unknown>,MOJ_MASTER
WSQ102617,,<unknown>,MOJ_MASTER
WSQ102626,,<unknown>,MOJ_MASTER
WSQ102635,,<unknown>,MOJ_MASTER
WSQ102636,,<unknown>,MOJ_MASTER
WSQ102643,,<unknown>,MOJ_MASTER
WSQ102657,,<unknown>,OMPERTH
WSQ102686,,<unknown>,MOJ_MASTER
WSQ102911,,<unknown>,MOJ_MASTER
WSQ102967,,<unknown>,MOJ_MASTER
WSQ102968,,<unknown>,OMPERTH
WSQ103004,,<unknown>,MOJ_MASTER
WSQ103005,,<unknown>,OMPERTH
WSQ103005,,<unknown>,MOJ_MASTER
WSQ103012,,<unknown>,MOJ_MASTER
WSQ103014,,<unknown>,MOJ_MASTER
WSQ103016,,<unknown>,MOJ_MASTER
WSQ103017,,<unknown>,MOJ_MASTER
WSQ103028,,<unknown>,MOJ_MASTER
WSQ103030,,<unknown>,MOJ_MASTER
WSQ103035,,<unknown>,OMPERTH
WSQ103036,,<unknown>,MOJ_MASTER
WSQ103037,,<unknown>,OMPERTH
WSQ103044,,<unknown>,OMPERTH
WSQ103044,,<unknown>,MOJ_MASTER
WSQ103045,,<unknown>,OMPERTH
WSQ103047,,<unknown>,MOJ_MASTER
WSQ103049,,<unknown>,MOJ_MASTER
WSQ103053,,<unknown>,MOJ_MASTER
WSQ103055,,<unknown>,MOJ_MASTER
WSQ103057,,<unknown>,MOJ_MASTER
WSQ103061,,<unknown>,MOJ_MASTER
WSQ103061,,<unknown>,LOCAL_COURT
WSQ103070,,<unknown>,MOJ_MASTER
WSQ103086,,<unknown>,OMPERTH
WSQ103087,,<unknown>,MOJ_MASTER
WSQ103088,,<unknown>,MOJ_MASTER
WSQ103096,,<unknown>,MOJ_MASTER
WSQ103099,,<unknown>,OMPERTH
WSQ103102,,<unknown>,OMPERTH
WSQ103104,,<unknown>,MOJ_MASTER
WSQ103105,,<unknown>,MOJ_MASTER
WSQ103107,,<unknown>,MOJ_MASTER
WSQ103108,,<unknown>,OMPERTH
WSQ103108,,<unknown>,MOJ_MASTER
WSQ103109,,<unknown>,MOJ_MASTER
WSQ103111,,<unknown>,MOJ_MASTER
WSQ103112,,<unknown>,MOJ_MASTER
WSQ103114,,<unknown>,MOJ_MASTER
WSQ10312,,<unknown>,MOJ_MASTER
WSQ103121,,<unknown>,MOJ_MASTER
WSQ103122,,<unknown>,MOJ_MASTER
WSQ103125,,<unknown>,MOJ_MASTER
WSQ103126,,<unknown>,MOJ_MASTER
WSQ103129,,<unknown>,MOJ_MASTER
WSQ103131,,<unknown>,OMPERTH
WSQ103131,,<unknown>,MOJ_MASTER
WSQ103135,,<unknown>,MOJ_MASTER
WSQ103140,,<unknown>,MOJ_MASTER
WSQ103141,,<unknown>,MOJ_MASTER
WSQ103143,,<unknown>,MOJ_MASTER
WSQ103146,,<unknown>,MOJ_MASTER
WSQ103149,,<unknown>,OMMETROSOUTH
WSQ103149,,<unknown>,MOJ_MASTER
WSQ103150,,<unknown>,MOJ_MASTER
WSQ103155,,<unknown>,MOJ_MASTER
WSQ103156,,<unknown>,MOJ_MASTER
WSQ103157,,<unknown>,MOJ_MASTER
WSQ103158,,<unknown>,OMMETROSOUTH
WSQ103159,,<unknown>,MOJ_MASTER
WSQ103160,,<unknown>,MOJ_MASTER
WSQ103161,,<unknown>,MOJ_MASTER
WSQ103167,,<unknown>,MOJ_MASTER
WSQ103168,,<unknown>,OMPERTH
WSQ103169,,<unknown>,OMPERTH
WSQ103169,,<unknown>,MOJ_MASTER
WSQ103175,,<unknown>,OMPERTH
WSQ103177,,<unknown>,MOJ_MASTER
WSQ103180,,<unknown>,MOJ_MASTER
WSQ103227,,<unknown>,MOJ_MASTER
WSQ103231,,<unknown>,MOJ_MASTER
WSQ103232,,<unknown>,MOJ_MASTER
WSQ103233,,<unknown>,MOJ_MASTER
WSQ103234,,<unknown>,MOJ_MASTER
WSQ103235,,<unknown>,MOJ_MASTER
WSQ103236,,<unknown>,MOJ_MASTER
WSQ103238,,<unknown>,MOJ_MASTER
WSQ103240,,<unknown>,MOJ_MASTER
WSQ103241,,<unknown>,MOJ_MASTER
WSQ103243,,<unknown>,MOJ_MASTER
WSQ103244,,<unknown>,MOJ_MASTER
WSQ103245,,<unknown>,MOJ_MASTER
WSQ103246,,<unknown>,MOJ_MASTER
WSQ103247,,<unknown>,MOJ_MASTER
WSQ103248,,<unknown>,MOJ_MASTER
WSQ103249,,<unknown>,MOJ_MASTER
WSQ103250,,<unknown>,MOJ_MASTER
WSQ103251,,<unknown>,MOJ_MASTER
WSQ103252,,<unknown>,MOJ_MASTER
WSQ103253,,<unknown>,MOJ_MASTER
WSQ103254,,<unknown>,MOJ_MASTER
WSQ103255,,<unknown>,MOJ_MASTER
WSQ103256,,<unknown>,MOJ_MASTER
WSQ103258,,<unknown>,OMPERTH
WSQ103258,,<unknown>,MOJ_MASTER
WSQ103260,,<unknown>,MOJ_MASTER
WSQ103261,,<unknown>,MOJ_MASTER
WSQ103262,,<unknown>,MOJ_MASTER
WSQ103267,,<unknown>,MOJ_MASTER
WSQ103279,,<unknown>,MOJ_MASTER
WSQ103280,,<unknown>,MOJ_MASTER
WSQ103283,,<unknown>,MOJ_MASTER
WSQ103285,,<unknown>,MOJ_MASTER
WSQ103324,,<unknown>,MOJ_MASTER
WSQ103325,,<unknown>,OMPERTH
WSQ103325,,<unknown>,MOJ_MASTER
WSQ103326,,<unknown>,OMPERTH
WSQ103326,,<unknown>,MOJ_MASTER
WSQ103327,,<unknown>,OMPERTH
WSQ103327,,<unknown>,MOJ_MASTER
WSQ103347,,<unknown>,MOJ_MASTER
WSQ103348,,<unknown>,MOJ_MASTER
WSQ103357,,<unknown>,OMPERTH
WSQ103357,,<unknown>,MOJ_MASTER
WSQ103358,,<unknown>,MOJ_MASTER
WSQ103360,,<unknown>,MOJ_MASTER
WSQ103382,,<unknown>,MOJ_MASTER
WSQ103383,,<unknown>,OMPERTH
WSQ103384,,<unknown>,MOJ_MASTER
WSQ103399,,<unknown>,MOJ_MASTER
WSQ103405,,<unknown>,OMPERTH
WSQ103412,,<unknown>,OMSOUTH
WSQ103412,,<unknown>,OMPERTH
WSQ103412,,<unknown>,MOJ_MASTER
WSQ103425,,<unknown>,MOJ_MASTER
WSQ103427,,<unknown>,MOJ_MASTER
WSQ103428,,<unknown>,MOJ_MASTER
WSQ103430,,<unknown>,MOJ_MASTER
WSQ103431,,<unknown>,OMPERTH
WSQ103431,,<unknown>,MOJ_MASTER
WSQ103434,,<unknown>,MOJ_MASTER
WSQ103439,,<unknown>,MOJ_MASTER
WSQ103440,,<unknown>,MOJ_MASTER
WSQ103446,,<unknown>,MOJ_MASTER
WSQ103448,,<unknown>,MOJ_MASTER
WSQ103458,,<unknown>,MOJ_MASTER
WSQ103537,,<unknown>,MOJ_MASTER
WSQ103539,,<unknown>,MOJ_MASTER
WSQ103540,,<unknown>,MOJ_MASTER
WSQ103597,,<unknown>,MOJ_MASTER
WSQ103598,,<unknown>,MOJ_MASTER
WSQ103599,,<unknown>,MOJ_MASTER
WSQ103600,,<unknown>,MOJ_MASTER
WSQ103601,,<unknown>,MOJ_MASTER
WSQ103602,,<unknown>,OMPERTH
WSQ103602,,<unknown>,MOJ_MASTER
WSQ103603,,<unknown>,MOJ_MASTER
WSQ103604,,<unknown>,MOJ_MASTER
WSQ103605,,<unknown>,MOJ_MASTER
WSQ103606,,<unknown>,MOJ_MASTER
WSQ103607,,<unknown>,MOJ_MASTER
WSQ103608,,<unknown>,MOJ_MASTER
WSQ103609,,<unknown>,MOJ_MASTER
WSQ103610,,<unknown>,MOJ_MASTER
WSQ103611,,<unknown>,MOJ_MASTER
WSQ103612,,<unknown>,MOJ_MASTER
WSQ103613,,<unknown>,MOJ_MASTER
WSQ103614,,<unknown>,MOJ_MASTER
WSQ103615,,<unknown>,MOJ_MASTER
WSQ103616,,<unknown>,MOJ_MASTER
WSQ103619,,<unknown>,MOJ_MASTER
WSQ103637,,<unknown>,MOJ_MASTER
WSQ103653,,<unknown>,MOJ_MASTER
WSQ103659,,<unknown>,MOJ_MASTER
WSQ103660,,<unknown>,MOJ_MASTER
WSQ1036660,,<unknown>,MOJ_MASTER
WSQ103667,,<unknown>,MOJ_MASTER
WSQ103668,,<unknown>,MOJ_MASTER
WSQ103669,,<unknown>,MOJ_MASTER
WSQ103670,,<unknown>,OMNORTH
WSQ103670,,<unknown>,MOJ_MASTER
WSQ103675,,<unknown>,MOJ_MASTER
WSQ103683,,<unknown>,MOJ_MASTER
WSQ103699,,<unknown>,MOJ_MASTER
WSQ103700,,<unknown>,MOJ_MASTER
WSQ103833,,<unknown>,MOJ_MASTER
WSQ104035,,<unknown>,OMPERTH
WSQ104035,,<unknown>,MOJ_MASTER
WSQ104036,,<unknown>,MOJ_MASTER
WSQ104041,,<unknown>,MOJ_MASTER
WSQ104042,,<unknown>,MOJ_MASTER
WSQ104048,,<unknown>,MOJ_MASTER
WSQ104058,,<unknown>,MOJ_MASTER
WSQ104060,,<unknown>,MOJ_MASTER
WSQ105126,,<unknown>,MOJ_MASTER
WSQ105142,,<unknown>,MOJ_MASTER
WSQ105143,,<unknown>,OMPERTH
WSQ105155,,<unknown>,MOJ_MASTER
WSQ105159,,<unknown>,MOJ_MASTER
WSQ105161,,<unknown>,MOJ_MASTER
WSQ105162,,<unknown>,MOJ_MASTER
WSQ105348,,<unknown>,MOJ_MASTER
WSQ105407,,<unknown>,MOJ_MASTER
WSQ105412,,<unknown>,MOJ_MASTER
WSQ105413,,<unknown>,MOJ_MASTER
WSQ105420,,<unknown>,MOJ_MASTER
WSQ105421,,<unknown>,MOJ_MASTER
WSQ105424,,<unknown>,MOJ_MASTER
WSQ105425,,<unknown>,MOJ_MASTER
WSQ105428,,<unknown>,OMPERTH
WSQ105429,,<unknown>,MOJ_MASTER
WSQ1054376,,<unknown>,MOJ_MASTER
WSQ105438,,<unknown>,MOJ_MASTER
WSQ105439,,<unknown>,OMPERTH
WSQ105439,,<unknown>,MOJ_MASTER
WSQ105440,,<unknown>,MOJ_MASTER
WSQ105443,,<unknown>,MOJ_MASTER
WSQ105443,,<unknown>,CORP_SERVICES
WSQ105444,,<unknown>,MOJ_MASTER
WSQ105451,,<unknown>,MOJ_MASTER
WSQ105452,,<unknown>,MOJ_MASTER
WSQ105455,,<unknown>,OMPERTH
WSQ105455,,<unknown>,MOJ_MASTER
WSQ105456,,<unknown>,OMPERTH
WSQ105456,,<unknown>,MOJ_MASTER
WSQ105457,,<unknown>,MOJ_MASTER
WSQ105459,,<unknown>,MOJ_MASTER
WSQ105461,,<unknown>,MOJ_MASTER
WSQ105462,,<unknown>,MOJ_MASTER
WSQ110084,,<unknown>,MOJ_MASTER
WSQ1121,,<unknown>,MOJ_MASTER
WSQ12345,,<unknown>,MOJ_MASTER
WSQ123456,,<unknown>,MOJ_MASTER
WSQ1234567,,<unknown>,MOJ_MASTER
WSQ123466,,<unknown>,MOJ_MASTER
WSQ1O03412,,<unknown>,MOJ_MASTER
WSQ2,,<unknown>,MOJ_MASTER
WSQ342Q56,,<unknown>,MOJ_MASTER
WSQ40786,,<unknown>,CORP_SERVICES
WSQ454467,,<unknown>,OMPERTH
WSQ454467,,<unknown>,MOJ_MASTER
WSQ45545455,,<unknown>,MOJ_MASTER
WSQ4566,,<unknown>,MOJ_MASTER
WSQ45664,,<unknown>,MOJ_MASTER
WSQ4575,,<unknown>,MOJ_MASTER
WSQ4688,,<unknown>,MOJ_MASTER
WSQ4688,,<unknown>,LOCAL_COURT
WSQ48439,,<unknown>,OMPERTH
WSQ500007,,<unknown>,CORP_SERVICES
WSQ500023,,<unknown>,MOJ_MASTER
WSQ500046,,<unknown>,OMPERTH
WSQ500055,,<unknown>,MOJ_MASTER
WSQ500095,,<unknown>,MOJ_MASTER
WSQ500095-ISD,,<unknown>,MOJ_MASTER
WSQ500095-ISD,,<unknown>,CORP_SERVICES
WSQ500285,,<unknown>,MOJ_MASTER
WSQ500375,,<unknown>,MOJ_MASTER
WSQ500548,,<unknown>,MOJ_MASTER
WSQ54321,,<unknown>,MOJ_MASTER
WSQ654321,,<unknown>,MOJ_MASTER
WSQ72612,,<unknown>,OMPERTH
WSQ72612,,<unknown>,MOJ_MASTER
WSQ765765,,<unknown>,MOJ_MASTER
WSQ78870,,<unknown>,CORP_SERVICES
WSQ87R6,,<unknown>,MOJ_MASTER
WSQ932874,,<unknown>,MOJ_MASTER
WSQ95149,,<unknown>,MOJ_MASTER
WSQ95201,,<unknown>,MOJ_MASTER
WSQ95211,,<unknown>,MOJ_MASTER
WSQ95231,,<unknown>,MOJ_MASTER
WSQ95232,,<unknown>,MOJ_MASTER
WSQ95233,,<unknown>,MOJ_MASTER
WSQ95234,,<unknown>,MOJ_MASTER
WSQ95235,,<unknown>,MOJ_MASTER
WSQ95236,,<unknown>,MOJ_MASTER
WSQ95237,,<unknown>,MOJ_MASTER
WSQ95238,,<unknown>,MOJ_MASTER
WSQ95239,,<unknown>,MOJ_MASTER
WSQ95240,,<unknown>,MOJ_MASTER
WSQ95241,,<unknown>,MOJ_MASTER
WSQ95242,,<unknown>,MOJ_MASTER
WSQ95243,,<unknown>,MOJ_MASTER
WSQ95244,,<unknown>,MOJ_MASTER
WSQ95245,,<unknown>,MOJ_MASTER
WSQ95246,,<unknown>,MOJ_MASTER
WSQ95247,,<unknown>,MOJ_MASTER
WSQ95248,,<unknown>,MOJ_MASTER
WSQ95249,,<unknown>,MOJ_MASTER
WSQ95250,,<unknown>,MOJ_MASTER
WSQ95251,,<unknown>,MOJ_MASTER
WSQ95252,,<unknown>,MOJ_MASTER
WSQ95253,,<unknown>,MOJ_MASTER
WSQ95255,,<unknown>,MOJ_MASTER
WSQ95256,,<unknown>,MOJ_MASTER
WSQ95288,,<unknown>,MOJ_MASTER
WSQ95290,,<unknown>,MOJ_MASTER
WSQ95291,,<unknown>,MOJ_MASTER
WSQ95292,,<unknown>,MOJ_MASTER
WSQ95293,,<unknown>,MOJ_MASTER
WSQ95295,,<unknown>,MOJ_MASTER
WSQ95338,,<unknown>,MOJ_MASTER
WSQ95341,,<unknown>,MOJ_MASTER
WSQ95354,,<unknown>,MOJ_MASTER
WSQ95374,,<unknown>,OMPERTH
WSQ95377,,<unknown>,MOJ_MASTER
WSQ95378,,<unknown>,MOJ_MASTER
WSQ95379,,<unknown>,MOJ_MASTER
WSQ95387,,<unknown>,OMPERTH
WSQ95393,,<unknown>,OMPERTH
WSQ95394,,<unknown>,OMPERTH
WSQ95397,,<unknown>,OMPERTH
WSQ95400,,<unknown>,OMPERTH
WSQ95400,,<unknown>,MOJ_MASTER
WSQ95401,,<unknown>,MOJ_MASTER
WSQ95403,,<unknown>,MOJ_MASTER
WSQ95412,,<unknown>,MOJ_MASTER
WSQ95417,,<unknown>,OMPERTH
WSQ95419,,<unknown>,MOJ_MASTER
WSQ95420,,<unknown>,MOJ_MASTER
WSQ95424,,<unknown>,MOJ_MASTER
WSQ95458,,<unknown>,MOJ_MASTER
WSQ95504,,<unknown>,MOJ_MASTER
WSQ95505,,<unknown>,MOJ_MASTER
WSQ95520,,<unknown>,MOJ_MASTER
WSQ95522,,<unknown>,MOJ_MASTER
WSQ95523,,<unknown>,MOJ_MASTER
WSQ95524,,<unknown>,MOJ_MASTER
WSQ95541,,<unknown>,OMMETROSOUTH
WSQ95566,,<unknown>,JARDINE
WSQ95574,,<unknown>,MOJ_MASTER
WSQ95578,,<unknown>,MOJ_MASTER
WSQ95582,,<unknown>,OMPERTH
WSQ95584,,<unknown>,MOJ_MASTER
WSQ95586,,<unknown>,OMPERTH
WSQ95586,,<unknown>,MOJ_MASTER
WSQ95600,,<unknown>,OMPERTH
WSQ95600,,<unknown>,MOJ_MASTER
WSQ95621,,<unknown>,OMPERTH
WSQ95631,,<unknown>,MOJ_MASTER
WSQ95633,,<unknown>,MOJ_MASTER
WSQ95634,,<unknown>,MOJ_MASTER
WSQ95635,,<unknown>,MOJ_MASTER
WSQ95636,,<unknown>,CORP_SERVICES
WSQ95637,,<unknown>,OMPERTH
WSQ95639,,<unknown>,MOJ_MASTER
WSQ95640,,<unknown>,OMSOUTH
WSQ95640,,<unknown>,OMPERTH
WSQ95642,,<unknown>,OMPERTH
WSQ95642,,<unknown>,MOJ_MASTER
WSQ95643,,<unknown>,MOJ_MASTER
WSQ95644,,<unknown>,MOJ_MASTER
WSQ95645,,<unknown>,MOJ_MASTER
WSQ95647,,<unknown>,MOJ_MASTER
WSQ95648,,<unknown>,MOJ_MASTER
WSQ95649,,<unknown>,MOJ_MASTER
WSQ95669,,<unknown>,MOJ_MASTER
WSQ95689,,<unknown>,OMPERTH
WSQ95711,,<unknown>,OMPERTH
WSQ95711,,<unknown>,MOJ_MASTER
WSQ95712,,<unknown>,MOJ_MASTER
WSQ95727,,<unknown>,MOJ_MASTER
WSQ95729,,<unknown>,MOJ_MASTER
WSQ95737,,<unknown>,MOJ_MASTER
WSQ95746,,<unknown>,MOJ_MASTER
WSQ95756,,<unknown>,OMPERTH
WSQ95758,,<unknown>,MOJ_MASTER
WSQ95765,,<unknown>,OMPERTH
WSQ95765,,<unknown>,MOJ_MASTER
WSQ95766,,<unknown>,MOJ_MASTER
WSQ95767,,<unknown>,MOJ_MASTER
WSQ95773,,<unknown>,CORP_SERVICES
WSQ95780,,<unknown>,CORP_SERVICES
WSQ95781,,<unknown>,MOJ_MASTER
WSQ95782,,<unknown>,MOJ_MASTER
WSQ95796,,<unknown>,MOJ_MASTER
WSQ95803,,<unknown>,MOJ_MASTER
WSQ95804,,<unknown>,MOJ_MASTER
WSQ95805,,<unknown>,MOJ_MASTER
WSQ95809,,<unknown>,MOJ_MASTER
WSQ95811,,<unknown>,MOJ_MASTER
WSQ95812,,<unknown>,MOJ_MASTER
WSQ95820,,<unknown>,MOJ_MASTER
WSQ95821,,<unknown>,OMSOUTH
WSQ95821,,<unknown>,OMPERTH
WSQ95821,,<unknown>,OMMETROSOUTH
WSQ95821,,<unknown>,OMMETRONORTH
WSQ95821,,<unknown>,MOJ_MASTER
WSQ95822,,<unknown>,MOJ_MASTER
WSQ95825,,<unknown>,MOJ_MASTER
WSQ95841,,<unknown>,MOJ_MASTER
WSQ95843,,<unknown>,MOJ_MASTER
WSQ95851,,<unknown>,MOJ_MASTER
WSQ95853,,<unknown>,OMPERTH
WSQ95856,,<unknown>,MOJ_MASTER
WSQ95860,,<unknown>,MOJ_MASTER
WSQ95861,,<unknown>,MOJ_MASTER
WSQ95861,,<unknown>,CORP_SERVICES
WSQ95867,,<unknown>,OMPERTH
WSQ95867,,<unknown>,MOJ_MASTER
WSQ95868,,<unknown>,MOJ_MASTER
WSQ95869,,<unknown>,MOJ_MASTER
WSQ95875,,<unknown>,OMPERTH
WSQ95875,,<unknown>,MOJ_MASTER
WSQ95875,,<unknown>,CORP_SERVICES
WSQ95876,,<unknown>,MOJ_MASTER
WSQ95878,,<unknown>,OMPERTH
WSQ95885,,<unknown>,MOJ_MASTER
WSQ95887,,<unknown>,MOJ_MASTER
WSQ95888,,<unknown>,MOJ_MASTER
WSQ95889,,<unknown>,MOJ_MASTER
WSQ95890,,<unknown>,MOJ_MASTER
WSQ95954,,<unknown>,MOJ_MASTER
WSQ95959,,<unknown>,MOJ_MASTER
WSQ95975,,<unknown>,OMPERTH
WSQ95976,,<unknown>,CORP_SERVICES
WSQ95977,,<unknown>,MOJ_MASTER
WSQ96486,,<unknown>,CORP_SERVICES
WSQ96557,,<unknown>,MOJ_MASTER
WSQ96955,,<unknown>,MOJ_MASTER
WSQ96955,,<unknown>,CORP_SERVICES
WSQ96958,,<unknown>,MOJ_MASTER
WSQ96985,,<unknown>,MOJ_MASTER
WSQ97087-CSO,,<unknown>,CORP_SERVICES
WSQ97118,,<unknown>,CORP_SERVICES
WSQ97210,,<unknown>,MOJ_MASTER
WSQ97257,,<unknown>,MOJ_MASTER
WSQ97258,,<unknown>,LOCAL_COURT
WSQ97259,,<unknown>,MOJ_MASTER
WSQ97262,,<unknown>,MOJ_MASTER
WSQ97267,,<unknown>,MOJ_MASTER
WSQ97286,,<unknown>,MOJ_MASTER
WSQ97288,,<unknown>,MOJ_MASTER
WSQ97289,,<unknown>,MOJ_MASTER
WSQ97290,,<unknown>,MOJ_MASTER
WSQ97291,,<unknown>,MOJ_MASTER
WSQ97303,,<unknown>,MOJ_MASTER
WSQ97303-HRS,,<unknown>,CORP_SERVICES
WSQ97304,,<unknown>,OMPERTH
WSQ97304,,<unknown>,MOJ_MASTER
WSQ97305,,<unknown>,MOJ_MASTER
WSQ97308,,<unknown>,OMPERTH
WSQ97309,,<unknown>,OMPERTH
WSQ97310,,<unknown>,OMPERTH
WSQ97920,,<unknown>,MOJ_MASTER
WSQ98178,,<unknown>,OMPERTH
WSQ98181,,<unknown>,OMPERTH
WSQ98307,,<unknown>,OMPERTH
WSQ98331,,<unknown>,OMPERTH
WSQ983474,,<unknown>,MOJ_MASTER
WSQ98365,,<unknown>,OMPERTH
WSQ98367,,<unknown>,OMPERTH
WSQ98368,,<unknown>,OMPERTH
WSQ98369,,<unknown>,OMPERTH
WSQ98371,,<unknown>,OMPERTH
WSQ98376,,<unknown>,CORP_SERVICES
WSQ98377,,<unknown>,OMPERTH
WSQ98378,,<unknown>,OMPERTH
WSQ98378,,<unknown>,MOJ_MASTER
WSQ98379,,<unknown>,OMPERTH
WSQ98380,,<unknown>,OMPERTH
WSQ98381,,<unknown>,OMPERTH
WSQ98383,,<unknown>,OMPERTH
WSQ98384,,<unknown>,OMPERTH
WSQ98387,,<unknown>,OMPERTH
WSQ98389,,<unknown>,OMPERTH
WSQ98389,,<unknown>,MOJ_MASTER
WSQ98390,,<unknown>,OMPERTH
WSQ98392,,<unknown>,OMPERTH
WSQ98393,,<unknown>,CORP_SERVICES
WSQ98394,,<unknown>,OMPERTH
WSQ98395,,<unknown>,OMPERTH
WSQ98396,,<unknown>,OMPERTH
WSQ98397,,<unknown>,OMPERTH
WSQ98443,,<unknown>,OMPERTH
WSQ98443,,<unknown>,MOJ_MASTER
WSQ98549,,<unknown>,OMPERTH
WSQ98549,,<unknown>,MOJ_MASTER
WSQ98549,,<unknown>,CORP_SERVICES
WSQ98648,,<unknown>,MOJ_MASTER
WSQ98718,,<unknown>,OMPERTH
WSQ98757,,<unknown>,OMPERTH
WSQ98758,,<unknown>,OMPERTH
WSQ98758,,<unknown>,MOJ_MASTER
WSQ98758,,<unknown>,CORP_SERVICES
WSQ98783,,<unknown>,OMPERTH
WSQ98783,,<unknown>,MOJ_MASTER
WSQ98785,,<unknown>,OMMETRONORTH
WSQ98811,,<unknown>,MOJ_MASTER
WSQ99222,,<unknown>,CORP_SERVICES
WSQ99304,,<unknown>,CORP_SERVICES
WSQ99367,,<unknown>,CORP_SERVICES
WSQ99413,,<unknown>,MOJ_MASTER
WSQ99499,,<unknown>,OMPERTH
WSQ99499,,<unknown>,MOJ_MASTER
WSQ99540,,<unknown>,OMPERTH
WSQ99568,,<unknown>,MOJ_MASTER
WSQ99577,,<unknown>,CORP_SERVICES
WSQ99606,,<unknown>,MOJ_MASTER
WSQ99676,,<unknown>,MOJ_MASTER
WSQ99848,,<unknown>,MOJ_MASTER
WSQ99895,,<unknown>,LOCAL_COURT
WSQ99896,,<unknown>,OMPERTH
WSQ99974,,<unknown>,CORP_SERVICES
WSQ99976,,<unknown>,MOJ_MASTER
WSQ99977,,<unknown>,MOJ_MASTER
WSQ99980,,<unknown>,MOJ_MASTER
WSQ99983,,<unknown>,MOJ_MASTER
WSQ99985,,<unknown>,MOJ_MASTER
WSQ99990,,<unknown>,MOJ_MASTER
WSQ99991,,<unknown>,MOJ_MASTER
WSQ99992,,<unknown>,MOJ_MASTER
WSQ99993,,<unknown>,MOJ_MASTER
WSQ99994,,<unknown>,MOJ_MASTER
WSQ99995,,<unknown>,MOJ_MASTER
WSQ99999,,<unknown>,MOJ_MASTER
WSQ_HD_TEST,,<unknown>,MOJ_MASTER
WSQA018380,,<unknown>,MOJ_MASTER
WSQA018975,,<unknown>,MOJ_MASTER
WSQA019000,,<unknown>,MOJ_MASTER
WSQA019037,,<unknown>,MOJ_MASTER
WSQA019091,,<unknown>,MOJ_MASTER
WSQA019109,,<unknown>,OMPERTH
WSQA019118,,<unknown>,MOJ_MASTER
WSQA019136,,<unknown>,MOJ_MASTER
WSQA019154,,<unknown>,MOJ_MASTER
WSQA019208,,<unknown>,MOJ_MASTER
WSQA029522,,<unknown>,OMPERTH
WSQA029522,,<unknown>,MOJ_MASTER
WSQA029559,,<unknown>,MOJ_MASTER
WSQA029568,,<unknown>,MOJ_MASTER
WSQADI,,<unknown>,MOJ_MASTER
WSQD9820A,,<unknown>,MOJ_MASTER
WSQDEMO,,<unknown>,OMPERTH
WSQDEMO,,<unknown>,MOJ_MASTER
WSQDUMMY,,<unknown>,MOJ_MASTER
WSQMOJSMS,,<unknown>,MOJ_MASTER
WSQSC,,<unknown>,MOJ_MASTER
WSQSLIM,,<unknown>,MOJ_MASTER
WSQSOE10214,,<unknown>,MOJ_MASTER
WSQSP4600,,<unknown>,MOJ_MASTER
WSQVE6-WISE,,<unknown>,MOJ_MASTER
WSQWSQ10215,,<unknown>,MOJ_MASTER
WSQWSQ102157,,<unknown>,MOJ_MASTER
WSQWSQ10243,,<unknown>,MOJ_MASTER
WSQWSQ10243-2,,<unknown>,MOJ_MASTER
WSQWSQ10341,,<unknown>,MOJ_MASTER
WSQWSQWSQ103412,,<unknown>,MOJ_MASTER
WSQWSQWSQA02956,,<unknown>,MOJ_MASTER
WSQWSQWSQWSQWSQ,,<unknown>,MOJ_MASTER
WYNNEM,,<unknown>,CORP_SERVICES
XCECWZLM,,<unknown>,MOJ_MASTER
XEBEC_EVAL,,<unknown>,CORP_SERVICES
YAVU-SOTU,,<unknown>,OMPERTH
YAVU-SOTU,,<unknown>,CORP_SERVICES
YEOHP,,<unknown>,CORP_SERVICES
YEOHP-ISD,,<unknown>,CORP_SERVICES
YOOM_ISD,,<unknown>,CORP_SERVICES
YOUNGD-FOI,,<unknown>,CORP_SERVICES
YOUNGD-ISD,,<unknown>,CORP_SERVICES
YR2K-ISD,,<unknown>,CORP_SERVICES
YUG-OS,,<unknown>,CORP_SERVICES
ZIMMERG,,<unknown>,CORP_SERVICES
ZIMMERG-FIN,,<unknown>,CORP_SERVICES
ZORBA_AU,,<unknown>,CORP_SERVICES
ZUIN-SOTU,,<unknown>,OMPERTH
ZUIN-SOTU,,<unknown>,CORP_SERVICES
ZUPANOVP,,<unknown>,RGO
16_BRO1660_3,¦amba 1.9.16p11,Computer,MOJ_MASTER
18_BRO1660_1,3OJIMAGE1,Computer,MOJ_MASTER
BAND95218,RAND98268,Computer,OMPERTH
MH8BROTHER,\LCADMIN,Computer,LOCAL_COURT
DGCLC01,Samba 1.9.16p11,Samba/Linux Server,MOJ_MASTER
DGCLC02,Samba 1.9.16p11,Samba/Linux Server,MOJ_MASTER
DGCRTDEV,Samba 1.9.16p11,Samba/Linux Server,MOJ_MASTER
DGWSQ01,Samba 1.9.16p11,Samba/Linux Server,MOJ_MASTER
MOJDG1,Samba 1.9.16p11,Samba/Linux Server,MOJ_MASTER
MOJDG2,Samba 1.9.18p10,Samba/Linux Server,MOJ_MASTER
MOJSUN1,Samba 2.0.4b,Samba/Linux Server,MOJ_MASTER
SPLASH,Splash M,Samba/Linux Server,CORP_SERVICES
WSQISDIBM1,IBM Netfinity CDROM Westralia SQ (15th),Samba/Linux Server,CORP_SERVICES
97019-CLC,Ministry of Justice,WFW 3.11 Workstation,MOJ_MASTER
TREWENAD-ISD,,Windows 95/98/Me Workstation,CORP_SERVICES
WSQ96840,Crown Solicitors Office,Windows 95/98/Me Workstation,CORP_SERVICES
ALBA98266,Albany Regional Prison OMSOUTH BDC,Windows NT 4.0 BDC,OMSOUTH
ALBA98306,Albany Prison - MOJ_MASTER BDC,Windows NT 4.0 BDC,MOJ_MASTER
ALBC98211,Albany CBC OMSOUTH BDC,Windows NT 4.0 BDC,OMSOUTH
ALBC98329,Albany CBS - MOJ_MASTER BDC,Windows NT 4.0 BDC,MOJ_MASTER
ARMACRTIBM1,Armadale Court, Genisys LOCAL_COURT BDC,Windows NT 4.0 BDC,LOCAL_COURT
BAND98318,Bandyup Womens  Prison BDC,Windows NT 4.0 BDC,MOJ_MASTER
BANJ98227,Banksia Hill JUV DET OMMETROSOUTH BDC,Windows NT 4.0 BDC,OMMETROSOUTH
BANJ98336,Banksia Hill JUV DE MOJ_MASTER BDC,Windows NT 4.0 BDC,MOJ_MASTER
BENC100331,Bentley CBS - MOJ_MASTER BDC (Vic Park),Windows NT 4.0 BDC,MOJ_MASTER
BROC98203,Broome CBC OmNorth BDC,Windows NT 4.0 BDC,OMNORTH
BROC98301,Broome CBC\JJ MOJ_MASTER BDC,Windows NT 4.0 BDC,MOJ_MASTER
BROO98202,Broome Regional Prison OMNORTH BDC,Windows NT 4.0 BDC,OMNORTH
BROO98300,Broome Prison BDC,Windows NT 4.0 BDC,MOJ_MASTER
BUNB98309,Bunbury Regional Prison MOJ_MASTER BDC,Windows NT 4.0 BDC,MOJ_MASTER
BUNC98216,Bunbury CBS,Windows NT 4.0 BDC,OMSOUTH
BUNC98310,Bunbury CBC\JJ MOJ_MASTER BDC,Windows NT 4.0 BDC,MOJ_MASTER
CANN98265,Canning Vale Prison Ommetrosouth BDC,Windows NT 4.0 BDC,OMMETROSOUTH
CANN98328,Canning Vale Prison Moj_master BDC,Windows NT 4.0 BDC,MOJ_MASTER
CARC98346,Carnarvon CBS MOJ_MASTER BDC,Windows NT 4.0 BDC,MOJ_MASTER
CASU98264,Casuarina Prison OMMETROSOUTH BDC,Windows NT 4.0 BDC,OMMETROSOUTH
CASU98333,Casurina Prison BDC,Windows NT 4.0 BDC,MOJ_MASTER
CCOU98209,Court Services  OMPERTH BDC,Windows NT 4.0 BDC,OMPERTH
CCOU98316,Court Services BDC,Windows NT 4.0 BDC,MOJ_MASTER
CLCADMIN,,Windows NT 4.0 BDC,MOJ_MASTER
CWSSRV,,Windows NT 4.0 BDC,LOCAL_COURT
DGENSRV,,Windows NT 4.0 BDC,CORP_SERVICES
EAGO98223,Eastern Goldfields Regional Prison OMSOUTH BDC,Windows NT 4.0 BDC,OMSOUTH
EAGO98311,Eastern Goldfields Prison BDC,Windows NT 4.0 BDC,MOJ_MASTER
EAST98340,East Perth Lockup MOJ_MASTER BDC,Windows NT 4.0 BDC,MOJ_MASTER
ESPC98342,Esperance CBC MOJ_MASTER BDC,Windows NT 4.0 BDC,MOJ_MASTER
FINSRV,,Windows NT 4.0 BDC,CORP_SERVICES
FREC98322,Freo Justice Complex,Windows NT 4.0 BDC,MOJ_MASTER
GERC98303,Geraldton CBC\JJ BDC,Windows NT 4.0 BDC,MOJ_MASTER
GREE98302,Greenough Prison BDC,Windows NT 4.0 BDC,MOJ_MASTER
HALC98338,Halls Creek CBC MOJ_MASTER BDC,Windows NT 4.0 BDC,MOJ_MASTER
HELPDESK,,Windows NT 4.0 BDC,CORP_SERVICES
HRSRV,,Windows NT 4.0 BDC,CORP_SERVICES
INAL98330,Information Analysis & Intel Moj_master BDC,Windows NT 4.0 BDC,MOJ_MASTER
JARD101165,Jardine House MOJ_MASTER BDC,Windows NT 4.0 BDC,MOJ_MASTER
JOOC98201,Joondalup CBC OMMETRONORTH BDC,Windows NT 4.0 BDC,OMMETRONORTH
JOOC98320,Joondalup CBC\JJ BDC,Windows NT 4.0 BDC,MOJ_MASTER
JOONCRTIBM1,Joondalup Court, Genisys LOCAL_COURT BDC,Windows NT 4.0 BDC,LOCAL_COURT
JURYSRV,,Windows NT 4.0 BDC,LOCAL_COURT
KALC98221,Kalgoorlie CBC OMSOUTH BDC,Windows NT 4.0 BDC,OMSOUTH
KALC98312,Kalgoorlie CBC\JJ BDC,Windows NT 4.0 BDC,MOJ_MASTER
KARC98343,Karratha CBS - MOJ_MASTER BDC,Windows NT 4.0 BDC,MOJ_MASTER
KARN98218,Karnet Prison Farm OMMETROSOUTH BDC,Windows NT 4.0 BDC,OMMETROSOUTH
KARN98334-1,Karnet Prison MOJ_MASTER BDC,Windows NT 4.0 BDC,MOJ_MASTER
KILL98208,Killara Support Services & Vic Park JJT BDC,Windows NT 4.0 BDC,OMMETROSOUTH
KILL98326,Killara Support Servicse & Vic Park JJT BDC,Windows NT 4.0 BDC,MOJ_MASTER
KUNC98337,Kununura CBC MOJ_MASTER BDC,Windows NT 4.0 BDC,MOJ_MASTER
LAWC98204,Central Law Courts BDC,Windows NT 4.0 BDC,OMPERTH
MADC98210,Maddington CBC OMMETROSOUTH BDC,Windows NT 4.0 BDC,OMMETROSOUTH
MANC98219,Mandurah CBC OMMETROSOUTH BDC,Windows NT 4.0 BDC,OMMETROSOUTH
MANC98324,Mandurah CBC\JJ MOJ_MASTER BDC,Windows NT 4.0 BDC,MOJ_MASTER
MEEC98347,Meekatharra CBS - BDC,Windows NT 4.0 BDC,MOJ_MASTER
METROSOUTHPDC,,Windows NT 4.0 BDC,OMMETROSOUTH
MIDC98212,Midland CBC OMMETRONORTH BDC,Windows NT 4.0 BDC,OMMETRONORTH
MIDC98335,Midland CBC/JJ  MOJ_MASTER BDC,Windows NT 4.0 BDC,MOJ_MASTER
MIDLCRTIBM1,Midland Court, Genisys LOCAL_COURT BDC,Windows NT 4.0 BDC,LOCAL_COURT
MIRC98215,Mirrabooka CBC\JJ OMMETRONORTH BDC,Windows NT 4.0 BDC,OMMETRONORTH
MIRC98319,Mirrbooka CBC\JJ BDC,Windows NT 4.0 BDC,MOJ_MASTER
MOJADMIN2,,Windows NT 4.0 BDC,MOJ_MASTER
MOJAVSSRV001,,Windows NT 4.0 BDC,MOJ_MASTER
MOJCLCNOT01,,Windows NT 4.0 BDC,LOCAL_COURT
MOJFCSRV001,,Windows NT 4.0 BDC,MOJ_MASTER
MOJFRTSRV01,Fremantle JJT BDC,Windows NT 4.0 BDC,MOJ_MASTER
MOJGABSRV01,,Windows NT 4.0 BDC,MOJ_MASTER
MOJMITSRV01,Midland JJT BDC,Windows NT 4.0 BDC,MOJ_MASTER
MOJNYASRV01,Nyandi BDC and Resource Server,Windows NT 4.0 BDC,MOJ_MASTER
MOJOPASRV001,,Windows NT 4.0 BDC,MOJ_MASTER
MOJPETSRV01,Osbourne Park (Perth) JJT  BDC ,Windows NT 4.0 BDC,MOJ_MASTER
MOJTHTSRV01,Thornlie JJT BDC,Windows NT 4.0 BDC,MOJ_MASTER
MOJVPPSRV01,Vic Park Psychology & JJT BDC & Resource Server,Windows NT 4.0 BDC,MOJ_MASTER
MOJWARSRV01,Warminda BDC,Windows NT 4.0 BDC,MOJ_MASTER
MOJWATSRV01,Wangara JJT BDC,Windows NT 4.0 BDC,MOJ_MASTER
MSU98213,Central Medical Records MISC OmMetroSouth BDC,Windows NT 4.0 BDC,OMMETROSOUTH
MTLC98217,,Windows NT 4.0 BDC,OMPERTH
MTLC98315,Mt Lawley CBC\JJ BDC,Windows NT 4.0 BDC,MOJ_MASTER
NARC98339,Narrogin CBC Moj_master BDC,Windows NT 4.0 BDC,MOJ_MASTER
NORC98226,Northman CBC/JJ  BDC,Windows NT 4.0 BDC,OMSOUTH
PABO98220,Parole Board OMPERTH BDC,Windows NT 4.0 BDC,OMPERTH
PABO98314,Parole Board  MOJ_MASTER BDC,Windows NT 4.0 BDC,MOJ_MASTER
PARD98214,Pardelup Prison Farm OMSOUTH BDC,Windows NT 4.0 BDC,OMSOUTH
PARD98308,Pardelup Prison  Farm MOJ_MASTER BDC,Windows NT 4.0 BDC,MOJ_MASTER
PERC98251,Perth CBS MOJ_MASTER BDC,Windows NT 4.0 BDC,MOJ_MASTER
PORC500036,South Hedland Justice Centre BDC,Windows NT 4.0 BDC,OMNORTH
PORC98341,Port Hedland CBC MOJ_MASTER BDC,Windows NT 4.0 BDC,MOJ_MASTER
RANJ98224,Rangeview JUV DET OmMetroSouth PDC,Windows NT 4.0 BDC,OMMETROSOUTH
RANJ98327,Rangeview Moj_master BDC,Windows NT 4.0 BDC,MOJ_MASTER
RIVE98252,Riverbank Prison MOJ_MASTER BDC,Windows NT 4.0 BDC,MOJ_MASTER
ROCC98222,Rockingham CBC OMMetroSouth BDC,Windows NT 4.0 BDC,OMMETROSOUTH
ROCC98323,Rockingham CBC Moj_master BDC,Windows NT 4.0 BDC,MOJ_MASTER
ROEB98205,Roebourne Regional Prison OMNORTH BDC,Windows NT 4.0 BDC,OMNORTH
ROEB98304,Roebourne Regional Prison Moj_master BDC,Windows NT 4.0 BDC,MOJ_MASTER
ROEC98206,Roebourne CBC OMNORTH BDC,Windows NT 4.0 BDC,OMNORTH
ROEC98305,Roebourne CBC/JJ BDC,Windows NT 4.0 BDC,MOJ_MASTER
VMUC98225,Victim Mediation Unit OMPerth BDC,Windows NT 4.0 BDC,OMPERTH
WOOR98267,Wooroloo Prison Farm OMMETRONORTH BDC,Windows NT 4.0 BDC,OMMETRONORTH
WOOR98321,Wooroloo Prison BDC,Windows NT 4.0 BDC,MOJ_MASTER
BAND98268,Bandyup Womens Prison OMMETRONORTH PDC,Windows NT 4.0 PDC,OMMETRONORTH
BUNB98262,Bunbury Regional Prison OMSOUTH PDC,Windows NT 4.0 PDC,OMSOUTH
CLC95896,CLC95896 LOCAL_COURT PDC,Windows NT 4.0 PDC,LOCAL_COURT
FREC98207,OMMETROSOUTH PDC FREC98207,Windows NT 4.0 PDC,OMMETROSOUTH
GREE98261,OMNORTH PDC,Windows NT 4.0 PDC,OMNORTH
INTRANET,,Windows NT 4.0 PDC,JUSTICE
JARDOMDDIG1,Jardine House JARDINE PDC,Windows NT 4.0 PDC,JARDINE
KEELING,,Windows NT 4.0 PDC,JJD
MOJADMIN,,Windows NT 4.0 PDC,MOJ_MASTER
RGOSRV1,,Windows NT 4.0 PDC,RGO
SOLOMON,,Windows NT 4.0 PDC,CORP_SERVICES
VSSSRV,,Windows NT 4.0 PDC,VSS
WSQ98263,OMPERTH PDC WSQ98263,Windows NT 4.0 PDC,OMPERTH
BENC_RES,Bentley CBS resource server (Vic Park),Windows NT 4.0 Server,OMMETROSOUTH
CWSY2K,,Windows NT 4.0 Server,CORP_SERVICES
DOJPROXY,,Windows NT 4.0 Server,MOJ_MASTER
EXPEDITE,,Windows NT 4.0 Server,MOJ_MASTER
INAL_RES,Information Analysis - OMMETROSOUTH server,Windows NT 4.0 Server,OMMETROSOUTH
MOJ141EXC002,,Windows NT 4.0 Server,MOJ_MASTER
MOJ141EXC003,,Windows NT 4.0 Server,MOJ_MASTER
MOJ141PRN001,Westralia Square Print Server,Windows NT 4.0 Server,MOJ_MASTER
MOJ141SRV001,,Windows NT 4.0 Server,MOJ_MASTER
MOJ141SRV004,,Windows NT 4.0 Server,MOJ_MASTER
MOJ141SRV006,,Windows NT 4.0 Server,MOJ_MASTER
MOJ141SRV008,,Windows NT 4.0 Server,MOJ_MASTER
MOJAVSSRV002,,Windows NT 4.0 Server,MOJ_MASTER
MOJCLCPRN001,,Windows NT 4.0 Server,MOJ_MASTER
MOJFCSRV002,,Windows NT 4.0 Server,MOJ_MASTER
MOJMIDEXC001,,Windows NT 4.0 Server,MOJ_MASTER
MOJO,,Windows NT 4.0 Server,MOJ_MASTER
MOJWSQSEC01,,Windows NT 4.0 Server,MOJ_MASTER
PERC95846,Milligan Street OMPERTH Member Server,Windows NT 4.0 Server,OMPERTH
RECORDSRV,,Windows NT 4.0 Server,CORP_SERVICES
RIVE_RES,RIVERBANK PRISON RESOURCE SERVER,Windows NT 4.0 Server,OMMETRONORTH
SRV-EXCH3,,Windows NT 4.0 Server,MOJ_MASTER
WEBDRAWER,,Windows NT 4.0 Server,CORP_SERVICES
WSQ97251,,Windows NT 4.0 Server,OMPERTH
WSQSMS,,Windows NT 4.0 Server,MOJ_MASTER
WSQWTEST,,Windows NT 4.0 Server,MOJ_MASTER
100394-CLC,,Windows NT 4.0 Workstation,LOCAL_COURT
101096-CCT,,Windows NT 4.0 Workstation,LOCAL_COURT
101098-KAT,,Windows NT 4.0 Workstation,LOCAL_COURT
101169-CCT,,Windows NT 4.0 Workstation,LOCAL_COURT
101171,,Windows NT 4.0 Workstation,LOCAL_COURT
101173-CCT,,Windows NT 4.0 Workstation,LOCAL_COURT
101176-CCT,,Windows NT 4.0 Workstation,LOCAL_COURT
101179-CCT,,Windows NT 4.0 Workstation,LOCAL_COURT
101304-FREO,,Windows NT 4.0 Workstation,CORP_SERVICES
101309-CLC,,Windows NT 4.0 Workstation,CORP_SERVICES
101310-JOON,,Windows NT 4.0 Workstation,CORP_SERVICES
101311-NORC,,Windows NT 4.0 Workstation,CORP_SERVICES
101313-FREO,,Windows NT 4.0 Workstation,CORP_SERVICES
101319-CLC,,Windows NT 4.0 Workstation,CORP_SERVICES
101321-BUN,,Windows NT 4.0 Workstation,CORP_SERVICES
101323-CLC,,Windows NT 4.0 Workstation,CORP_SERVICES
101325-CLC,,Windows NT 4.0 Workstation,CORP_SERVICES
101326-CLC,,Windows NT 4.0 Workstation,CORP_SERVICES
101328-MAG,,Windows NT 4.0 Workstation,LOCAL_COURT
101330-CLC,,Windows NT 4.0 Workstation,CORP_SERVICES
101331-ARM,,Windows NT 4.0 Workstation,MOJ_MASTER
101333-CLC,,Windows NT 4.0 Workstation,CORP_SERVICES
101337-JOON,,Windows NT 4.0 Workstation,CORP_SERVICES
101349-PHD,,Windows NT 4.0 Workstation,LOCAL_COURT
101373-CLC,,Windows NT 4.0 Workstation,CORP_SERVICES
101379-ISD,,Windows NT 4.0 Workstation,CORP_SERVICES
101407-CST,,Windows NT 4.0 Workstation,LOCAL_COURT
101408-CST,,Windows NT 4.0 Workstation,LOCAL_COURT
101428-CWS,,Windows NT 4.0 Workstation,LOCAL_COURT
101491-FIN,,Windows NT 4.0 Workstation,CORP_SERVICES
101498-DBY,,Windows NT 4.0 Workstation,LOCAL_COURT
101499-DBY,,Windows NT 4.0 Workstation,LOCAL_COURT
101500-PIN,,Windows NT 4.0 Workstation,LOCAL_COURT
101501-PIN,,Windows NT 4.0 Workstation,LOCAL_COURT
101520-KUN,,Windows NT 4.0 Workstation,LOCAL_COURT
101521-KUN,,Windows NT 4.0 Workstation,LOCAL_COURT
101526-CLC,,Windows NT 4.0 Workstation,LOCAL_COURT
101534-ISD,,Windows NT 4.0 Workstation,CORP_SERVICES
101546-FCT,,Windows NT 4.0 Workstation,MOJ_MASTER
101595-FER,,Windows NT 4.0 Workstation,LOCAL_COURT
101596-FER,,Windows NT 4.0 Workstation,LOCAL_COURT
101691-KAL,,Windows NT 4.0 Workstation,LOCAL_COURT
101693-BAND,,Windows NT 4.0 Workstation,OMMETRONORTH
101694-PPP,,Windows NT 4.0 Workstation,MOJ_MASTER
101717-MHC,,Windows NT 4.0 Workstation,LOCAL_COURT
101840-PAF,,Windows NT 4.0 Workstation,CORP_SERVICES
101842-PAL,,Windows NT 4.0 Workstation,CORP_SERVICES
102199-CCOU,,Windows NT 4.0 Workstation,LOCAL_COURT
102392-MHC,,Windows NT 4.0 Workstation,LOCAL_COURT
103095-MOJ,,Windows NT 4.0 Workstation,MOJ_MASTER
12436-ARM,,Windows NT 4.0 Workstation,LOCAL_COURT
18138-ARM,,Windows NT 4.0 Workstation,LOCAL_COURT
43933-SHR,,Windows NT 4.0 Workstation,LOCAL_COURT
71174-MID,,Windows NT 4.0 Workstation,LOCAL_COURT
71203-MID,,Windows NT 4.0 Workstation,LOCAL_COURT
71222-MID,,Windows NT 4.0 Workstation,LOCAL_COURT
71226-ARM,,Windows NT 4.0 Workstation,LOCAL_COURT
71733-ARM,,Windows NT 4.0 Workstation,LOCAL_COURT
75748-ARM,,Windows NT 4.0 Workstation,LOCAL_COURT
95007,,Windows NT 4.0 Workstation,LOCAL_COURT
95065-SHF,,Windows NT 4.0 Workstation,LOCAL_COURT
95066-SHF,,Windows NT 4.0 Workstation,LOCAL_COURT
95084-TSC,,Windows NT 4.0 Workstation,LOCAL_COURT
95200-VSS,,Windows NT 4.0 Workstation,VSS
95270-MHC,,Windows NT 4.0 Workstation,LOCAL_COURT
95272PC,,Windows NT 4.0 Workstation,LOCAL_COURT
95274-CLC,,Windows NT 4.0 Workstation,LOCAL_COURT
95275-MHC,,Windows NT 4.0 Workstation,LOCAL_COURT
95276-MHC,,Windows NT 4.0 Workstation,LOCAL_COURT
95405-GAB,,Windows NT 4.0 Workstation,MOJ_MASTER
95542-CCT,,Windows NT 4.0 Workstation,LOCAL_COURT
95629-CLC,,Windows NT 4.0 Workstation,LOCAL_COURT
95710-TSC,,Windows NT 4.0 Workstation,LOCAL_COURT
95736-CST,,Windows NT 4.0 Workstation,LOCAL_COURT
95741-CST,,Windows NT 4.0 Workstation,LOCAL_COURT
95747,,Windows NT 4.0 Workstation,LOCAL_COURT
95853-TSC,,Windows NT 4.0 Workstation,LOCAL_COURT
95895-MHC,,Windows NT 4.0 Workstation,LOCAL_COURT
95916L3-MHC,,Windows NT 4.0 Workstation,LOCAL_COURT
95917L3-MHC,,Windows NT 4.0 Workstation,LOCAL_COURT
95919L3-MHC,,Windows NT 4.0 Workstation,LOCAL_COURT
95921L3-MHC,,Windows NT 4.0 Workstation,LOCAL_COURT
95922L3-MHC,,Windows NT 4.0 Workstation,LOCAL_COURT
95923L3-MHC,,Windows NT 4.0 Workstation,LOCAL_COURT
95924L3-MHC,,Windows NT 4.0 Workstation,LOCAL_COURT
95926L3-MHC,,Windows NT 4.0 Workstation,LOCAL_COURT
95927L3-MHC,,Windows NT 4.0 Workstation,LOCAL_COURT
95928-TSC,,Windows NT 4.0 Workstation,LOCAL_COURT
95929L3-MHC,,Windows NT 4.0 Workstation,LOCAL_COURT
95930-CST,,Windows NT 4.0 Workstation,LOCAL_COURT
95931L3-MHC,,Windows NT 4.0 Workstation,LOCAL_COURT
95932L3-MHC,,Windows NT 4.0 Workstation,LOCAL_COURT
95969-MHC,,Windows NT 4.0 Workstation,LOCAL_COURT
95971-MHC,,Windows NT 4.0 Workstation,LOCAL_COURT
95974-MHC,,Windows NT 4.0 Workstation,LOCAL_COURT
96738,,Windows NT 4.0 Workstation,LOCAL_COURT
96746-MID,,Windows NT 4.0 Workstation,LOCAL_COURT
96747-MID,,Windows NT 4.0 Workstation,LOCAL_COURT
96748-MID,,Windows NT 4.0 Workstation,LOCAL_COURT
96749-MID,,Windows NT 4.0 Workstation,LOCAL_COURT
96750-MID,,Windows NT 4.0 Workstation,LOCAL_COURT
96751-MID,,Windows NT 4.0 Workstation,LOCAL_COURT
96753-MID,,Windows NT 4.0 Workstation,LOCAL_COURT
96892-MHC,,Windows NT 4.0 Workstation,LOCAL_COURT
96894-MHC,,Windows NT 4.0 Workstation,LOCAL_COURT
96896-MHC,,Windows NT 4.0 Workstation,LOCAL_COURT
96897-MHC,,Windows NT 4.0 Workstation,LOCAL_COURT
96898-MHC,,Windows NT 4.0 Workstation,LOCAL_COURT
96902-CLC,,Windows NT 4.0 Workstation,CORP_SERVICES
96904-MHC,,Windows NT 4.0 Workstation,LOCAL_COURT
96923-TSC,,Windows NT 4.0 Workstation,LOCAL_COURT
96926-TSC,,Windows NT 4.0 Workstation,LOCAL_COURT
96959,,Windows NT 4.0 Workstation,LOCAL_COURT
96960,,Windows NT 4.0 Workstation,LOCAL_COURT
96983-MHC,,Windows NT 4.0 Workstation,LOCAL_COURT
96987-CSC,,Windows NT 4.0 Workstation,MOJ_MASTER
97003-MHC,,Windows NT 4.0 Workstation,LOCAL_COURT
97004-MHC,,Windows NT 4.0 Workstation,LOCAL_COURT
97006,,Windows NT 4.0 Workstation,CORP_SERVICES
97011-CLC,,Windows NT 4.0 Workstation,LOCAL_COURT
97012-MHC,,Windows NT 4.0 Workstation,LOCAL_COURT
97013-MHC,,Windows NT 4.0 Workstation,LOCAL_COURT
97025-CLC,,Windows NT 4.0 Workstation,LOCAL_COURT
97123-SHF,,Windows NT 4.0 Workstation,LOCAL_COURT
97124-SHF,,Windows NT 4.0 Workstation,LOCAL_COURT
97125-BRM,,Windows NT 4.0 Workstation,LOCAL_COURT
97126,,Windows NT 4.0 Workstation,LOCAL_COURT
97272-CLC,,Windows NT 4.0 Workstation,LOCAL_COURT
98145-TCI,,Windows NT 4.0 Workstation,LOCAL_COURT
98146-TCI,,Windows NT 4.0 Workstation,LOCAL_COURT
98149-BRM,,Windows NT 4.0 Workstation,LOCAL_COURT
99171-CCT,,Windows NT 4.0 Workstation,LOCAL_COURT
99172-CCT,,Windows NT 4.0 Workstation,LOCAL_COURT
99224-ARM,,Windows NT 4.0 Workstation,LOCAL_COURT
99227-ARM,,Windows NT 4.0 Workstation,LOCAL_COURT
99231-MHC,,Windows NT 4.0 Workstation,LOCAL_COURT
99232-ARM,,Windows NT 4.0 Workstation,LOCAL_COURT
99249-ARM,,Windows NT 4.0 Workstation,LOCAL_COURT
99289-MHC,,Windows NT 4.0 Workstation,LOCAL_COURT
99295-TEO,,Windows NT 4.0 Workstation,LOCAL_COURT
99391-CSC,,Windows NT 4.0 Workstation,CORP_SERVICES
99414-HED,,Windows NT 4.0 Workstation,LOCAL_COURT
99551,,Windows NT 4.0 Workstation,LOCAL_COURT
99553,,Windows NT 4.0 Workstation,MOJ_MASTER
99555-MHC,,Windows NT 4.0 Workstation,LOCAL_COURT
99557,,Windows NT 4.0 Workstation,LOCAL_COURT
99677-HED,,Windows NT 4.0 Workstation,LOCAL_COURT
99763-TCI,,Windows NT 4.0 Workstation,LOCAL_COURT
99764-TCI,,Windows NT 4.0 Workstation,LOCAL_COURT
99765-TCI,,Windows NT 4.0 Workstation,LOCAL_COURT
99769-CLC,,Windows NT 4.0 Workstation,LOCAL_COURT
99897-TCI,,Windows NT 4.0 Workstation,LOCAL_COURT
99934-ALB,,Windows NT 4.0 Workstation,LOCAL_COURT
99986-CCT,,Windows NT 4.0 Workstation,LOCAL_COURT
999941-SHF,,Windows NT 4.0 Workstation,LOCAL_COURT
A018326-CSC,,Windows NT 4.0 Workstation,MOJ_MASTER
A018984,,Windows NT 4.0 Workstation,MOJ_MASTER
A018993,GECOE '98 NT - MSPILSBU,Windows NT 4.0 Workstation,CORP_SERVICES
A019082,GECOE '98 NT - KROEGERF,Windows NT 4.0 Workstation,CORP_SERVICES
A019145-GEC,..,Windows NT 4.0 Workstation,CORP_SERVICES
A019163,GECOE '98 NT - !EDEVRIES,Windows NT 4.0 Workstation,CORP_SERVICES
ALBA103107,,Windows NT 4.0 Workstation,OMSOUTH
ALBA103398,,Windows NT 4.0 Workstation,MOJ_MASTER
ALBA103518,,Windows NT 4.0 Workstation,OMSOUTH
ALBA103519,,Windows NT 4.0 Workstation,OMSOUTH
ALBA98807,,Windows NT 4.0 Workstation,OMSOUTH
ALBA98808,,Windows NT 4.0 Workstation,OMSOUTH
ALBA98809,,Windows NT 4.0 Workstation,OMSOUTH
ALBA98810,,Windows NT 4.0 Workstation,OMSOUTH
ALBA98812,,Windows NT 4.0 Workstation,OMSOUTH
ALBA98813,,Windows NT 4.0 Workstation,OMSOUTH
ALBA98814,,Windows NT 4.0 Workstation,OMSOUTH
ALBA98816,,Windows NT 4.0 Workstation,OMSOUTH
ALBA98817,,Windows NT 4.0 Workstation,OMSOUTH
ALBA98818,,Windows NT 4.0 Workstation,OMSOUTH
ALBA98819,,Windows NT 4.0 Workstation,OMSOUTH
ALBA98822,,Windows NT 4.0 Workstation,OMSOUTH
ALBA98823,,Windows NT 4.0 Workstation,OMSOUTH
ALBA98825,,Windows NT 4.0 Workstation,OMSOUTH
ALBA98826,,Windows NT 4.0 Workstation,OMSOUTH
ALBA98827,,Windows NT 4.0 Workstation,OMSOUTH
ALBA98828,,Windows NT 4.0 Workstation,OMSOUTH
ALBA98829,,Windows NT 4.0 Workstation,OMSOUTH
ALBA98830,,Windows NT 4.0 Workstation,OMSOUTH
ALBA98831,,Windows NT 4.0 Workstation,OMSOUTH
ALBA98832,,Windows NT 4.0 Workstation,OMSOUTH
ALBA98833,,Windows NT 4.0 Workstation,OMSOUTH
ALBA98834,,Windows NT 4.0 Workstation,OMSOUTH
ALBA98835,,Windows NT 4.0 Workstation,OMSOUTH
ALBA98836,,Windows NT 4.0 Workstation,OMSOUTH
ALBA98837,,Windows NT 4.0 Workstation,OMSOUTH
ALBA98838,,Windows NT 4.0 Workstation,OMSOUTH
ALBA98839,,Windows NT 4.0 Workstation,OMSOUTH
ALBA98840,,Windows NT 4.0 Workstation,OMSOUTH
ALBA98841,,Windows NT 4.0 Workstation,OMSOUTH
ALBA98842,,Windows NT 4.0 Workstation,OMSOUTH
ALBA98843,,Windows NT 4.0 Workstation,OMSOUTH
ALBC102580,,Windows NT 4.0 Workstation,LOCAL_COURT
ALBC103213,,Windows NT 4.0 Workstation,OMSOUTH
ALBC103264,,Windows NT 4.0 Workstation,MOJ_MASTER
ALBC103618,,Windows NT 4.0 Workstation,OMSOUTH
ALBC98790,,Windows NT 4.0 Workstation,OMSOUTH
ALBC98791,,Windows NT 4.0 Workstation,OMSOUTH
ALBC98792,,Windows NT 4.0 Workstation,OMSOUTH
ALBC98793,,Windows NT 4.0 Workstation,OMSOUTH
ALBC98794,,Windows NT 4.0 Workstation,OMSOUTH
ALBC98798,,Windows NT 4.0 Workstation,OMSOUTH
ALBC98799,,Windows NT 4.0 Workstation,OMSOUTH
ALBC98800,,Windows NT 4.0 Workstation,OMSOUTH
ALBC98801,,Windows NT 4.0 Workstation,OMSOUTH
ALBC98802,,Windows NT 4.0 Workstation,OMSOUTH
ALBC98821,,Windows NT 4.0 Workstation,OMSOUTH
AMP95639,,Windows NT 4.0 Workstation,MOJ_MASTER
ARMA500745,,Windows NT 4.0 Workstation,LOCAL_COURT
BAKERL-PIP,,Windows NT 4.0 Workstation,CORP_SERVICES
BAND101448,,Windows NT 4.0 Workstation,OMMETRONORTH
BAND101525,,Windows NT 4.0 Workstation,OMMETRONORTH
BAND101619,,Windows NT 4.0 Workstation,OMMETRONORTH
BAND101620,,Windows NT 4.0 Workstation,OMMETRONORTH
BAND101621,,Windows NT 4.0 Workstation,OMMETRONORTH
BAND102569,,Windows NT 4.0 Workstation,OMMETRONORTH
BAND102570,,Windows NT 4.0 Workstation,OMMETRONORTH
BAND102572,,Windows NT 4.0 Workstation,OMMETRONORTH
BAND103533,,Windows NT 4.0 Workstation,OMMETRONORTH
BAND103535,,Windows NT 4.0 Workstation,OMMETRONORTH
BAND103832,,Windows NT 4.0 Workstation,MOJ_MASTER
BAND98853,,Windows NT 4.0 Workstation,OMMETRONORTH
BAND98854,,Windows NT 4.0 Workstation,OMMETRONORTH
BAND98855,,Windows NT 4.0 Workstation,OMMETRONORTH
BAND98856,,Windows NT 4.0 Workstation,OMMETRONORTH
BAND98857,,Windows NT 4.0 Workstation,MOJ_MASTER
BAND98858,,Windows NT 4.0 Workstation,OMMETRONORTH
BAND98859,,Windows NT 4.0 Workstation,OMMETRONORTH
BAND98860,,Windows NT 4.0 Workstation,OMMETRONORTH
BAND98861,,Windows NT 4.0 Workstation,OMMETRONORTH
BAND98862,,Windows NT 4.0 Workstation,OMMETRONORTH
BAND98863,,Windows NT 4.0 Workstation,OMMETRONORTH
BAND98864,,Windows NT 4.0 Workstation,OMMETRONORTH
BAND98865,,Windows NT 4.0 Workstation,OMMETRONORTH
BAND98866,,Windows NT 4.0 Workstation,OMMETRONORTH
BAND98867,,Windows NT 4.0 Workstation,OMMETRONORTH
BAND98869,,Windows NT 4.0 Workstation,OMMETRONORTH
BAND98870,,Windows NT 4.0 Workstation,OMMETRONORTH
BAND98871,,Windows NT 4.0 Workstation,OMMETRONORTH
BAND98883,,Windows NT 4.0 Workstation,OMMETRONORTH
BAND98885,,Windows NT 4.0 Workstation,OMMETRONORTH
BAND98886,,Windows NT 4.0 Workstation,OMMETRONORTH
BAND98887,,Windows NT 4.0 Workstation,OMMETRONORTH
BAND98888,,Windows NT 4.0 Workstation,OMMETRONORTH
BAND98889,,Windows NT 4.0 Workstation,OMMETRONORTH
BAND98890,,Windows NT 4.0 Workstation,OMPERTH
BAND98891,,Windows NT 4.0 Workstation,OMMETRONORTH
BAND98892,,Windows NT 4.0 Workstation,OMMETRONORTH
BANJ103110,,Windows NT 4.0 Workstation,OMMETROSOUTH
BANJ103281,,Windows NT 4.0 Workstation,MOJ_MASTER
BANJ103407,,Windows NT 4.0 Workstation,OMMETROSOUTH
BANJ103408,,Windows NT 4.0 Workstation,OMMETROSOUTH
BANJ98928,,Windows NT 4.0 Workstation,OMMETROSOUTH
BANJ98940,,Windows NT 4.0 Workstation,OMMETROSOUTH
BANJ98941,,Windows NT 4.0 Workstation,OMMETROSOUTH
BANJ98942,,Windows NT 4.0 Workstation,OMMETROSOUTH
BANJ98943,,Windows NT 4.0 Workstation,OMMETROSOUTH
BANJ98944,,Windows NT 4.0 Workstation,OMMETROSOUTH
BANJ98945,,Windows NT 4.0 Workstation,OMMETROSOUTH
BANJ98946,,Windows NT 4.0 Workstation,OMMETROSOUTH
BANJ98947,,Windows NT 4.0 Workstation,OMMETROSOUTH
BANJ98948,,Windows NT 4.0 Workstation,OMMETROSOUTH
BANJ98949,,Windows NT 4.0 Workstation,OMMETROSOUTH
BANJ98950,,Windows NT 4.0 Workstation,OMMETROSOUTH
BANJ98951,,Windows NT 4.0 Workstation,OMMETROSOUTH
BANJ98952,,Windows NT 4.0 Workstation,OMMETROSOUTH
BANJ98953,,Windows NT 4.0 Workstation,OMMETROSOUTH
BANJ98954,,Windows NT 4.0 Workstation,OMMETROSOUTH
BANJ98955,,Windows NT 4.0 Workstation,OMMETROSOUTH
BANJ98956,,Windows NT 4.0 Workstation,OMMETROSOUTH
BANJ98957,,Windows NT 4.0 Workstation,OMMETROSOUTH
BANJ98958,,Windows NT 4.0 Workstation,OMMETROSOUTH
BANJ98959,,Windows NT 4.0 Workstation,OMMETROSOUTH
BANJ98960,,Windows NT 4.0 Workstation,OMMETROSOUTH
BANJ98963,,Windows NT 4.0 Workstation,OMMETROSOUTH
BANJ98964,,Windows NT 4.0 Workstation,OMMETROSOUTH
BANJ98966,,Windows NT 4.0 Workstation,OMMETROSOUTH
BANJ98967,,Windows NT 4.0 Workstation,OMMETROSOUTH
BANJ98969,,Windows NT 4.0 Workstation,OMMETROSOUTH
BANJ98970,,Windows NT 4.0 Workstation,OMMETROSOUTH
BANJ98971,,Windows NT 4.0 Workstation,OMMETROSOUTH
BANJ98972,,Windows NT 4.0 Workstation,OMMETROSOUTH
BANJ98973,,Windows NT 4.0 Workstation,OMMETROSOUTH
BANJ98975,,Windows NT 4.0 Workstation,OMMETROSOUTH
BANJ98976,,Windows NT 4.0 Workstation,OMMETROSOUTH
BANJ98977,,Windows NT 4.0 Workstation,OMMETROSOUTH
BANJ98978,,Windows NT 4.0 Workstation,OMMETROSOUTH
BENC103154,,Windows NT 4.0 Workstation,MOJ_MASTER
BENC103214,,Windows NT 4.0 Workstation,OMMETROSOUTH
BENC103215,,Windows NT 4.0 Workstation,MOJ_MASTER
BENC103219,,Windows NT 4.0 Workstation,MOJ_MASTER
BENC98591,,Windows NT 4.0 Workstation,MOJ_MASTER
BENC98592,,Windows NT 4.0 Workstation,MOJ_MASTER
BENC98594,,Windows NT 4.0 Workstation,MOJ_MASTER
BENC98595,,Windows NT 4.0 Workstation,MOJ_MASTER
BENC98596,,Windows NT 4.0 Workstation,MOJ_MASTER
BENC98597,,Windows NT 4.0 Workstation,MOJ_MASTER
BENC98598,,Windows NT 4.0 Workstation,OMMETROSOUTH
BENC98599,,Windows NT 4.0 Workstation,OMMETROSOUTH
BENC98600,,Windows NT 4.0 Workstation,MOJ_MASTER
BENC98601,,Windows NT 4.0 Workstation,OMMETROSOUTH
BENC98602,,Windows NT 4.0 Workstation,OMMETROSOUTH
BENC98603,,Windows NT 4.0 Workstation,OMMETROSOUTH
BENC98605,,Windows NT 4.0 Workstation,OMMETROSOUTH
BENC98606,,Windows NT 4.0 Workstation,OMMETROSOUTH
BENC98607,,Windows NT 4.0 Workstation,OMMETROSOUTH
BENC98608,,Windows NT 4.0 Workstation,OMMETROSOUTH
BENC98609,,Windows NT 4.0 Workstation,OMMETROSOUTH
BENC98610,,Windows NT 4.0 Workstation,OMMETROSOUTH
BENHAMK_VSS,,Windows NT 4.0 Workstation,MOJ_MASTER
BOAGR-CAP,,Windows NT 4.0 Workstation,OMMETROSOUTH
BRM102609,,Windows NT 4.0 Workstation,LOCAL_COURT
BROC100233,,Windows NT 4.0 Workstation,OMNORTH
BROC103210,,Windows NT 4.0 Workstation,OMNORTH
BROC103224,,Windows NT 4.0 Workstation,OMNORTH
BROC103654,,Windows NT 4.0 Workstation,OMNORTH
BROC103656,,Windows NT 4.0 Workstation,OMNORTH
BROC98418,,Windows NT 4.0 Workstation,OMNORTH
BROC98419,,Windows NT 4.0 Workstation,OMNORTH
BROC98420,,Windows NT 4.0 Workstation,OMNORTH
BROC98421,,Windows NT 4.0 Workstation,OMNORTH
BROC98422,,Windows NT 4.0 Workstation,OMNORTH
BROO103035,,Windows NT 4.0 Workstation,OMNORTH
BROO103523,,Windows NT 4.0 Workstation,OMNORTH
BROO103526,,Windows NT 4.0 Workstation,OMNORTH
BROO98398,,Windows NT 4.0 Workstation,OMNORTH
BROO98399,,Windows NT 4.0 Workstation,OMNORTH
BROO98400,,Windows NT 4.0 Workstation,OMNORTH
BROO98401,,Windows NT 4.0 Workstation,OMNORTH
BROO98402,,Windows NT 4.0 Workstation,OMNORTH
BROO98403,,Windows NT 4.0 Workstation,OMNORTH
BROO98405,,Windows NT 4.0 Workstation,OMNORTH
BROO98406,,Windows NT 4.0 Workstation,OMNORTH
BROO98407,,Windows NT 4.0 Workstation,OMNORTH
BROO98408,,Windows NT 4.0 Workstation,OMNORTH
BROO98409,,Windows NT 4.0 Workstation,OMNORTH
BROO98410,,Windows NT 4.0 Workstation,OMNORTH
BUNB100060,,Windows NT 4.0 Workstation,OMSOUTH
BUNB100062,,Windows NT 4.0 Workstation,OMSOUTH
BUNB100063,,Windows NT 4.0 Workstation,OMSOUTH
BUNB100065,,Windows NT 4.0 Workstation,OMSOUTH
BUNB100066,,Windows NT 4.0 Workstation,OMSOUTH
BUNB100067,,Windows NT 4.0 Workstation,OMSOUTH
BUNB100068,,Windows NT 4.0 Workstation,OMSOUTH
BUNB100069,,Windows NT 4.0 Workstation,OMSOUTH
BUNB100070,,Windows NT 4.0 Workstation,OMSOUTH
BUNB100072,,Windows NT 4.0 Workstation,OMSOUTH
BUNB100073,,Windows NT 4.0 Workstation,OMSOUTH
BUNB100074,,Windows NT 4.0 Workstation,OMSOUTH
BUNB100075,,Windows NT 4.0 Workstation,OMSOUTH
BUNB100076,,Windows NT 4.0 Workstation,OMSOUTH
BUNB100077,,Windows NT 4.0 Workstation,OMSOUTH
BUNB100078,,Windows NT 4.0 Workstation,OMSOUTH
BUNB100080,,Windows NT 4.0 Workstation,OMSOUTH
BUNB100081,,Windows NT 4.0 Workstation,OMSOUTH
BUNB100082,,Windows NT 4.0 Workstation,OMSOUTH
BUNB100083,,Windows NT 4.0 Workstation,OMSOUTH
BUNB100084,,Windows NT 4.0 Workstation,OMSOUTH
BUNB100085,,Windows NT 4.0 Workstation,OMSOUTH
BUNB100086,,Windows NT 4.0 Workstation,OMSOUTH
BUNB100087,,Windows NT 4.0 Workstation,OMSOUTH
BUNB101554,,Windows NT 4.0 Workstation,OMSOUTH
BUNB103145,,Windows NT 4.0 Workstation,OMSOUTH
BUNB103243,,Windows NT 4.0 Workstation,OMSOUTH
BUNB103514,,Windows NT 4.0 Workstation,OMSOUTH
BUNB103521,,Windows NT 4.0 Workstation,OMSOUTH
BUNB501072,,Windows NT 4.0 Workstation,OMSOUTH
BUNB501083,,Windows NT 4.0 Workstation,OMSOUTH
BUNB95455,,Windows NT 4.0 Workstation,OMSOUTH
BUNB97301,,Windows NT 4.0 Workstation,OMSOUTH
BUNC100001,,Windows NT 4.0 Workstation,OMSOUTH
BUNC100003,,Windows NT 4.0 Workstation,OMSOUTH
BUNC100005,,Windows NT 4.0 Workstation,OMSOUTH
BUNC100006,,Windows NT 4.0 Workstation,OMSOUTH
BUNC100008,,Windows NT 4.0 Workstation,OMSOUTH
BUNC103185,,Windows NT 4.0 Workstation,OMSOUTH
BUNC103208,,Windows NT 4.0 Workstation,OMSOUTH
BUNC103209,,Windows NT 4.0 Workstation,OMSOUTH
BUNC103216,,Windows NT 4.0 Workstation,OMSOUTH
BUNC103537,,Windows NT 4.0 Workstation,MOJ_MASTER
BUNC98995,,Windows NT 4.0 Workstation,OMSOUTH
BUNC98996,,Windows NT 4.0 Workstation,OMSOUTH
BUNC98997,,Windows NT 4.0 Workstation,OMSOUTH
BUNC98998,,Windows NT 4.0 Workstation,OMSOUTH
BUNC98999,,Windows NT 4.0 Workstation,OMSOUTH
BUNC99000,,Windows NT 4.0 Workstation,OMSOUTH
BUNC_CWS,,Windows NT 4.0 Workstation,MOJ_MASTER
BUSC103666,,Windows NT 4.0 Workstation,OMSOUTH
CANN100024,,Windows NT 4.0 Workstation,OMMETROSOUTH
CANN100203,,Windows NT 4.0 Workstation,OMMETROSOUTH
CANN100218,,Windows NT 4.0 Workstation,OMMETROSOUTH
CANN100219,,Windows NT 4.0 Workstation,OMMETROSOUTH
CANN100220,,Windows NT 4.0 Workstation,OMMETROSOUTH
CANN100221,,Windows NT 4.0 Workstation,OMMETROSOUTH
CANN100222,,Windows NT 4.0 Workstation,MOJ_MASTER
CANN100223,,Windows NT 4.0 Workstation,OMMETROSOUTH
CANN100224,,Windows NT 4.0 Workstation,OMMETROSOUTH
CANN100225,,Windows NT 4.0 Workstation,OMMETROSOUTH
CANN100226,,Windows NT 4.0 Workstation,OMMETROSOUTH
CANN100227,has CANN_MEDICAL_CENTRE printer,Windows NT 4.0 Workstation,OMMETROSOUTH
CANN100228,,Windows NT 4.0 Workstation,OMMETROSOUTH
CANN100229,,Windows NT 4.0 Workstation,OMMETROSOUTH
CANN100230,,Windows NT 4.0 Workstation,OMMETROSOUTH
CANN100231,,Windows NT 4.0 Workstation,OMMETROSOUTH
CANN100232,,Windows NT 4.0 Workstation,OMMETROSOUTH
CANN100234,,Windows NT 4.0 Workstation,OMMETROSOUTH
CANN100236,,Windows NT 4.0 Workstation,OMMETROSOUTH
CANN100237,,Windows NT 4.0 Workstation,OMMETROSOUTH
CANN100238,,Windows NT 4.0 Workstation,OMMETROSOUTH
CANN100239,,Windows NT 4.0 Workstation,OMMETROSOUTH
CANN100240,,Windows NT 4.0 Workstation,OMMETROSOUTH
CANN100241,,Windows NT 4.0 Workstation,OMMETROSOUTH
CANN100243,,Windows NT 4.0 Workstation,OMMETROSOUTH
CANN100244,,Windows NT 4.0 Workstation,OMMETROSOUTH
CANN100245,,Windows NT 4.0 Workstation,OMMETROSOUTH
CANN100246,,Windows NT 4.0 Workstation,OMMETROSOUTH
CANN100247,,Windows NT 4.0 Workstation,OMMETROSOUTH
CANN100248,,Windows NT 4.0 Workstation,OMMETROSOUTH
CANN100249,,Windows NT 4.0 Workstation,OMMETROSOUTH
CANN100250,,Windows NT 4.0 Workstation,OMMETROSOUTH
CANN100251,,Windows NT 4.0 Workstation,OMMETROSOUTH
CANN100252,,Windows NT 4.0 Workstation,OMMETROSOUTH
CANN100253,,Windows NT 4.0 Workstation,OMMETROSOUTH
CANN100254,,Windows NT 4.0 Workstation,OMMETROSOUTH
CANN100257,,Windows NT 4.0 Workstation,OMMETROSOUTH
CANN100258,,Windows NT 4.0 Workstation,OMMETROSOUTH
CANN100259,,Windows NT 4.0 Workstation,OMMETROSOUTH
CANN100260,,Windows NT 4.0 Workstation,OMMETROSOUTH
CANN100261,,Windows NT 4.0 Workstation,OMMETROSOUTH
CANN100262,,Windows NT 4.0 Workstation,OMMETROSOUTH
CANN100263,,Windows NT 4.0 Workstation,OMMETROSOUTH
CANN100264,,Windows NT 4.0 Workstation,OMMETROSOUTH
CANN100265,,Windows NT 4.0 Workstation,OMMETROSOUTH
CANN100318,,Windows NT 4.0 Workstation,OMPERTH
CANN100393,,Windows NT 4.0 Workstation,OMMETROSOUTH
CANN101127,,Windows NT 4.0 Workstation,OMMETROSOUTH
CANN101206,,Windows NT 4.0 Workstation,OMMETROSOUTH
CANN101300,,Windows NT 4.0 Workstation,OMMETROSOUTH
CANN101358,,Windows NT 4.0 Workstation,OMMETROSOUTH
CANN101608,,Windows NT 4.0 Workstation,OMMETROSOUTH
CANN101609,,Windows NT 4.0 Workstation,OMMETROSOUTH
CANN101610,,Windows NT 4.0 Workstation,OMMETROSOUTH
CANN101611,,Windows NT 4.0 Workstation,OMMETROSOUTH
CANN102286,,Windows NT 4.0 Workstation,OMMETROSOUTH
CANN102287,,Windows NT 4.0 Workstation,OMMETROSOUTH
CANN102311,,Windows NT 4.0 Workstation,OMMETROSOUTH
CANN102387,,Windows NT 4.0 Workstation,OMMETROSOUTH
CANN102388,,Windows NT 4.0 Workstation,OMMETROSOUTH
CANN102394,,Windows NT 4.0 Workstation,OMMETROSOUTH
CANN102395,,Windows NT 4.0 Workstation,OMMETROSOUTH
CANN102397,,Windows NT 4.0 Workstation,OMMETROSOUTH
CANN102398,,Windows NT 4.0 Workstation,OMMETROSOUTH
CANN102399,,Windows NT 4.0 Workstation,OMMETROSOUTH
CANN102400,,Windows NT 4.0 Workstation,OMMETROSOUTH
CANN102401,,Windows NT 4.0 Workstation,OMMETROSOUTH
CANN102402,,Windows NT 4.0 Workstation,OMMETROSOUTH
CANN102403,,Windows NT 4.0 Workstation,OMMETROSOUTH
CANN102404,,Windows NT 4.0 Workstation,OMMETROSOUTH
CANN102626,,Windows NT 4.0 Workstation,OMMETROSOUTH
CANN500855,,Windows NT 4.0 Workstation,OMMETROSOUTH
CANN95286,,Windows NT 4.0 Workstation,OMMETROSOUTH
CANN95450,,Windows NT 4.0 Workstation,OMMETROSOUTH
CANN95569,,Windows NT 4.0 Workstation,OMMETROSOUTH
CANN95743,,Windows NT 4.0 Workstation,OMMETROSOUTH
CANN95763,,Windows NT 4.0 Workstation,OMMETROSOUTH
CANN95964,,Windows NT 4.0 Workstation,OMMETROSOUTH
CANN97300,,Windows NT 4.0 Workstation,OMMETROSOUTH
CANN98365,,Windows NT 4.0 Workstation,OMMETROSOUTH
CARC96986,,Windows NT 4.0 Workstation,MOJ_MASTER
CARN98287,,Windows NT 4.0 Workstation,MOJ_MASTER
CARN98288,,Windows NT 4.0 Workstation,MOJ_MASTER
CARN98289,,Windows NT 4.0 Workstation,MOJ_MASTER
CARN98290,,Windows NT 4.0 Workstation,MOJ_MASTER
CARN98291,,Windows NT 4.0 Workstation,MOJ_MASTER
CASU100202,,Windows NT 4.0 Workstation,OMMETROSOUTH
CASU101301,,Windows NT 4.0 Workstation,OMMETROSOUTH
CASU101645,,Windows NT 4.0 Workstation,OMMETROSOUTH
CASU101646,,Windows NT 4.0 Workstation,OMMETROSOUTH
CASU101649,,Windows NT 4.0 Workstation,OMMETROSOUTH
CASU101650,,Windows NT 4.0 Workstation,OMMETROSOUTH
CASU101654,,Windows NT 4.0 Workstation,OMMETROSOUTH
CASU101655,,Windows NT 4.0 Workstation,OMMETROSOUTH
CASU101683,,Windows NT 4.0 Workstation,OMMETROSOUTH
CASU101744,,Windows NT 4.0 Workstation,OMMETROSOUTH
CASU103230,,Windows NT 4.0 Workstation,OMMETROSOUTH
CASU103529,,Windows NT 4.0 Workstation,OMMETROSOUTH
CASU103532,,Windows NT 4.0 Workstation,MOJ_MASTER
CASU103651,,Windows NT 4.0 Workstation,OMMETROSOUTH
CASU103685,,Windows NT 4.0 Workstation,MOJ_MASTER
CASU103686,,Windows NT 4.0 Workstation,MOJ_MASTER
CASU103687,,Windows NT 4.0 Workstation,MOJ_MASTER
CASU103688,,Windows NT 4.0 Workstation,MOJ_MASTER
CASU103689,,Windows NT 4.0 Workstation,MOJ_MASTER
CASU103690,,Windows NT 4.0 Workstation,MOJ_MASTER
CASU103691,,Windows NT 4.0 Workstation,MOJ_MASTER
CASU103692,,Windows NT 4.0 Workstation,MOJ_MASTER
CASU103693,,Windows NT 4.0 Workstation,MOJ_MASTER
CASU103694,,Windows NT 4.0 Workstation,MOJ_MASTER
CASU103695,,Windows NT 4.0 Workstation,MOJ_MASTER
CASU103696,,Windows NT 4.0 Workstation,MOJ_MASTER
CASU103697,,Windows NT 4.0 Workstation,MOJ_MASTER
CASU103698,,Windows NT 4.0 Workstation,MOJ_MASTER
CASU95285,,Windows NT 4.0 Workstation,OMMETROSOUTH
CASU95451,,Windows NT 4.0 Workstation,OMMETROSOUTH
CASU95621,,Windows NT 4.0 Workstation,OMMETROSOUTH
CASU95638,,Windows NT 4.0 Workstation,OMMETROSOUTH
CASU95754,,Windows NT 4.0 Workstation,OMMETROSOUTH
CASU95871,,Windows NT 4.0 Workstation,MOJ_MASTER
CASU95873,,Windows NT 4.0 Workstation,OMMETROSOUTH
CASU97310,,Windows NT 4.0 Workstation,OMMETROSOUTH
CASU98175,,Windows NT 4.0 Workstation,OMMETROSOUTH
CASU98423,,Windows NT 4.0 Workstation,OMMETROSOUTH
CASU98442,,Windows NT 4.0 Workstation,OMMETROSOUTH
CASU98445,,Windows NT 4.0 Workstation,OMMETROSOUTH
CASU98446,,Windows NT 4.0 Workstation,OMMETROSOUTH
CASU98447,,Windows NT 4.0 Workstation,OMMETROSOUTH
CASU98448,,Windows NT 4.0 Workstation,OMMETROSOUTH
CASU98449,,Windows NT 4.0 Workstation,OMMETROSOUTH
CASU98450,,Windows NT 4.0 Workstation,OMMETROSOUTH
CASU98451,,Windows NT 4.0 Workstation,OMMETROSOUTH
CASU98452,,Windows NT 4.0 Workstation,OMMETROSOUTH
CASU98453,,Windows NT 4.0 Workstation,OMMETROSOUTH
CASU98454,,Windows NT 4.0 Workstation,OMMETROSOUTH
CASU98455,,Windows NT 4.0 Workstation,OMMETROSOUTH
CASU98456,,Windows NT 4.0 Workstation,OMMETROSOUTH
CASU98457,,Windows NT 4.0 Workstation,OMMETROSOUTH
CASU98458,,Windows NT 4.0 Workstation,OMMETROSOUTH
CASU98459,,Windows NT 4.0 Workstation,OMMETROSOUTH
CASU98460,,Windows NT 4.0 Workstation,OMMETROSOUTH
CASU98461,,Windows NT 4.0 Workstation,OMMETROSOUTH
CASU98462,,Windows NT 4.0 Workstation,OMMETROSOUTH
CASU98463,,Windows NT 4.0 Workstation,MOJ_MASTER
CASU98537,,Windows NT 4.0 Workstation,OMMETROSOUTH
CASU98538,,Windows NT 4.0 Workstation,OMMETROSOUTH
CASU98540,,Windows NT 4.0 Workstation,OMMETROSOUTH
CASU98541,,Windows NT 4.0 Workstation,OMMETROSOUTH
CASU98542,,Windows NT 4.0 Workstation,OMMETROSOUTH
CASU98543,,Windows NT 4.0 Workstation,OMMETROSOUTH
CASU98544,,Windows NT 4.0 Workstation,OMMETROSOUTH
CASU98545,,Windows NT 4.0 Workstation,OMMETROSOUTH
CASU98546,,Windows NT 4.0 Workstation,OMMETROSOUTH
CASU98547,,Windows NT 4.0 Workstation,OMMETROSOUTH
CASU98548,,Windows NT 4.0 Workstation,OMMETROSOUTH
CASU98551,,Windows NT 4.0 Workstation,OMMETROSOUTH
CASU98552,,Windows NT 4.0 Workstation,OMMETROSOUTH
CASU98553,,Windows NT 4.0 Workstation,MOJ_MASTER
CASU98554,,Windows NT 4.0 Workstation,OMMETROSOUTH
CASU98555,,Windows NT 4.0 Workstation,OMMETROSOUTH
CASU98556,,Windows NT 4.0 Workstation,OMMETROSOUTH
CASU98557,,Windows NT 4.0 Workstation,MOJ_MASTER
CASU98558,,Windows NT 4.0 Workstation,OMMETRONORTH
CASU98559,,Windows NT 4.0 Workstation,OMMETROSOUTH
CASU98560,,Windows NT 4.0 Workstation,OMMETROSOUTH
CASU98561,,Windows NT 4.0 Workstation,MOJ_MASTER
CASU98562,,Windows NT 4.0 Workstation,OMMETROSOUTH
CASU98563,,Windows NT 4.0 Workstation,OMMETROSOUTH
CASU98564,,Windows NT 4.0 Workstation,OMMETROSOUTH
CASU98565,,Windows NT 4.0 Workstation,OMMETROSOUTH
CASU98566,,Windows NT 4.0 Workstation,OMMETROSOUTH
CASU98567,,Windows NT 4.0 Workstation,OMMETROSOUTH
CASU98568,,Windows NT 4.0 Workstation,OMMETROSOUTH
CASU98569,,Windows NT 4.0 Workstation,OMMETROSOUTH
CASU98570,,Windows NT 4.0 Workstation,OMMETROSOUTH
CASU98571,,Windows NT 4.0 Workstation,OMMETROSOUTH
CASU98572,,Windows NT 4.0 Workstation,OMMETROSOUTH
CASU98574,,Windows NT 4.0 Workstation,OMMETROSOUTH
CASU98575,,Windows NT 4.0 Workstation,OMMETROSOUTH
CASU98576,,Windows NT 4.0 Workstation,OMMETROSOUTH
CASU98577,,Windows NT 4.0 Workstation,OMMETROSOUTH
CASU98578,,Windows NT 4.0 Workstation,OMMETROSOUTH
CASU98579,,Windows NT 4.0 Workstation,OMMETROSOUTH
CASU98580,,Windows NT 4.0 Workstation,OMMETROSOUTH
CASU98581,,Windows NT 4.0 Workstation,OMMETROSOUTH
CASU98582,,Windows NT 4.0 Workstation,OMMETROSOUTH
CASU98583,,Windows NT 4.0 Workstation,OMMETROSOUTH
CASU98585,,Windows NT 4.0 Workstation,OMMETROSOUTH
CASU98586,,Windows NT 4.0 Workstation,OMMETROSOUTH
CASU98587,,Windows NT 4.0 Workstation,OMMETROSOUTH
CASU98588,,Windows NT 4.0 Workstation,OMMETROSOUTH
CASU98589,,Windows NT 4.0 Workstation,OMMETROSOUTH
CASU98590,,Windows NT 4.0 Workstation,OMMETROSOUTH
CASU99981,,Windows NT 4.0 Workstation,OMMETROSOUTH
CASUACTS1,Arunta MPC Casurina Prison,Windows NT 4.0 Workstation,MOJ_MASTER
CCOU102197,,Windows NT 4.0 Workstation,MOJ_MASTER
CCOU102587,,Windows NT 4.0 Workstation,OMPERTH
CCOU102589,,Windows NT 4.0 Workstation,OMPERTH
CCOU102590,,Windows NT 4.0 Workstation,OMPERTH
CCOU103437,,Windows NT 4.0 Workstation,LOCAL_COURT
CCOU98745,,Windows NT 4.0 Workstation,OMPERTH
CCOU98746,,Windows NT 4.0 Workstation,OMPERTH
CCOU98747,,Windows NT 4.0 Workstation,OMPERTH
CCOU98748,,Windows NT 4.0 Workstation,OMPERTH
CCOU98749,,Windows NT 4.0 Workstation,OMPERTH
CDPRESERVE-LNK,,Windows NT 4.0 Workstation,LOCAL_COURT
CHAMBERA-VSS,,Windows NT 4.0 Workstation,VSS
CHAPMANG-SOTU,,Windows NT 4.0 Workstation,OMPERTH
CLARKET-CLC,,Windows NT 4.0 Workstation,LOCAL_COURT
CLAYTONT-FIN,,Windows NT 4.0 Workstation,CORP_SERVICES
CLC-101921,,Windows NT 4.0 Workstation,CORP_SERVICES
CLC-102620,,Windows NT 4.0 Workstation,LOCAL_COURT
CLC-102621,,Windows NT 4.0 Workstation,LOCAL_COURT
CLC-102622,,Windows NT 4.0 Workstation,LOCAL_COURT
CLC-102623,,Windows NT 4.0 Workstation,LOCAL_COURT
CLC-102625,,Windows NT 4.0 Workstation,LOCAL_COURT
CLC-102627,,Windows NT 4.0 Workstation,LOCAL_COURT
CLC-95068,,Windows NT 4.0 Workstation,MOJ_MASTER
CLC101306,,Windows NT 4.0 Workstation,LOCAL_COURT
CLC101324,,Windows NT 4.0 Workstation,MOJ_MASTER
CLC101815,,Windows NT 4.0 Workstation,MOJ_MASTER
CLC103083,,Windows NT 4.0 Workstation,MOJ_MASTER
CLC103163,,Windows NT 4.0 Workstation,LOCAL_COURT
CLC103164,,Windows NT 4.0 Workstation,LOCAL_COURT
CLC103364,,Windows NT 4.0 Workstation,MOJ_MASTER
CLC103402,,Windows NT 4.0 Workstation,LOCAL_COURT
CLC103403,,Windows NT 4.0 Workstation,LOCAL_COURT
CLC105127,,Windows NT 4.0 Workstation,MOJ_MASTER
CLC97001,,Windows NT 4.0 Workstation,MOJ_MASTER
CLC97097,,Windows NT 4.0 Workstation,LOCAL_COURT
CONDUITB,,Windows NT 4.0 Workstation,LOCAL_COURT
COWANH-PPP,,Windows NT 4.0 Workstation,MOJ_MASTER
CREM100293,,Windows NT 4.0 Workstation,OMMETROSOUTH
CREM100294,,Windows NT 4.0 Workstation,OMMETROSOUTH
CREM100295,,Windows NT 4.0 Workstation,OMMETROSOUTH
CREM100297,,Windows NT 4.0 Workstation,OMMETROSOUTH
CREM100298,,Windows NT 4.0 Workstation,OMMETROSOUTH
CREM100300,,Windows NT 4.0 Workstation,OMMETROSOUTH
CREM100302,,Windows NT 4.0 Workstation,OMMETROSOUTH
CREM100315,,Windows NT 4.0 Workstation,OMMETROSOUTH
CREM100316,,Windows NT 4.0 Workstation,OMMETROSOUTH
CREM100317,,Windows NT 4.0 Workstation,OMMETROSOUTH
CREM100319,,Windows NT 4.0 Workstation,OMMETROSOUTH
CREM100321,,Windows NT 4.0 Workstation,OMMETROSOUTH
CREM100322,,Windows NT 4.0 Workstation,OMMETROSOUTH
CREM100324,,Windows NT 4.0 Workstation,OMMETROSOUTH
CREM100325,,Windows NT 4.0 Workstation,OMMETROSOUTH
CREM100326,,Windows NT 4.0 Workstation,OMMETROSOUTH
CREM100327,,Windows NT 4.0 Workstation,OMMETROSOUTH
CREM100329,,Windows NT 4.0 Workstation,OMMETROSOUTH
CREM102396,,Windows NT 4.0 Workstation,OMMETROSOUTH
CREM95416,,Windows NT 4.0 Workstation,OMMETROSOUTH
CREM95452,,Windows NT 4.0 Workstation,OMMETROSOUTH
CREM95570,,Windows NT 4.0 Workstation,OMMETROSOUTH
CREM95892,,Windows NT 4.0 Workstation,OMMETROSOUTH
CSC99363,,Windows NT 4.0 Workstation,MOJ_MASTER
CWS-CWS,,Windows NT 4.0 Workstation,LOCAL_COURT
DOIGR,,Windows NT 4.0 Workstation,LOCAL_COURT
DOLA-CSO,,Windows NT 4.0 Workstation,CORP_SERVICES
DULLARDD-CWS,,Windows NT 4.0 Workstation,LOCAL_COURT
DUNLOPM_VSS,,Windows NT 4.0 Workstation,VSS
EAGO100182,,Windows NT 4.0 Workstation,OMSOUTH
EAGO100183,,Windows NT 4.0 Workstation,OMSOUTH
EAGO100184,,Windows NT 4.0 Workstation,OMSOUTH
EAGO100185,,Windows NT 4.0 Workstation,OMSOUTH
EAGO100186,,Windows NT 4.0 Workstation,OMSOUTH
EAGO100187,,Windows NT 4.0 Workstation,OMSOUTH
EAGO100188,,Windows NT 4.0 Workstation,OMSOUTH
EAGO100189,,Windows NT 4.0 Workstation,OMNORTH
EAGO100190,,Windows NT 4.0 Workstation,OMSOUTH
EAGO100191,,Windows NT 4.0 Workstation,OMSOUTH
EAGO100192,,Windows NT 4.0 Workstation,OMSOUTH
EAGO100193,,Windows NT 4.0 Workstation,OMSOUTH
EAGO100194,,Windows NT 4.0 Workstation,OMSOUTH
EAGO100195,,Windows NT 4.0 Workstation,OMSOUTH
EAGO100196,,Windows NT 4.0 Workstation,OMSOUTH
EAGO100197,,Windows NT 4.0 Workstation,OMSOUTH
EAGO100198,,Windows NT 4.0 Workstation,OMNORTH
EAGO100199,,Windows NT 4.0 Workstation,OMSOUTH
EAGO102573,,Windows NT 4.0 Workstation,OMSOUTH
EAGO102574,,Windows NT 4.0 Workstation,OMSOUTH
EAGO102575,,Windows NT 4.0 Workstation,OMSOUTH
EAGO103524,,Windows NT 4.0 Workstation,OMSOUTH
EAGO103525,,Windows NT 4.0 Workstation,OMSOUTH
EAGO103668,,Windows NT 4.0 Workstation,OMNORTH
EAGO103701,,Windows NT 4.0 Workstation,OMSOUTH
EAST100125,,Windows NT 4.0 Workstation,MOJ_MASTER
EAST100126,,Windows NT 4.0 Workstation,MOJ_MASTER
EDUCPC,,Windows NT 4.0 Workstation,MOJ_MASTER
ESPC103191,,Windows NT 4.0 Workstation,OMSOUTH
ESPC103217,,Windows NT 4.0 Workstation,OMSOUTH
ESPC98173,,Windows NT 4.0 Workstation,OMSOUTH
FCWA103242,,Windows NT 4.0 Workstation,MOJ_MASTER
FER,,Windows NT 4.0 Workstation,LOCAL_COURT
FERREG1-FER,,Windows NT 4.0 Workstation,LOCAL_COURT
FERREG2-FER,,Windows NT 4.0 Workstation,LOCAL_COURT
FERREG3-FER,,Windows NT 4.0 Workstation,LOCAL_COURT
FIJOLEKJ-ISD,,Windows NT 4.0 Workstation,CORP_SERVICES
FOISRV-FOI,,Windows NT 4.0 Workstation,CORP_SERVICES
FREC103112,,Windows NT 4.0 Workstation,OMMETROSOUTH
FREC103617,,Windows NT 4.0 Workstation,MOJ_MASTER
FREC103649,,Windows NT 4.0 Workstation,OMMETROSOUTH
FREC103652,,Windows NT 4.0 Workstation,MOJ_MASTER
FREC98616,,Windows NT 4.0 Workstation,OMMETROSOUTH
FREC98618,,Windows NT 4.0 Workstation,OMMETROSOUTH
FREC98619,,Windows NT 4.0 Workstation,OMMETROSOUTH
FREC98620,,Windows NT 4.0 Workstation,OMMETROSOUTH
FREC98622,,Windows NT 4.0 Workstation,OMMETROSOUTH
FREC98623,,Windows NT 4.0 Workstation,OMMETROSOUTH
FREC98624,,Windows NT 4.0 Workstation,OMMETROSOUTH
FREC98625,,Windows NT 4.0 Workstation,OMMETROSOUTH
FREC98626,,Windows NT 4.0 Workstation,OMMETROSOUTH
FREC98627,,Windows NT 4.0 Workstation,OMMETROSOUTH
FREC98628,,Windows NT 4.0 Workstation,OMMETROSOUTH
FREC98629,,Windows NT 4.0 Workstation,OMMETROSOUTH
FREC98630,,Windows NT 4.0 Workstation,OMMETROSOUTH
FREC98631,,Windows NT 4.0 Workstation,OMMETROSOUTH
FREC98632,,Windows NT 4.0 Workstation,OMMETROSOUTH
FREC98633,,Windows NT 4.0 Workstation,OMMETROSOUTH
FREC98634,,Windows NT 4.0 Workstation,OMMETROSOUTH
FREC98635,,Windows NT 4.0 Workstation,OMMETROSOUTH
FREC98636,,Windows NT 4.0 Workstation,OMMETROSOUTH
FREO103292,,Windows NT 4.0 Workstation,MOJ_MASTER
FREO103295,,Windows NT 4.0 Workstation,MOJ_MASTER
FREO103297,,Windows NT 4.0 Workstation,MOJ_MASTER
FREO103298,,Windows NT 4.0 Workstation,MOJ_MASTER
FREO103299,,Windows NT 4.0 Workstation,MOJ_MASTER
FREO103300,,Windows NT 4.0 Workstation,MOJ_MASTER
FREO103303,,Windows NT 4.0 Workstation,MOJ_MASTER
FREO103306,,Windows NT 4.0 Workstation,MOJ_MASTER
FREO103307,,Windows NT 4.0 Workstation,MOJ_MASTER
FREO103309,,Windows NT 4.0 Workstation,MOJ_MASTER
FREO103310,,Windows NT 4.0 Workstation,MOJ_MASTER
FREO103311,,Windows NT 4.0 Workstation,MOJ_MASTER
FREO103312,,Windows NT 4.0 Workstation,MOJ_MASTER
FREO103313,,Windows NT 4.0 Workstation,MOJ_MASTER
FREO103314,,Windows NT 4.0 Workstation,MOJ_MASTER
FREO103315,,Windows NT 4.0 Workstation,MOJ_MASTER
FREO103316,,Windows NT 4.0 Workstation,MOJ_MASTER
FRET98637,,Windows NT 4.0 Workstation,MOJ_MASTER
FRET98638,,Windows NT 4.0 Workstation,MOJ_MASTER
GAB103042,,Windows NT 4.0 Workstation,MOJ_MASTER
GAB103555,,Windows NT 4.0 Workstation,MOJ_MASTER
GAB103557,,Windows NT 4.0 Workstation,MOJ_MASTER
GAB103558,,Windows NT 4.0 Workstation,MOJ_MASTER
GAB103559,,Windows NT 4.0 Workstation,MOJ_MASTER
GAB103560,,Windows NT 4.0 Workstation,MOJ_MASTER
GAB103561,,Windows NT 4.0 Workstation,MOJ_MASTER
GAB103562,,Windows NT 4.0 Workstation,MOJ_MASTER
GAB103563,,Windows NT 4.0 Workstation,MOJ_MASTER
GAB103566,,Windows NT 4.0 Workstation,MOJ_MASTER
GAB103567,,Windows NT 4.0 Workstation,MOJ_MASTER
GAB103568,,Windows NT 4.0 Workstation,MOJ_MASTER
GAB103569,,Windows NT 4.0 Workstation,MOJ_MASTER
GAB103571,,Windows NT 4.0 Workstation,MOJ_MASTER
GAB103573,,Windows NT 4.0 Workstation,MOJ_MASTER
GAB103574,,Windows NT 4.0 Workstation,MOJ_MASTER
GAB103575,,Windows NT 4.0 Workstation,MOJ_MASTER
GAB103576,,Windows NT 4.0 Workstation,MOJ_MASTER
GAB103577,,Windows NT 4.0 Workstation,MOJ_MASTER
GAB103578,,Windows NT 4.0 Workstation,MOJ_MASTER
GAB104060,,Windows NT 4.0 Workstation,CORP_SERVICES
GERC103039,,Windows NT 4.0 Workstation,MOJ_MASTER
GERC103130,,Windows NT 4.0 Workstation,MOJ_MASTER
GOODET-POP,,Windows NT 4.0 Workstation,CORP_SERVICES
GRECHR_VSS,,Windows NT 4.0 Workstation,VSS
GREE101869,,Windows NT 4.0 Workstation,OMNORTH
GREE103139,,Windows NT 4.0 Workstation,OMNORTH
GREE103149,,Windows NT 4.0 Workstation,OMNORTH
GREE103406,,Windows NT 4.0 Workstation,OMNORTH
GREE103414,,Windows NT 4.0 Workstation,OMNORTH
GREE103417,,Windows NT 4.0 Workstation,OMNORTH
GREE103669,,Windows NT 4.0 Workstation,OMNORTH
GREE95391,,Windows NT 4.0 Workstation,OMNORTH
GREE95460,,Windows NT 4.0 Workstation,OMNORTH
GREE95565,,Windows NT 4.0 Workstation,OMNORTH
GREE95872,,Windows NT 4.0 Workstation,OMPERTH
GREE98161,,Windows NT 4.0 Workstation,OMNORTH
GREE98162,,Windows NT 4.0 Workstation,OMNORTH
GREE98163,,Windows NT 4.0 Workstation,OMNORTH
GREE98164,,Windows NT 4.0 Workstation,OMNORTH
GREE98165,,Windows NT 4.0 Workstation,OMNORTH
GREE98166,,Windows NT 4.0 Workstation,OMNORTH
GREE98167,,Windows NT 4.0 Workstation,OMNORTH
GREE98168,,Windows NT 4.0 Workstation,OMNORTH
GREE98169,,Windows NT 4.0 Workstation,OMNORTH
GREE98170,,Windows NT 4.0 Workstation,OMNORTH
GREE98171,,Windows NT 4.0 Workstation,OMNORTH
GREE98184,,Windows NT 4.0 Workstation,OMNORTH
GREE98185,,Windows NT 4.0 Workstation,OMNORTH
GREE98186,,Windows NT 4.0 Workstation,OMNORTH
GREE98187,,Windows NT 4.0 Workstation,OMNORTH
GREE98188,,Windows NT 4.0 Workstation,OMNORTH
GREE98189,,Windows NT 4.0 Workstation,OMNORTH
GREE98191,,Windows NT 4.0 Workstation,OMNORTH
GREE98192,,Windows NT 4.0 Workstation,OMNORTH
GREE98193,,Windows NT 4.0 Workstation,OMNORTH
GREE98194,,Windows NT 4.0 Workstation,OMNORTH
GREE98195,,Windows NT 4.0 Workstation,OMNORTH
GREE98197,,Windows NT 4.0 Workstation,OMNORTH
GREE98198,,Windows NT 4.0 Workstation,OMNORTH
GREE98199,,Windows NT 4.0 Workstation,OMNORTH
HAKE100235,,Windows NT 4.0 Workstation,MOJ_MASTER
HAKE100299,,Windows NT 4.0 Workstation,OMMETROSOUTH
HAKE100323,,Windows NT 4.0 Workstation,OMMETROSOUTH
HAKE102103,,Windows NT 4.0 Workstation,OMMETROSOUTH
HAKE102578,,Windows NT 4.0 Workstation,MOJ_MASTER
HAKE103024,,Windows NT 4.0 Workstation,OMMETROSOUTH
HAKE103025,,Windows NT 4.0 Workstation,OMMETROSOUTH
HAKE103026,,Windows NT 4.0 Workstation,OMMETROSOUTH
HAKE103126,,Windows NT 4.0 Workstation,OMMETROSOUTH
HAKE103136,,Windows NT 4.0 Workstation,OMMETROSOUTH
HAKE103146,,Windows NT 4.0 Workstation,OMMETROSOUTH
HAKE103148,,Windows NT 4.0 Workstation,OMMETROSOUTH
HAKE103150,,Windows NT 4.0 Workstation,OMMETROSOUTH
HAKE103152,,Windows NT 4.0 Workstation,MOJ_MASTER
HAKE103153,,Windows NT 4.0 Workstation,MOJ_MASTER
HAKE103158,,Windows NT 4.0 Workstation,OMMETROSOUTH
HAKE103171,,Windows NT 4.0 Workstation,OMMETROSOUTH
HAKE103174,,Windows NT 4.0 Workstation,OMMETROSOUTH
HAKE103228,,Windows NT 4.0 Workstation,OMMETROSOUTH
HAKE103290,,Windows NT 4.0 Workstation,MOJ_MASTER
HAKE103392,,Windows NT 4.0 Workstation,MOJ_MASTER
HAKE103395,,Windows NT 4.0 Workstation,MOJ_MASTER
HAKE103397,,Windows NT 4.0 Workstation,MOJ_MASTER
HAKE103502,,Windows NT 4.0 Workstation,OMMETROSOUTH
HAKE103503,,Windows NT 4.0 Workstation,OMMETROSOUTH
HAKE103674,,Windows NT 4.0 Workstation,MOJ_MASTER
HAKE103675,,Windows NT 4.0 Workstation,MOJ_MASTER
HAKE103676,,Windows NT 4.0 Workstation,MOJ_MASTER
HAKE103677,,Windows NT 4.0 Workstation,MOJ_MASTER
HAKE103678,,Windows NT 4.0 Workstation,MOJ_MASTER
HAKE103679,,Windows NT 4.0 Workstation,MOJ_MASTER
HAKE104058,,Windows NT 4.0 Workstation,OMMETROSOUTH
HAKE105160,,Windows NT 4.0 Workstation,OMMETROSOUTH
HAKE105427,,Windows NT 4.0 Workstation,MOJ_MASTER
HAKE105428,,Windows NT 4.0 Workstation,MOJ_MASTER
HAKE95344,,Windows NT 4.0 Workstation,OMMETROSOUTH
HAKE95350,,Windows NT 4.0 Workstation,OMMETROSOUTH
HAKE95387,,Windows NT 4.0 Workstation,OMMETROSOUTH
HAKE95395,,Windows NT 4.0 Workstation,OMMETROSOUTH
HAKE95830,,Windows NT 4.0 Workstation,OMMETROSOUTH
HAKE97306,,Windows NT 4.0 Workstation,OMMETROSOUTH
HAKE97309,,Windows NT 4.0 Workstation,OMMETROSOUTH
HAKE98584,,Windows NT 4.0 Workstation,MOJ_MASTER
HALC103218,,Windows NT 4.0 Workstation,MOJ_MASTER
HALC98356,,Windows NT 4.0 Workstation,MOJ_MASTER
HATCHH-VSS,,Windows NT 4.0 Workstation,VSS
HOPEC-BEN,,Windows NT 4.0 Workstation,OMMETROSOUTH
HWK103543,,Windows NT 4.0 Workstation,OMNORTH
IAC,,Windows NT 4.0 Workstation,OMPERTH
ICMS95899,,Windows NT 4.0 Workstation,MOJ_MASTER
IMAGEPC6,,Windows NT 4.0 Workstation,MOJ_MASTER
INAL100130,,Windows NT 4.0 Workstation,OMMETROSOUTH
INAL100285,,Windows NT 4.0 Workstation,OMMETROSOUTH
INAL100286,,Windows NT 4.0 Workstation,OMMETROSOUTH
INAL100287,,Windows NT 4.0 Workstation,OMMETROSOUTH
INAL100288,,Windows NT 4.0 Workstation,OMMETROSOUTH
INAL100289,,Windows NT 4.0 Workstation,OMMETROSOUTH
INAL100290,,Windows NT 4.0 Workstation,OMMETROSOUTH
INAL100291,,Windows NT 4.0 Workstation,OMMETROSOUTH
INAL100292,,Windows NT 4.0 Workstation,OMMETROSOUTH
INAL95281,,Windows NT 4.0 Workstation,OMMETROSOUTH
INAL95282,,Windows NT 4.0 Workstation,OMMETROSOUTH
INAL95284,,Windows NT 4.0 Workstation,OMMETROSOUTH
INAL97302,,Windows NT 4.0 Workstation,OMMETROSOUTH
INAL98357,,Windows NT 4.0 Workstation,OMMETROSOUTH
INTELL,,Windows NT 4.0 Workstation,CORP_SERVICES
INV_RES103707,,Windows NT 4.0 Workstation,OMMETROSOUTH
JARD100021,,Windows NT 4.0 Workstation,OMPERTH
JARD100040,,Windows NT 4.0 Workstation,JARDINE
JARD100042,,Windows NT 4.0 Workstation,JARDINE
JARD100143,,Windows NT 4.0 Workstation,OMPERTH
JARD101141,,Windows NT 4.0 Workstation,OMPERTH
JARD101276,,Windows NT 4.0 Workstation,CORP_SERVICES
JARD101735,,Windows NT 4.0 Workstation,OMPERTH
JARD102175,,Windows NT 4.0 Workstation,OMPERTH
JARD102406,,Windows NT 4.0 Workstation,JARDINE
JARD102411,,Windows NT 4.0 Workstation,OMPERTH
JARD103018,,Windows NT 4.0 Workstation,OMPERTH
JARD103045,,Windows NT 4.0 Workstation,OMPERTH
JARD103111,,Windows NT 4.0 Workstation,OMPERTH
JARD103177,,Windows NT 4.0 Workstation,MOJ_MASTER
JARD103229,,Windows NT 4.0 Workstation,OMPERTH
JARD103291,,Windows NT 4.0 Workstation,OMPERTH
JARD103383,,Windows NT 4.0 Workstation,OMPERTH
JARD103384,,Windows NT 4.0 Workstation,OMPERTH
JARD103433,,Windows NT 4.0 Workstation,OMPERTH
JARD103434,,Windows NT 4.0 Workstation,OMPERTH
JARD103545,,Windows NT 4.0 Workstation,MOJ_MASTER
JARD103546,,Windows NT 4.0 Workstation,MOJ_MASTER
JARD105322,,Windows NT 4.0 Workstation,MOJ_MASTER
JARD500046,,Windows NT 4.0 Workstation,JARDINE
JARD95214,,Windows NT 4.0 Workstation,OMPERTH
JARD95419,,Windows NT 4.0 Workstation,MOJ_MASTER
JARD95461,,Windows NT 4.0 Workstation,OMPERTH
JARD95473,,Windows NT 4.0 Workstation,OMPERTH
JARD95526,,Windows NT 4.0 Workstation,OMPERTH
JARD95579,,Windows NT 4.0 Workstation,OMPERTH
JARD95580,,Windows NT 4.0 Workstation,MOJ_MASTER
JARD95598,,Windows NT 4.0 Workstation,MOJ_MASTER
JARD95600,,Windows NT 4.0 Workstation,OMPERTH
JARD96803,,Windows NT 4.0 Workstation,MOJ_MASTER
JARD98180,,Windows NT 4.0 Workstation,OMPERTH
JARD98181,,Windows NT 4.0 Workstation,OMPERTH
JARD98182,,Windows NT 4.0 Workstation,OMPERTH
JARD98307,,Windows NT 4.0 Workstation,OMPERTH
JARD98370,,Windows NT 4.0 Workstation,OMPERTH
JARD98374,,Windows NT 4.0 Workstation,OMPERTH
JARD98382,,Windows NT 4.0 Workstation,OMPERTH
JARD98383,,Windows NT 4.0 Workstation,OMPERTH
JARD98384,,Windows NT 4.0 Workstation,OMPERTH
JARD98388,,Windows NT 4.0 Workstation,OMPERTH
JARD98392,,Windows NT 4.0 Workstation,OMPERTH
JARD98462,,Windows NT 4.0 Workstation,OMPERTH
JARD98640,,Windows NT 4.0 Workstation,OMPERTH
JARD98647,,Windows NT 4.0 Workstation,OMPERTH
JARD98710,,Windows NT 4.0 Workstation,OMPERTH
JARD98723,,Windows NT 4.0 Workstation,OMPERTH
JARD98726,,Windows NT 4.0 Workstation,MOJ_MASTER
JOHNSONM-MAG,,Windows NT 4.0 Workstation,LOCAL_COURT
JOOC103211,,Windows NT 4.0 Workstation,OMMETRONORTH
JOOC103344,,Windows NT 4.0 Workstation,MOJ_MASTER
JOOC103353,,Windows NT 4.0 Workstation,MOJ_MASTER
JOOC103356,,Windows NT 4.0 Workstation,MOJ_MASTER
JOOC95588,,Windows NT 4.0 Workstation,OMMETRONORTH
JOOC95589,,Windows NT 4.0 Workstation,OMMETRONORTH
JOOC98897,,Windows NT 4.0 Workstation,OMMETRONORTH
JOOC98898,,Windows NT 4.0 Workstation,OMMETRONORTH
JOOC98899,,Windows NT 4.0 Workstation,OMMETRONORTH
JOOC98900,,Windows NT 4.0 Workstation,OMMETRONORTH
JOOC98901,,Windows NT 4.0 Workstation,OMMETRONORTH
JOOC98902,,Windows NT 4.0 Workstation,OMMETRONORTH
JOOC98903,,Windows NT 4.0 Workstation,OMMETRONORTH
JOOC98904,,Windows NT 4.0 Workstation,OMMETRONORTH
JOOC98905,,Windows NT 4.0 Workstation,OMMETRONORTH
JOOC98906,,Windows NT 4.0 Workstation,OMMETRONORTH
JOOC98907,,Windows NT 4.0 Workstation,OMMETRONORTH
JOOC98908,,Windows NT 4.0 Workstation,OMMETRONORTH
JOOC98909,,Windows NT 4.0 Workstation,OMMETRONORTH
JOOC98910,,Windows NT 4.0 Workstation,OMMETRONORTH
JOON103339,,Windows NT 4.0 Workstation,MOJ_MASTER
JOON103340,,Windows NT 4.0 Workstation,MOJ_MASTER
JOON103341,,Windows NT 4.0 Workstation,MOJ_MASTER
JOON103342,,Windows NT 4.0 Workstation,MOJ_MASTER
JOON103343,,Windows NT 4.0 Workstation,MOJ_MASTER
JOON103345,,Windows NT 4.0 Workstation,MOJ_MASTER
JOON103346,,Windows NT 4.0 Workstation,MOJ_MASTER
JOON103350,,Windows NT 4.0 Workstation,MOJ_MASTER
JOON103351,,Windows NT 4.0 Workstation,MOJ_MASTER
JOON103352,,Windows NT 4.0 Workstation,MOJ_MASTER
JOON103354,,Windows NT 4.0 Workstation,MOJ_MASTER
JOON103355,,Windows NT 4.0 Workstation,MOJ_MASTER
JOON103404,,Windows NT 4.0 Workstation,MOJ_MASTER
JOON500618,,Windows NT 4.0 Workstation,MOJ_MASTER
JOON500619,,Windows NT 4.0 Workstation,MOJ_MASTER
JOON500622,,Windows NT 4.0 Workstation,MOJ_MASTER
KALC100167,,Windows NT 4.0 Workstation,OMSOUTH
KALC100168,,Windows NT 4.0 Workstation,OMSOUTH
KALC100169,,Windows NT 4.0 Workstation,OMSOUTH
KALC100170,,Windows NT 4.0 Workstation,OMSOUTH
KALC100171,,Windows NT 4.0 Workstation,OMSOUTH
KALC100172,,Windows NT 4.0 Workstation,OMSOUTH
KALC100173,,Windows NT 4.0 Workstation,OMSOUTH
KALC100174,,Windows NT 4.0 Workstation,OMSOUTH
KALC100175,,Windows NT 4.0 Workstation,OMSOUTH
KALC100176,,Windows NT 4.0 Workstation,OMSOUTH
KALC100177,,Windows NT 4.0 Workstation,OMSOUTH
KALC100179,,Windows NT 4.0 Workstation,OMSOUTH
KALC100180,,Windows NT 4.0 Workstation,OMSOUTH
KALC100181,,Windows NT 4.0 Workstation,OMSOUTH
KALC103195,,Windows NT 4.0 Workstation,OMSOUTH
KALC103278,,Windows NT 4.0 Workstation,MOJ_MASTER
KARC103257,,Windows NT 4.0 Workstation,OMNORTH
KARC103410,,Windows NT 4.0 Workstation,OMNORTH
KARN100088,,Windows NT 4.0 Workstation,OMMETROSOUTH
KARN100089,,Windows NT 4.0 Workstation,OMMETROSOUTH
KARN100090,,Windows NT 4.0 Workstation,OMMETROSOUTH
KARN100091,,Windows NT 4.0 Workstation,OMMETROSOUTH
KARN100092,,Windows NT 4.0 Workstation,OMMETROSOUTH
KARN100093,,Windows NT 4.0 Workstation,OMMETROSOUTH
KARN100094,,Windows NT 4.0 Workstation,OMMETROSOUTH
KARN100095,,Windows NT 4.0 Workstation,OMMETROSOUTH
KARN100096,,Windows NT 4.0 Workstation,OMMETROSOUTH
KARN100097,,Windows NT 4.0 Workstation,OMMETROSOUTH
KARN100098,,Windows NT 4.0 Workstation,OMMETROSOUTH
KARN100100,,Windows NT 4.0 Workstation,OMMETROSOUTH
KARN100101,,Windows NT 4.0 Workstation,OMMETROSOUTH
KARN100102,,Windows NT 4.0 Workstation,OMMETROSOUTH
KARN101202,,Windows NT 4.0 Workstation,OMMETROSOUTH
KARN103050,,Windows NT 4.0 Workstation,OMMETROSOUTH
KARN103051,,Windows NT 4.0 Workstation,OMMETROSOUTH
KARN103052,,Windows NT 4.0 Workstation,OMMETROSOUTH
KARN103109,,Windows NT 4.0 Workstation,OMMETROSOUTH
KARN103510,,Windows NT 4.0 Workstation,OMMETROSOUTH
KARN103534,,Windows NT 4.0 Workstation,OMMETROSOUTH
KARN103665,,Windows NT 4.0 Workstation,MOJ_MASTER
KARN95381,,Windows NT 4.0 Workstation,OMMETROSOUTH
KARN95640,,Windows NT 4.0 Workstation,OMMETROSOUTH
KARN95761,,Windows NT 4.0 Workstation,MOJ_MASTER
KARN98397,,Windows NT 4.0 Workstation,OMMETROSOUTH
KARN98439,,Windows NT 4.0 Workstation,OMSOUTH
KARR98359,,Windows NT 4.0 Workstation,OMNORTH
KARR98360,,Windows NT 4.0 Workstation,OMNORTH
KARR98361,,Windows NT 4.0 Workstation,OMNORTH
KILL101233,,Windows NT 4.0 Workstation,OMMETROSOUTH
KILL103189,,Windows NT 4.0 Workstation,OMMETROSOUTH
KILL103193,,Windows NT 4.0 Workstation,OMMETROSOUTH
KILL103220,,Windows NT 4.0 Workstation,OMMETROSOUTH
KILL98174,,Windows NT 4.0 Workstation,OMMETROSOUTH
KILL98773,,Windows NT 4.0 Workstation,OMMETROSOUTH
KILL98774,,Windows NT 4.0 Workstation,OMPERTH
KILL98775,,Windows NT 4.0 Workstation,OMMETROSOUTH
KILL98776,,Windows NT 4.0 Workstation,OMPERTH
KILL98778,,Windows NT 4.0 Workstation,OMMETROSOUTH
KUNC103204,,Windows NT 4.0 Workstation,OMNORTH
KUNC98272,,Windows NT 4.0 Workstation,OMNORTH
KUNC98273,,Windows NT 4.0 Workstation,OMNORTH
KUNC98285,,Windows NT 4.0 Workstation,OMNORTH
L11MAGCRT-LIB,,Windows NT 4.0 Workstation,LOCAL_COURT
L13CLC-1,,Windows NT 4.0 Workstation,CORP_SERVICES
L15WSQ-1,,Windows NT 4.0 Workstation,MOJ_MASTER
L15WSQ-2,,Windows NT 4.0 Workstation,MOJ_MASTER
L15WSQ-3,,Windows NT 4.0 Workstation,MOJ_MASTER
L15WSQ-4,,Windows NT 4.0 Workstation,MOJ_MASTER
LAWC103399,,Windows NT 4.0 Workstation,MOJ_MASTER
LAWC98735,,Windows NT 4.0 Workstation,OMPERTH
LAWC98736,,Windows NT 4.0 Workstation,OMPERTH
LAWC98737,,Windows NT 4.0 Workstation,OMPERTH
LAWC98738,,Windows NT 4.0 Workstation,OMPERTH
LAWC98739,,Windows NT 4.0 Workstation,OMPERTH
LAWC98740,,Windows NT 4.0 Workstation,OMPERTH
LAWC98741,,Windows NT 4.0 Workstation,OMPERTH
LAWC98742,,Windows NT 4.0 Workstation,OMPERTH
LAWC98743,,Windows NT 4.0 Workstation,OMPERTH
LAWC98744,,Windows NT 4.0 Workstation,OMPERTH
LIBCDROMNET,,Windows NT 4.0 Workstation,CORP_SERVICES
MADC103186,,Windows NT 4.0 Workstation,OMMETROSOUTH
MADC103387,,Windows NT 4.0 Workstation,OMMETROSOUTH
MADC103388,,Windows NT 4.0 Workstation,OMMETROSOUTH
MADC103389,,Windows NT 4.0 Workstation,OMMETROSOUTH
MADC95567,,Windows NT 4.0 Workstation,MOJ_MASTER
MADC95568,,Windows NT 4.0 Workstation,OMMETROSOUTH
MADC98913,,Windows NT 4.0 Workstation,OMMETROSOUTH
MADC98914,,Windows NT 4.0 Workstation,MOJ_MASTER
MADC98915,,Windows NT 4.0 Workstation,OMMETROSOUTH
MADC98916,,Windows NT 4.0 Workstation,OMMETROSOUTH
MADC98917,,Windows NT 4.0 Workstation,OMMETROSOUTH
MADC98919,,Windows NT 4.0 Workstation,OMMETROSOUTH
MADC98920,,Windows NT 4.0 Workstation,MOJ_MASTER
MADC98921,,Windows NT 4.0 Workstation,MOJ_MASTER
MADC98922,,Windows NT 4.0 Workstation,OMMETROSOUTH
MADC98923,,Windows NT 4.0 Workstation,OMMETROSOUTH
MADC98925,,Windows NT 4.0 Workstation,MOJ_MASTER
MADC98926,,Windows NT 4.0 Workstation,MOJ_MASTER
MADC98927,,Windows NT 4.0 Workstation,OMMETROSOUTH
MANC100103,,Windows NT 4.0 Workstation,OMMETROSOUTH
MANC100105,,Windows NT 4.0 Workstation,OMMETROSOUTH
MANC100106,,Windows NT 4.0 Workstation,OMMETROSOUTH
MANC100109,,Windows NT 4.0 Workstation,OMMETROSOUTH
MANC100110,,Windows NT 4.0 Workstation,OMMETROSOUTH
MANC100111,,Windows NT 4.0 Workstation,OMMETROSOUTH
MANC100112,,Windows NT 4.0 Workstation,OMMETROSOUTH
MANC95389,,Windows NT 4.0 Workstation,OMMETROSOUTH
MEEC98292,,Windows NT 4.0 Workstation,OMNORTH
MEEC98293,,Windows NT 4.0 Workstation,OMNORTH
MEEC98294,,Windows NT 4.0 Workstation,OMNORTH
MEEC98295,,Windows NT 4.0 Workstation,OMNORTH
MERCERP,,Windows NT 4.0 Workstation,LOCAL_COURT
MHC-101327,,Windows NT 4.0 Workstation,CORP_SERVICES
MHC-101919,,Windows NT 4.0 Workstation,CORP_SERVICES
MHC-101920,,Windows NT 4.0 Workstation,CORP_SERVICES
MHC-102290,,Windows NT 4.0 Workstation,CORP_SERVICES
MHC-102293,,Windows NT 4.0 Workstation,CORP_SERVICES
MHC-102294,,Windows NT 4.0 Workstation,CORP_SERVICES
MHC-102295,,Windows NT 4.0 Workstation,CORP_SERVICES
MHC-102296,,Windows NT 4.0 Workstation,CORP_SERVICES
MHC101987,,Windows NT 4.0 Workstation,LOCAL_COURT
MHC101988,,Windows NT 4.0 Workstation,LOCAL_COURT
MHC101989,,Windows NT 4.0 Workstation,LOCAL_COURT
MHC102861,,Windows NT 4.0 Workstation,LOCAL_COURT
MHC102902,,Windows NT 4.0 Workstation,MOJ_MASTER
MHC102910,,Windows NT 4.0 Workstation,MOJ_MASTER
MHC102912,,Windows NT 4.0 Workstation,LOCAL_COURT
MHC103157,,Windows NT 4.0 Workstation,MOJ_MASTER
MHC103161,,Windows NT 4.0 Workstation,MOJ_MASTER
MHC103334,,Windows NT 4.0 Workstation,LOCAL_COURT
MHC103335,,Windows NT 4.0 Workstation,LOCAL_COURT
MHC103336,,Windows NT 4.0 Workstation,LOCAL_COURT
MHC103370,,Windows NT 4.0 Workstation,MOJ_MASTER
MHC103386,,Windows NT 4.0 Workstation,MOJ_MASTER
MHC103411,,Windows NT 4.0 Workstation,MOJ_MASTER
MHC103443,,Windows NT 4.0 Workstation,MOJ_MASTER
MHC103447,,Windows NT 4.0 Workstation,MOJ_MASTER
MHC103539,,Windows NT 4.0 Workstation,MOJ_MASTER
MHC103540,,Windows NT 4.0 Workstation,MOJ_MASTER
MHC103541,,Windows NT 4.0 Workstation,MOJ_MASTER
MHC103547,,Windows NT 4.0 Workstation,MOJ_MASTER
MHC103648,,Windows NT 4.0 Workstation,MOJ_MASTER
MHC95540,,Windows NT 4.0 Workstation,MOJ_MASTER
MHCG100301,,Windows NT 4.0 Workstation,LOCAL_COURT
MIDC100007,,Windows NT 4.0 Workstation,OMMETRONORTH
MIDC100009,,Windows NT 4.0 Workstation,OMMETRONORTH
MIDC100010,,Windows NT 4.0 Workstation,OMMETRONORTH
MIDC100011,,Windows NT 4.0 Workstation,OMMETRONORTH
MIDC100012,,Windows NT 4.0 Workstation,OMMETRONORTH
MIDC100013,,Windows NT 4.0 Workstation,OMMETRONORTH
MIDC100014,,Windows NT 4.0 Workstation,OMMETRONORTH
MIDC100015,,Windows NT 4.0 Workstation,OMMETRONORTH
MIDC100016,,Windows NT 4.0 Workstation,OMMETRONORTH
MIDC100017,,Windows NT 4.0 Workstation,OMMETRONORTH
MIDC100018,,Windows NT 4.0 Workstation,OMMETRONORTH
MIDC100019,,Windows NT 4.0 Workstation,OMMETRONORTH
MIDC100020,,Windows NT 4.0 Workstation,OMMETRONORTH
MIDC100120,,Windows NT 4.0 Workstation,OMMETRONORTH
MIDC100121,,Windows NT 4.0 Workstation,OMMETRONORTH
MIDC100122,,Windows NT 4.0 Workstation,OMMETRONORTH
MIDC100123,,Windows NT 4.0 Workstation,OMMETRONORTH
MIDC100124,,Windows NT 4.0 Workstation,OMMETRONORTH
MIDC101420,,Windows NT 4.0 Workstation,OMMETRONORTH
MIDC101429,,Windows NT 4.0 Workstation,OMMETRONORTH
MIDC105134,,Windows NT 4.0 Workstation,MOJ_MASTER
MIDC98271,,Windows NT 4.0 Workstation,OMMETRONORTH
MIDC98785,,Windows NT 4.0 Workstation,OMMETRONORTH
MIDC_EDUJ,,Windows NT 4.0 Workstation,OMMETRONORTH
MIDL501249,,Windows NT 4.0 Workstation,LOCAL_COURT
MIDT98771,,Windows NT 4.0 Workstation,MOJ_MASTER
MIDT98772,,Windows NT 4.0 Workstation,MOJ_MASTER
MILL98549,,Windows NT 4.0 Workstation,MOJ_MASTER
MIRC100044,,Windows NT 4.0 Workstation,OMMETRONORTH
MIRC100045,,Windows NT 4.0 Workstation,MOJ_MASTER
MIRC100046,,Windows NT 4.0 Workstation,OMMETRONORTH
MIRC100047,,Windows NT 4.0 Workstation,OMMETRONORTH
MIRC100048,,Windows NT 4.0 Workstation,OMMETRONORTH
MIRC100049,,Windows NT 4.0 Workstation,OMMETRONORTH
MIRC100050,,Windows NT 4.0 Workstation,OMMETRONORTH
MIRC100051,,Windows NT 4.0 Workstation,OMMETRONORTH
MIRC100052,,Windows NT 4.0 Workstation,OMMETRONORTH
MIRC100053,,Windows NT 4.0 Workstation,MOJ_MASTER
MIRC100054,,Windows NT 4.0 Workstation,OMMETRONORTH
MIRC100055,,Windows NT 4.0 Workstation,OMMETRONORTH
MIRC100056,,Windows NT 4.0 Workstation,OMMETRONORTH
MIRC100200,,Windows NT 4.0 Workstation,OMMETRONORTH
MIRC103113,,Windows NT 4.0 Workstation,OMMETRONORTH
MIRC103192,,Windows NT 4.0 Workstation,OMMETRONORTH
MIRC103194,,Windows NT 4.0 Workstation,OMMETRONORTH
MIRC103198,,Windows NT 4.0 Workstation,OMMETRONORTH
MIRC103206,,Windows NT 4.0 Workstation,OMMETRONORTH
MIRC103282,,Windows NT 4.0 Workstation,OMMETRONORTH
MIRC103409,,Windows NT 4.0 Workstation,MOJ_MASTER
MITCHELP_CRT,,Windows NT 4.0 Workstation,CORP_SERVICES
MOJDOMINTRA,,Windows NT 4.0 Workstation,JUSTICE
MSU100304,,Windows NT 4.0 Workstation,OMMETROSOUTH
MSU100344,,Windows NT 4.0 Workstation,OMMETROSOUTH
MSU100358,,Windows NT 4.0 Workstation,OMMETROSOUTH
MSU100359,,Windows NT 4.0 Workstation,OMMETROSOUTH
MSU100360,,Windows NT 4.0 Workstation,OMMETROSOUTH
MSU100361,,Windows NT 4.0 Workstation,OMMETROSOUTH
MSU100362,,Windows NT 4.0 Workstation,OMMETROSOUTH
MSU100363,,Windows NT 4.0 Workstation,OMMETROSOUTH
MSU100364,,Windows NT 4.0 Workstation,OMMETROSOUTH
MSU100365,,Windows NT 4.0 Workstation,OMMETROSOUTH
MSU100366,,Windows NT 4.0 Workstation,OMMETROSOUTH
MSU100367,,Windows NT 4.0 Workstation,OMMETROSOUTH
MSU100368,,Windows NT 4.0 Workstation,OMMETROSOUTH
MSU103513,,Windows NT 4.0 Workstation,OMMETROSOUTH
MSU103522,,Windows NT 4.0 Workstation,OMMETROSOUTH
MSU95651,,Windows NT 4.0 Workstation,OMMETROSOUTH
MSU95671,,Windows NT 4.0 Workstation,OMMETROSOUTH
MTLC100031,,Windows NT 4.0 Workstation,OMPERTH
MTLC100032,,Windows NT 4.0 Workstation,OMPERTH
MTLC100035,,Windows NT 4.0 Workstation,OMPERTH
MTLC100037,,Windows NT 4.0 Workstation,OMPERTH
MTLC100039,,Windows NT 4.0 Workstation,OMPERTH
MTLC100333,,Windows NT 4.0 Workstation,OMPERTH
MTLC100334,,Windows NT 4.0 Workstation,OMPERTH
MTLC100340,,Windows NT 4.0 Workstation,OMPERTH
MTLC100341,,Windows NT 4.0 Workstation,OMPERTH
MTLC100342,,Windows NT 4.0 Workstation,OMPERTH
MTLC100343,,Windows NT 4.0 Workstation,OMPERTH
MTLC100369,,Windows NT 4.0 Workstation,OMPERTH
MTLC100375,,Windows NT 4.0 Workstation,OMPERTH
MTLC103227,,Windows NT 4.0 Workstation,OMPERTH
MTLC103429,,Windows NT 4.0 Workstation,MOJ_MASTER
MTLC105156,,Windows NT 4.0 Workstation,OMMETRONORTH
MTLC500593,,Windows NT 4.0 Workstation,OMPERTH
MTLC95319,,Windows NT 4.0 Workstation,MOJ_MASTER
MTLC95975,,Windows NT 4.0 Workstation,OMPERTH
MTLC98381,,Windows NT 4.0 Workstation,OMPERTH
MURPHY-CS,,Windows NT 4.0 Workstation,CORP_SERVICES
NARC102581,,Windows NT 4.0 Workstation,OMSOUTH
NARC98820,,Windows NT 4.0 Workstation,OMSOUTH
NEWELLS-PO,,Windows NT 4.0 Workstation,OMPERTH
NORC98444,,Windows NT 4.0 Workstation,OMSOUTH
NORC98781,,Windows NT 4.0 Workstation,OMSOUTH
NORC98782,,Windows NT 4.0 Workstation,OMSOUTH
NORC98784,,Windows NT 4.0 Workstation,OMSOUTH
NORC98786,,Windows NT 4.0 Workstation,OMSOUTH
NORC98787,,Windows NT 4.0 Workstation,OMSOUTH
NYAN101234,,Windows NT 4.0 Workstation,MOJ_MASTER
NYAN103396,,Windows NT 4.0 Workstation,MOJ_MASTER
NYAN103536,,Windows NT 4.0 Workstation,OMMETROSOUTH
NYAN95424,,Windows NT 4.0 Workstation,MOJ_MASTER
NYAN95751,,Windows NT 4.0 Workstation,MOJ_MASTER
NYAN95755,,Windows NT 4.0 Workstation,MOJ_MASTER
NYAN98190,,Windows NT 4.0 Workstation,MOJ_MASTER
NYAN98254,,Windows NT 4.0 Workstation,MOJ_MASTER
OLIVERR-ISD,,Windows NT 4.0 Workstation,CORP_SERVICES
OPAC-LIB,,Windows NT 4.0 Workstation,CORP_SERVICES
PABO103385,,Windows NT 4.0 Workstation,MOJ_MASTER
PABO98760,,Windows NT 4.0 Workstation,OMPERTH
PABO98761,,Windows NT 4.0 Workstation,OMPERTH
PABO98764,,Windows NT 4.0 Workstation,OMPERTH
PARD101549,,Windows NT 4.0 Workstation,OMSOUTH
PARD101902,,Windows NT 4.0 Workstation,OMSOUTH
PARD103517,,Windows NT 4.0 Workstation,OMSOUTH
PARD98982,,Windows NT 4.0 Workstation,OMSOUTH
PARD98983,,Windows NT 4.0 Workstation,OMSOUTH
PARD98984,,Windows NT 4.0 Workstation,OMSOUTH
PARD98987,,Windows NT 4.0 Workstation,OMSOUTH
PARD98988,,Windows NT 4.0 Workstation,OMSOUTH
PARD98989,,Windows NT 4.0 Workstation,OMSOUTH
PARD98990,,Windows NT 4.0 Workstation,OMSOUTH
PARD98991,,Windows NT 4.0 Workstation,OMSOUTH
PC-EVAN,,Windows NT 4.0 Workstation,LOCAL_COURT
PC-FRENCH,,Windows NT 4.0 Workstation,LOCAL_COURT
PC12_SHERIFF,,Windows NT 4.0 Workstation,LOCAL_COURT
PC13_SHERIFF,,Windows NT 4.0 Workstation,LOCAL_COURT
PC14_SHERIFF,,Windows NT 4.0 Workstation,LOCAL_COURT
PC16_SHERIFF,,Windows NT 4.0 Workstation,LOCAL_COURT
PC310-STD,,Windows NT 4.0 Workstation,MOJ_MASTER
PC7_SHERRIF,,Windows NT 4.0 Workstation,LOCAL_COURT
PERC100038,,Windows NT 4.0 Workstation,OMPERTH
PERC101205,,Windows NT 4.0 Workstation,OMPERTH
PERC101299,,Windows NT 4.0 Workstation,OMPERTH
PERC101516,,Windows NT 4.0 Workstation,OMPERTH
PERC101517,,Windows NT 4.0 Workstation,OMPERTH
PERC101523,,Windows NT 4.0 Workstation,OMPERTH
PERC101665,,Windows NT 4.0 Workstation,OMPERTH
PERC101754,,Windows NT 4.0 Workstation,OMPERTH
PERC101913,,Windows NT 4.0 Workstation,OMPERTH
PERC101914,,Windows NT 4.0 Workstation,OMPERTH
PERC102285,,Windows NT 4.0 Workstation,OMPERTH
PERC102391,,Windows NT 4.0 Workstation,OMPERTH
PERC102582,,Windows NT 4.0 Workstation,OMPERTH
PERC102583,,Windows NT 4.0 Workstation,OMPERTH
PERC102584,,Windows NT 4.0 Workstation,OMPERTH
PERC102585,,Windows NT 4.0 Workstation,OMPERTH
PERC103040,,Windows NT 4.0 Workstation,OMPERTH
PERC103048,,Windows NT 4.0 Workstation,OMPERTH
PERC103062,,Windows NT 4.0 Workstation,OMPERTH
PERC103182,,Windows NT 4.0 Workstation,OMPERTH
PERC103183,,Windows NT 4.0 Workstation,OMPERTH
PERC103190,,Windows NT 4.0 Workstation,OMPERTH
PERC103194,,Windows NT 4.0 Workstation,OMPERTH
PERC103196,,Windows NT 4.0 Workstation,OMPERTH
PERC103263,,Windows NT 4.0 Workstation,OMPERTH
PERC103390,,Windows NT 4.0 Workstation,MOJ_MASTER
PERC103391,,Windows NT 4.0 Workstation,OMPERTH
PERC105147,,Windows NT 4.0 Workstation,MOJ_MASTER
PERC62848,,Windows NT 4.0 Workstation,OMPERTH
PERC95317,,Windows NT 4.0 Workstation,OMPERTH
PERC95318,,Windows NT 4.0 Workstation,OMPERTH
PERC95322,,Windows NT 4.0 Workstation,OMPERTH
PERC95340,,Windows NT 4.0 Workstation,OMPERTH
PERC95345,,Windows NT 4.0 Workstation,OMPERTH
PERC95346-2,,Windows NT 4.0 Workstation,MOJ_MASTER
PERC95380,,Windows NT 4.0 Workstation,MOJ_MASTER
PERC95394,,Windows NT 4.0 Workstation,OMPERTH
PERC95421,,Windows NT 4.0 Workstation,OMPERTH
PERC95423,,Windows NT 4.0 Workstation,OMPERTH
PERC95449,,Windows NT 4.0 Workstation,OMPERTH
PERC95510,,Windows NT 4.0 Workstation,OMPERTH
PERC95511,,Windows NT 4.0 Workstation,OMPERTH
PERC95512,,Windows NT 4.0 Workstation,OMPERTH
PERC95514,,Windows NT 4.0 Workstation,OMPERTH
PERC95544,,Windows NT 4.0 Workstation,OMPERTH
PERC95690,,Windows NT 4.0 Workstation,MOJ_MASTER
PERC95756,,Windows NT 4.0 Workstation,OMPERTH
PERC95757,,Windows NT 4.0 Workstation,OMPERTH
PERC95760,,Windows NT 4.0 Workstation,OMPERTH
PERC95762,,Windows NT 4.0 Workstation,OMPERTH
PERC95779,,Windows NT 4.0 Workstation,OMPERTH
PERC95879,,Windows NT 4.0 Workstation,OMPERTH
PERC95893,,Windows NT 4.0 Workstation,OMPERTH
PERC95976,,Windows NT 4.0 Workstation,OMPERTH
PERC97253,,Windows NT 4.0 Workstation,MOJ_MASTER
PERC98461,,Windows NT 4.0 Workstation,OMPERTH
PERC98604,,Windows NT 4.0 Workstation,OMPERTH
PERC98617,,Windows NT 4.0 Workstation,OMPERTH
PERC98621,,Windows NT 4.0 Workstation,OMPERTH
PERC98639,,Windows NT 4.0 Workstation,OMPERTH
PERC98643,,Windows NT 4.0 Workstation,OMPERTH
PERC98644,,Windows NT 4.0 Workstation,OMPERTH
PERC98645,,Windows NT 4.0 Workstation,OMPERTH
PERC98649,,Windows NT 4.0 Workstation,OMPERTH
PERC98650,,Windows NT 4.0 Workstation,OMPERTH
PERC98651,,Windows NT 4.0 Workstation,OMPERTH
PERC98652,,Windows NT 4.0 Workstation,OMPERTH
PERC98653,,Windows NT 4.0 Workstation,OMPERTH
PERC98654,,Windows NT 4.0 Workstation,OMPERTH
PERC98655,,Windows NT 4.0 Workstation,OMPERTH
PERC98656,,Windows NT 4.0 Workstation,OMPERTH
PERC98657,,Windows NT 4.0 Workstation,OMPERTH
PERC98658,,Windows NT 4.0 Workstation,OMPERTH
PERC98659,,Windows NT 4.0 Workstation,OMPERTH
PERC98660,,Windows NT 4.0 Workstation,OMPERTH
PERC98661,,Windows NT 4.0 Workstation,OMPERTH
PERC98709,,Windows NT 4.0 Workstation,OMPERTH
PERC98711,,Windows NT 4.0 Workstation,OMPERTH
PERC98713,,Windows NT 4.0 Workstation,OMPERTH
PERC98714,,Windows NT 4.0 Workstation,OMPERTH
PERC98715,,Windows NT 4.0 Workstation,OMPERTH
PERC98716,,Windows NT 4.0 Workstation,OMPERTH
PERC98717,,Windows NT 4.0 Workstation,OMPERTH
PERC98719,,Windows NT 4.0 Workstation,OMPERTH
PERC98720,,Windows NT 4.0 Workstation,OMPERTH
PERC98721,,Windows NT 4.0 Workstation,OMPERTH
PERC98722,,Windows NT 4.0 Workstation,OMPERTH
PERC98724,,Windows NT 4.0 Workstation,OMPERTH
PERC98725,,Windows NT 4.0 Workstation,OMPERTH
PERC98728,,Windows NT 4.0 Workstation,OMPERTH
PERC98729,,Windows NT 4.0 Workstation,OMPERTH
PERC98730,,Windows NT 4.0 Workstation,OMPERTH
PERC98731,,Windows NT 4.0 Workstation,OMPERTH
PERC98733,,Windows NT 4.0 Workstation,OMPERTH
PERC98734,,Windows NT 4.0 Workstation,OMPERTH
PERT98788,,Windows NT 4.0 Workstation,MOJ_MASTER
PERT98789,,Windows NT 4.0 Workstation,MOJ_MASTER
PICHLERM-ISD,,Windows NT 4.0 Workstation,CORP_SERVICES
PINKARDK,,Windows NT 4.0 Workstation,LOCAL_COURT
PLUM101602,,Windows NT 4.0 Workstation,MOJ_MASTER
PLUM101606,,Windows NT 4.0 Workstation,MOJ_MASTER
PLUM103033,,Windows NT 4.0 Workstation,MOJ_MASTER
PLUM103413,,Windows NT 4.0 Workstation,MOJ_MASTER
PLUM103415,,Windows NT 4.0 Workstation,MOJ_MASTER
PLUM103416,,Windows NT 4.0 Workstation,MOJ_MASTER
PLUM103418,,Windows NT 4.0 Workstation,MOJ_MASTER
PLUM103419,,Windows NT 4.0 Workstation,MOJ_MASTER
PLUM103420,,Windows NT 4.0 Workstation,MOJ_MASTER
PLUM103421,,Windows NT 4.0 Workstation,MOJ_MASTER
PORC101177,,Windows NT 4.0 Workstation,MOJ_MASTER
PORC103199,,Windows NT 4.0 Workstation,OMNORTH
PORC98286,,Windows NT 4.0 Workstation,OMNORTH
PORC98296,,Windows NT 4.0 Workstation,OMNORTH
PORC98362,,Windows NT 4.0 Workstation,OMNORTH
PORC98363,,Windows NT 4.0 Workstation,OMNORTH
PORC98364,,Windows NT 4.0 Workstation,OMNORTH
PORC98732,,Windows NT 4.0 Workstation,OMNORTH
PORC98803,,Windows NT 4.0 Workstation,OMNORTH
PSYJ100004,,Windows NT 4.0 Workstation,MOJ_MASTER
PSYJ100107,,Windows NT 4.0 Workstation,MOJ_MASTER
PSYJ100108,,Windows NT 4.0 Workstation,MOJ_MASTER
PSYJ100127,,Windows NT 4.0 Workstation,MOJ_MASTER
PSYJ100328,,Windows NT 4.0 Workstation,MOJ_MASTER
PSYJ102412,,Windows NT 4.0 Workstation,MOJ_MASTER
PSYJ103200,,Windows NT 4.0 Workstation,MOJ_MASTER
PSYJ98753,,Windows NT 4.0 Workstation,MOJ_MASTER
PSYJ98777,,Windows NT 4.0 Workstation,MOJ_MASTER
PSYJ98965,,Windows NT 4.0 Workstation,MOJ_MASTER
QUAY103289,,Windows NT 4.0 Workstation,MOJ_MASTER
QUINNR-GAB,,Windows NT 4.0 Workstation,CORP_SERVICES
QUINNS-MAG,,Windows NT 4.0 Workstation,LOCAL_COURT
RAFFERTP,,Windows NT 4.0 Workstation,LOCAL_COURT
RANJ100104,,Windows NT 4.0 Workstation,OMMETROSOUTH
RANJ101201,,Windows NT 4.0 Workstation,OMMETROSOUTH
RANJ101633,,Windows NT 4.0 Workstation,OMMETROSOUTH
RANJ101798,,Windows NT 4.0 Workstation,OMMETROSOUTH
RANJ101799,,Windows NT 4.0 Workstation,OMMETROSOUTH
RANJ101800,,Windows NT 4.0 Workstation,OMMETROSOUTH
RANJ101801,,Windows NT 4.0 Workstation,OMMETROSOUTH
RANJ103019,,Windows NT 4.0 Workstation,OMMETROSOUTH
RANJ103020,,Windows NT 4.0 Workstation,OMMETROSOUTH
RANJ103361,,Windows NT 4.0 Workstation,MOJ_MASTER
RANJ103362,,Windows NT 4.0 Workstation,MOJ_MASTER
RANJ103451,,Windows NT 4.0 Workstation,MOJ_MASTER
RANJ103452,,Windows NT 4.0 Workstation,MOJ_MASTER
RANJ103455,,Windows NT 4.0 Workstation,MOJ_MASTER
RANJ103457,,Windows NT 4.0 Workstation,MOJ_MASTER
RANJ103528,,Windows NT 4.0 Workstation,OMMETROSOUTH
RANJ103530,,Windows NT 4.0 Workstation,OMMETROSOUTH
RANJ98368,,Windows NT 4.0 Workstation,OMMETROSOUTH
RANJ98369,,Windows NT 4.0 Workstation,OMMETROSOUTH
RANJ98371,,Windows NT 4.0 Workstation,OMMETROSOUTH
RANJ98379,,Windows NT 4.0 Workstation,OMMETROSOUTH
RANJ98394,,Windows NT 4.0 Workstation,OMMETROSOUTH
RANJ98395,,Windows NT 4.0 Workstation,OMMETROSOUTH
RANJ98752,,Windows NT 4.0 Workstation,OMMETROSOUTH
RANJ98759,,Windows NT 4.0 Workstation,OMMETROSOUTH
RANJ98911,,Windows NT 4.0 Workstation,OMMETROSOUTH
RANJ98924,,Windows NT 4.0 Workstation,OMMETROSOUTH
REUBENJ-FER,,Windows NT 4.0 Workstation,LOCAL_COURT
RIVE103023,,Windows NT 4.0 Workstation,OMMETRONORTH
RIVE103046,,Windows NT 4.0 Workstation,OMMETRONORTH
RIVE103394,,Windows NT 4.0 Workstation,MOJ_MASTER
RIVE103520,,Windows NT 4.0 Workstation,OMMETRONORTH
RIVE95280,,Windows NT 4.0 Workstation,OMMETRONORTH
RIVE95422,,Windows NT 4.0 Workstation,OMMETRONORTH
RIVE95425,,Windows NT 4.0 Workstation,OMMETRONORTH
RIVE95426,,Windows NT 4.0 Workstation,OMMETRONORTH
RIVE95457,,Windows NT 4.0 Workstation,OMMETRONORTH
RIVE95459,,Windows NT 4.0 Workstation,OMMETRONORTH
RIVE95471,,Windows NT 4.0 Workstation,OMMETRONORTH
RIVE98367,,Windows NT 4.0 Workstation,OMMETRONORTH
ROBERJ-OPA,,Windows NT 4.0 Workstation,MOJ_MASTER
ROCC100270,,Windows NT 4.0 Workstation,OMMETROSOUTH
ROCC100271,,Windows NT 4.0 Workstation,OMMETROSOUTH
ROCC100272,,Windows NT 4.0 Workstation,OMMETROSOUTH
ROCC100273,,Windows NT 4.0 Workstation,OMMETROSOUTH
ROCC100274,,Windows NT 4.0 Workstation,OMMETROSOUTH
ROCC100275,,Windows NT 4.0 Workstation,OMMETROSOUTH
ROCC100276,,Windows NT 4.0 Workstation,OMMETROSOUTH
ROCC100277,,Windows NT 4.0 Workstation,OMMETROSOUTH
ROCC100278,,Windows NT 4.0 Workstation,OMMETROSOUTH
ROCC100279,,Windows NT 4.0 Workstation,OMMETROSOUTH
ROCC100280,,Windows NT 4.0 Workstation,OMMETROSOUTH
ROCC100281,,Windows NT 4.0 Workstation,OMMETROSOUTH
ROCC100282,,Windows NT 4.0 Workstation,OMMETROSOUTH
ROCC100283,,Windows NT 4.0 Workstation,OMMETROSOUTH
ROCC103400,,Windows NT 4.0 Workstation,MOJ_MASTER
ROCC103401,,Windows NT 4.0 Workstation,MOJ_MASTER
ROCC95531,,Windows NT 4.0 Workstation,OMMETROSOUTH
ROEB101733,,Windows NT 4.0 Workstation,OMNORTH
ROEB101839,,Windows NT 4.0 Workstation,OMNORTH
ROEB103036,,Windows NT 4.0 Workstation,OMNORTH
ROEB103063,,Windows NT 4.0 Workstation,OMNORTH
ROEB103064,,Windows NT 4.0 Workstation,OMNORTH
ROEB103424,,Windows NT 4.0 Workstation,MOJ_MASTER
ROEB103516,,Windows NT 4.0 Workstation,OMNORTH
ROEB98424,,Windows NT 4.0 Workstation,OMNORTH
ROEB98425,,Windows NT 4.0 Workstation,OMNORTH
ROEB98427,,Windows NT 4.0 Workstation,OMNORTH
ROEB98428,,Windows NT 4.0 Workstation,OMNORTH
ROEB98429,,Windows NT 4.0 Workstation,OMNORTH
ROEB98430,,Windows NT 4.0 Workstation,OMNORTH
ROEB98431,,Windows NT 4.0 Workstation,OMNORTH
ROEB98432,,Windows NT 4.0 Workstation,OMNORTH
ROEB98434,,Windows NT 4.0 Workstation,OMNORTH
ROEB98441,,Windows NT 4.0 Workstation,OMNORTH
ROEB98464,,Windows NT 4.0 Workstation,OMNORTH
ROEC103066,,Windows NT 4.0 Workstation,OMNORTH
ROEC98177,,Windows NT 4.0 Workstation,OMNORTH
ROEC98435,,Windows NT 4.0 Workstation,OMNORTH
ROEC98438,,Windows NT 4.0 Workstation,OMNORTH
ROEC98440,,Windows NT 4.0 Workstation,OMNORTH
ROEG_VSS,,Windows NT 4.0 Workstation,VSS
SCHMIDTK-TI,,Windows NT 4.0 Workstation,CORP_SERVICES
SIN-CS,,Windows NT 4.0 Workstation,CORP_SERVICES
SUTHERLT_ISD,,Windows NT 4.0 Workstation,CORP_SERVICES
SVCS100351,,Windows NT 4.0 Workstation,OMMETROSOUTH
SVCS100352,,Windows NT 4.0 Workstation,OMMETROSOUTH
SVCS100353,,Windows NT 4.0 Workstation,OMMETROSOUTH
SVCS100355,,Windows NT 4.0 Workstation,OMMETROSOUTH
SVCS100356,,Windows NT 4.0 Workstation,OMMETROSOUTH
SVCS100357,,Windows NT 4.0 Workstation,OMMETROSOUTH
SWANS-LIB,,Windows NT 4.0 Workstation,CORP_SERVICES
TANGJ-BAN,,Windows NT 4.0 Workstation,MOJ_MASTER
TAP-LIB,,Windows NT 4.0 Workstation,CORP_SERVICES
THOMASA_VSS,,Windows NT 4.0 Workstation,VSS
THOT102385,,Windows NT 4.0 Workstation,MOJ_MASTER
THOT98751,,Windows NT 4.0 Workstation,MOJ_MASTER
TRAINING4,,Windows NT 4.0 Workstation,MOJ_MASTER
TRNG_BANJ101776,,Windows NT 4.0 Workstation,OMMETROSOUTH
TRNG_BANJ101777,,Windows NT 4.0 Workstation,OMMETROSOUTH
TRNG_CASU101644,,Windows NT 4.0 Workstation,OMMETROSOUTH
TRNG_CASU101647,,Windows NT 4.0 Workstation,OMMETROSOUTH
TRNG_CASU101648,,Windows NT 4.0 Workstation,OMMETROSOUTH
TRNG_CASU101652,,Windows NT 4.0 Workstation,OMMETROSOUTH
TRNG_CASU101653,,Windows NT 4.0 Workstation,OMMETROSOUTH
TRNG_CASU101656,,Windows NT 4.0 Workstation,OMMETROSOUTH
TRNG_CASU101657,,Windows NT 4.0 Workstation,OMMETROSOUTH
TSS95499,,Windows NT 4.0 Workstation,OMMETROSOUTH
TSS95957,,Windows NT 4.0 Workstation,OMMETROSOUTH
UNI04203343,,Windows NT 4.0 Workstation,MOJ_MASTER
UNI04203344,,Windows NT 4.0 Workstation,MOJ_MASTER
UNI04203345,,Windows NT 4.0 Workstation,MOJ_MASTER
UNI04203349,,Windows NT 4.0 Workstation,OMPERTH
UNI04203351,,Windows NT 4.0 Workstation,MOJ_MASTER
UNI04203353,,Windows NT 4.0 Workstation,MOJ_MASTER
UNI04203354,,Windows NT 4.0 Workstation,MOJ_MASTER
UNI04203357,,Windows NT 4.0 Workstation,MOJ_MASTER
VMUC100330,,Windows NT 4.0 Workstation,OMPERTH
VMUC100335,,Windows NT 4.0 Workstation,OMPERTH
VMUC100336,,Windows NT 4.0 Workstation,OMPERTH
VMUC100337,,Windows NT 4.0 Workstation,OMPERTH
VMUC100338,,Windows NT 4.0 Workstation,OMPERTH
VMUC100339,,Windows NT 4.0 Workstation,OMPERTH
VSS103653,,Windows NT 4.0 Workstation,VSS
W101494-ISD,,Windows NT 4.0 Workstation,OMPERTH
WAJNSTOKG-PP,,Windows NT 4.0 Workstation,MOJ_MASTER
WANT98769,,Windows NT 4.0 Workstation,OMMETRONORTH
WANT98770,,Windows NT 4.0 Workstation,OMMETRONORTH
WARKEJ-PPP,,Windows NT 4.0 Workstation,CORP_SERVICES
WOOR100129,,Windows NT 4.0 Workstation,OMMETRONORTH
WOOR100134,,Windows NT 4.0 Workstation,OMMETRONORTH
WOOR100135,,Windows NT 4.0 Workstation,OMMETRONORTH
WOOR100136,,Windows NT 4.0 Workstation,OMMETRONORTH
WOOR100138,,Windows NT 4.0 Workstation,OMMETRONORTH
WOOR100139,,Windows NT 4.0 Workstation,OMMETRONORTH
WOOR100140,,Windows NT 4.0 Workstation,OMMETRONORTH
WOOR100141,,Windows NT 4.0 Workstation,OMMETRONORTH
WOOR100142,,Windows NT 4.0 Workstation,OMMETRONORTH
WOOR100144,,Windows NT 4.0 Workstation,OMMETRONORTH
WOOR100145,,Windows NT 4.0 Workstation,OMMETRONORTH
WOOR100147,,Windows NT 4.0 Workstation,OMMETRONORTH
WOOR100148,,Windows NT 4.0 Workstation,OMMETRONORTH
WOOR100149,,Windows NT 4.0 Workstation,OMMETRONORTH
WOOR100151,,Windows NT 4.0 Workstation,OMMETRONORTH
WOOR100152,,Windows NT 4.0 Workstation,OMMETRONORTH
WOOR100153,,Windows NT 4.0 Workstation,OMMETRONORTH
WOOR102291,,Windows NT 4.0 Workstation,OMMETRONORTH
WOOR102292,,Windows NT 4.0 Workstation,OMMETRONORTH
WOOR102408,,Windows NT 4.0 Workstation,OMMETRONORTH
WOOR103021,,Windows NT 4.0 Workstation,OMMETRONORTH
WOOR103222,,Windows NT 4.0 Workstation,OMMETRONORTH
WOOR103393,,Windows NT 4.0 Workstation,OMMETRONORTH
WOOR103508,,Windows NT 4.0 Workstation,OMMETRONORTH
WOOR103509,,Windows NT 4.0 Workstation,OMMETRONORTH
WOOR98762,,Windows NT 4.0 Workstation,OMMETRONORTH
WSQ1000099,,Windows NT 4.0 Workstation,OMPERTH
WSQ100022,,Windows NT 4.0 Workstation,OMPERTH
WSQ100023,,Windows NT 4.0 Workstation,OMPERTH
WSQ100025,,Windows NT 4.0 Workstation,OMPERTH
WSQ100026,,Windows NT 4.0 Workstation,OMPERTH
WSQ100027,,Windows NT 4.0 Workstation,OMPERTH
WSQ100033,,Windows NT 4.0 Workstation,OMPERTH
WSQ100036,,Windows NT 4.0 Workstation,OMPERTH
WSQ100041,,Windows NT 4.0 Workstation,OMPERTH
WSQ100128,,Windows NT 4.0 Workstation,OMPERTH
WSQ101107,,Windows NT 4.0 Workstation,MOJ_MASTER
WSQ101126,,Windows NT 4.0 Workstation,MOJ_MASTER
WSQ101199,,Windows NT 4.0 Workstation,OMPERTH
WSQ101200,,Windows NT 4.0 Workstation,MOJ_MASTER
WSQ101203,,Windows NT 4.0 Workstation,MOJ_MASTER
WSQ101275,,Windows NT 4.0 Workstation,MOJ_MASTER
WSQ101363,,Windows NT 4.0 Workstation,MOJ_MASTER
WSQ101374,,Windows NT 4.0 Workstation,MOJ_MASTER
WSQ101519,,Windows NT 4.0 Workstation,MOJ_MASTER
WSQ101522,,Windows NT 4.0 Workstation,MOJ_MASTER
WSQ101550,,Windows NT 4.0 Workstation,MOJ_MASTER
WSQ101551,,Windows NT 4.0 Workstation,MOJ_MASTER
WSQ101601,,Windows NT 4.0 Workstation,MOJ_MASTER
WSQ101622,,Windows NT 4.0 Workstation,OMPERTH
WSQ101686,,Windows NT 4.0 Workstation,MOJ_MASTER
WSQ101692,,Windows NT 4.0 Workstation,MOJ_MASTER
WSQ101699,,Windows NT 4.0 Workstation,MOJ_MASTER
WSQ101732,,Windows NT 4.0 Workstation,OMPERTH
WSQ101745,,Windows NT 4.0 Workstation,MOJ_MASTER
WSQ101756,,Windows NT 4.0 Workstation,OMPERTH
WSQ101758,,Windows NT 4.0 Workstation,MOJ_MASTER
WSQ101764,,Windows NT 4.0 Workstation,OMPERTH
WSQ101802,,Windows NT 4.0 Workstation,CORP_SERVICES
WSQ101803,,Windows NT 4.0 Workstation,OMPERTH
WSQ101804,,Windows NT 4.0 Workstation,OMPERTH
WSQ101811,,Windows NT 4.0 Workstation,OMPERTH
WSQ101883,,Windows NT 4.0 Workstation,MOJ_MASTER
WSQ101885,,Windows NT 4.0 Workstation,MOJ_MASTER
WSQ101995,,Windows NT 4.0 Workstation,MOJ_MASTER
WSQ102114,,Windows NT 4.0 Workstation,MOJ_MASTER
WSQ102176,,Windows NT 4.0 Workstation,OMPERTH
WSQ102194,,Windows NT 4.0 Workstation,OMPERTH
WSQ102284,,Windows NT 4.0 Workstation,MOJ_MASTER
WSQ102289,,Windows NT 4.0 Workstation,OMPERTH
WSQ102337,,Windows NT 4.0 Workstation,MOJ_MASTER
WSQ102360,,Windows NT 4.0 Workstation,MOJ_MASTER
WSQ102405,,Windows NT 4.0 Workstation,MOJ_MASTER
WSQ102407,,Windows NT 4.0 Workstation,MOJ_MASTER
WSQ102409,,Windows NT 4.0 Workstation,OMPERTH
WSQ102431,,Windows NT 4.0 Workstation,MOJ_MASTER
WSQ102490,,Windows NT 4.0 Workstation,OMPERTH
WSQ102564,,Windows NT 4.0 Workstation,CORP_SERVICES
WSQ102594,,Windows NT 4.0 Workstation,MOJ_MASTER
WSQ102615,,Windows NT 4.0 Workstation,MOJ_MASTER
WSQ102616,,Windows NT 4.0 Workstation,MOJ_MASTER
WSQ102630,,Windows NT 4.0 Workstation,MOJ_MASTER
WSQ102644,,Windows NT 4.0 Workstation,OMPERTH
WSQ102645,,Windows NT 4.0 Workstation,MOJ_MASTER
WSQ102656,,Windows NT 4.0 Workstation,OMPERTH
WSQ102657,,Windows NT 4.0 Workstation,MOJ_MASTER
WSQ102966,,Windows NT 4.0 Workstation,MOJ_MASTER
WSQ102968,,Windows NT 4.0 Workstation,MOJ_MASTER
WSQ103008,,Windows NT 4.0 Workstation,MOJ_MASTER
WSQ103038,,Windows NT 4.0 Workstation,MOJ_MASTER
WSQ103041,,Windows NT 4.0 Workstation,OMPERTH
WSQ103043,,Windows NT 4.0 Workstation,OMPERTH
WSQ103058,,Windows NT 4.0 Workstation,MOJ_MASTER
WSQ103059,,Windows NT 4.0 Workstation,MOJ_MASTER
WSQ103060,,Windows NT 4.0 Workstation,MOJ_MASTER
WSQ103084,,Windows NT 4.0 Workstation,MOJ_MASTER
WSQ1030861,,Windows NT 4.0 Workstation,OMPERTH
WSQ103087,,Windows NT 4.0 Workstation,OMPERTH
WSQ103092,,Windows NT 4.0 Workstation,MOJ_MASTER
WSQ103094,,Windows NT 4.0 Workstation,OMPERTH
WSQ103098,,Windows NT 4.0 Workstation,OMPERTH
WSQ103099,,Windows NT 4.0 Workstation,MOJ_MASTER
WSQ103100,,Windows NT 4.0 Workstation,OMPERTH
WSQ103101,,Windows NT 4.0 Workstation,OMPERTH
WSQ103102,,Windows NT 4.0 Workstation,MOJ_MASTER
WSQ103103,,Windows NT 4.0 Workstation,MOJ_MASTER
WSQ103106,,Windows NT 4.0 Workstation,MOJ_MASTER
WSQ103123,,Windows NT 4.0 Workstation,MOJ_MASTER
WSQ103124,,Windows NT 4.0 Workstation,MOJ_MASTER
WSQ103125,,Windows NT 4.0 Workstation,OMPERTH
WSQ103133,,Windows NT 4.0 Workstation,MOJ_MASTER
WSQ103143,,Windows NT 4.0 Workstation,OMPERTH
WSQ103144,,Windows NT 4.0 Workstation,MOJ_MASTER
WSQ103147,,Windows NT 4.0 Workstation,MOJ_MASTER
WSQ103170,,Windows NT 4.0 Workstation,OMPERTH
WSQ103201,,Windows NT 4.0 Workstation,OMPERTH
WSQ103207,,Windows NT 4.0 Workstation,OMPERTH
WSQ103225,,Windows NT 4.0 Workstation,OMPERTH
WSQ103228,,Windows NT 4.0 Workstation,MOJ_MASTER
WSQ103237,,Windows NT 4.0 Workstation,MOJ_MASTER
WSQ103259,,Windows NT 4.0 Workstation,MOJ_MASTER
WSQ103276,,Windows NT 4.0 Workstation,MOJ_MASTER
WSQ103277,,Windows NT 4.0 Workstation,MOJ_MASTER
WSQ103284,,Windows NT 4.0 Workstation,MOJ_MASTER
WSQ103286,,Windows NT 4.0 Workstation,MOJ_MASTER
WSQ103287,,Windows NT 4.0 Workstation,MOJ_MASTER
WSQ103347,,Windows NT 4.0 Workstation,OMPERTH
WSQ103358,,Windows NT 4.0 Workstation,OMPERTH
WSQ103359,,Windows NT 4.0 Workstation,MOJ_MASTER
WSQ103365,,Windows NT 4.0 Workstation,MOJ_MASTER
WSQ103405,,Windows NT 4.0 Workstation,MOJ_MASTER
WSQ103422,,Windows NT 4.0 Workstation,MOJ_MASTER
WSQ103423,,Windows NT 4.0 Workstation,MOJ_MASTER
WSQ103544,,Windows NT 4.0 Workstation,MOJ_MASTER
WSQ103636,,Windows NT 4.0 Workstation,MOJ_MASTER
WSQ103657,,Windows NT 4.0 Workstation,MOJ_MASTER
WSQ103658,,Windows NT 4.0 Workstation,MOJ_MASTER
WSQ103702,,Windows NT 4.0 Workstation,MOJ_MASTER
WSQ103705,,Windows NT 4.0 Workstation,MOJ_MASTER
WSQ103829,,Windows NT 4.0 Workstation,OMPERTH
WSQ103830,,Windows NT 4.0 Workstation,OMPERTH
WSQ104035,,Windows NT 4.0 Workstation,CORP_SERVICES
WSQ104039,,Windows NT 4.0 Workstation,MOJ_MASTER
WSQ104043,,Windows NT 4.0 Workstation,MOJ_MASTER
WSQ104046,,Windows NT 4.0 Workstation,MOJ_MASTER
WSQ104047,,Windows NT 4.0 Workstation,MOJ_MASTER
WSQ105137,,Windows NT 4.0 Workstation,MOJ_MASTER
WSQ105151,,Windows NT 4.0 Workstation,MOJ_MASTER
WSQ105426,,Windows NT 4.0 Workstation,MOJ_MASTER
WSQ105436,,Windows NT 4.0 Workstation,MOJ_MASTER
WSQ105437,,Windows NT 4.0 Workstation,MOJ_MASTER
WSQ95100,,Windows NT 4.0 Workstation,MOJ_MASTER
WSQ95254,,Windows NT 4.0 Workstation,MOJ_MASTER
WSQ95343,,Windows NT 4.0 Workstation,OMPERTH
WSQ95347,,Windows NT 4.0 Workstation,OMPERTH
WSQ95384,,Windows NT 4.0 Workstation,OMPERTH
WSQ95392,,Windows NT 4.0 Workstation,OMPERTH
WSQ95417,,Windows NT 4.0 Workstation,MOJ_MASTER
WSQ95418,,Windows NT 4.0 Workstation,OMPERTH
WSQ95530,,Windows NT 4.0 Workstation,MOJ_MASTER
WSQ95566,,Windows NT 4.0 Workstation,OMPERTH
WSQ95573,,Windows NT 4.0 Workstation,MOJ_MASTER
WSQ95578,,Windows NT 4.0 Workstation,OMPERTH
WSQ95582,,Windows NT 4.0 Workstation,MOJ_MASTER
WSQ95585,,Windows NT 4.0 Workstation,MOJ_MASTER
WSQ95641,,Windows NT 4.0 Workstation,MOJ_MASTER
WSQ95669,,Windows NT 4.0 Workstation,OMPERTH
WSQ95672,,Windows NT 4.0 Workstation,OMPERTH
WSQ95753,,Windows NT 4.0 Workstation,MOJ_MASTER
WSQ95769,,Windows NT 4.0 Workstation,MOJ_MASTER
WSQ95774,,Windows NT 4.0 Workstation,OMPERTH
WSQ95842,,Windows NT 4.0 Workstation,MOJ_MASTER
WSQ95870,,Windows NT 4.0 Workstation,OMPERTH
WSQ95873,,Windows NT 4.0 Workstation,OMPERTH
WSQ96257,,Windows NT 4.0 Workstation,MOJ_MASTER
WSQ97087,,Windows NT 4.0 Workstation,MOJ_MASTER
WSQ97206,,Windows NT 4.0 Workstation,MOJ_MASTER
WSQ97258,,Windows NT 4.0 Workstation,MOJ_MASTER
WSQ97259,,Windows NT 4.0 Workstation,CORP_SERVICES
WSQ97265,,Windows NT 4.0 Workstation,MOJ_MASTER
WSQ97266,,Windows NT 4.0 Workstation,MOJ_MASTER
WSQ97332,,Windows NT 4.0 Workstation,MOJ_MASTER
WSQ98172,,Windows NT 4.0 Workstation,OMPERTH
WSQ98183,,Windows NT 4.0 Workstation,OMPERTH
WSQ98366,,Windows NT 4.0 Workstation,OMPERTH
WSQ98372,,Windows NT 4.0 Workstation,OMPERTH
WSQ98373,,Windows NT 4.0 Workstation,OMPERTH
WSQ98375,,Windows NT 4.0 Workstation,OMPERTH
WSQ98376,,Windows NT 4.0 Workstation,OMPERTH
WSQ98378,,Windows NT 4.0 Workstation,CORP_SERVICES
WSQ98385,,Windows NT 4.0 Workstation,OMPERTH
WSQ98386,,Windows NT 4.0 Workstation,OMPERTH
WSQ98391,,Windows NT 4.0 Workstation,OMPERTH
WSQ98393,,Windows NT 4.0 Workstation,OMPERTH
WSQ98550,,Windows NT 4.0 Workstation,CORP_SERVICES
WSQ98727,,Windows NT 4.0 Workstation,MOJ_MASTER
WSQ98757,,Windows NT 4.0 Workstation,MOJ_MASTER
WSQ98824,,Windows NT 4.0 Workstation,MOJ_MASTER
WSQ99193,,Windows NT 4.0 Workstation,MOJ_MASTER
WSQ99226,,Windows NT 4.0 Workstation,MOJ_MASTER
WSQ99386,,Windows NT 4.0 Workstation,MOJ_MASTER
WSQ99387,,Windows NT 4.0 Workstation,MOJ_MASTER
WSQA019109,,Windows NT 4.0 Workstation,MOJ_MASTER
MOJ141SRV003,,Windows NT 5.0 Server,MOJ_MASTER
MOJ141DEV001,,Windows NT 5.0 Terminal Server,MOJ_MASTER
MOJ141DEV02,,Windows NT 5.0 Terminal Server,MOJ_MASTER
MOJ141JIMSDEV,,Windows NT 5.0 Terminal Server,MOJ_MASTER
MOJ141MAN01,,Windows NT 5.0 Terminal Server,MOJ_MASTER
MOJ141SRV002,,Windows NT 5.0 Terminal Server,MOJ_MASTER
MOJ141WDV01,,Windows NT 5.0 Terminal Server,MOJ_MASTER
MOJ141WEB01,,Windows NT 5.0 Terminal Server,MOJ_MASTER
MOJCLCAPP01,,Windows NT 5.0 Terminal Server,MOJ_MASTER
MOJCORP18,,Windows NT 5.0 Terminal Server,MOJ_MASTER
MOJCORPDEV,,Windows NT 5.0 Terminal Server,MOJ_MASTER
MOJCORPDISC,,Windows NT 5.0 Terminal Server,MOJ_MASTER
MOJCORPORA,,Windows NT 5.0 Terminal Server,MOJ_MASTER
WSQWHOUSE,,Windows NT 5.0 Terminal Server,MOJ_MASTER
101821-ISD,,Windows NT 5.0 Workstation,CORP_SERVICES
102410-CSC,,Windows NT 5.0 Workstation,MOJ_MASTER
A029504,,Windows NT 5.0 Workstation,MOJ_MASTER
A029559,,Windows NT 5.0 Workstation,MOJ_MASTER
AAB08270-CSC,,Windows NT 5.0 Workstation,MOJ_MASTER
BROADY,,Windows NT 5.0 Workstation,CORP_SERVICES
CSC-AAB08271,,Windows NT 5.0 Workstation,MOJ_MASTER
CSC-AAB44026,,Windows NT 5.0 Workstation,MOJ_MASTER
CSCAAB08268,,Windows NT 5.0 Workstation,MOJ_MASTER
GASSELSP-CSC,,Windows NT 5.0 Workstation,MOJ_MASTER
IMGSCAN2-REC,,Windows NT 5.0 Workstation,CORP_SERVICES
LUPOG,,Windows NT 5.0 Workstation,MOJ_MASTER
SCINTOP,,Windows NT 5.0 Workstation,MOJ_MASTER
WSQ100320,,Windows NT 5.0 Workstation,OMPERTH
WSQ101613,,Windows NT 5.0 Workstation,MOJ_MASTER
WSQ101629,,Windows NT 5.0 Workstation,MOJ_MASTER
WSQ101912,,Windows NT 5.0 Workstation,MOJ_MASTER
WSQ102159,,Windows NT 5.0 Workstation,MOJ_MASTER
WSQ102298,,Windows NT 5.0 Workstation,MOJ_MASTER
WSQ102299,,Windows NT 5.0 Workstation,MOJ_MASTER
WSQ102386,,Windows NT 5.0 Workstation,MOJ_MASTER
WSQ103105,,Windows NT 5.0 Workstation,CORP_SERVICES
WSQ103155,,Windows NT 5.0 Workstation,OMPERTH
WSQ103430,,Windows NT 5.0 Workstation,CORP_SERVICES
WSQ103431,,Windows NT 5.0 Workstation,CORP_SERVICES
WSQ103432,,Windows NT 5.0 Workstation,MOJ_MASTER
WSQ105121,,Windows NT 5.0 Workstation,MOJ_MASTER
WSQ105139,,Windows NT 5.0 Workstation,MOJ_MASTER
AEQUITAS,,Windows NT BDC,LOCAL_COURT
BANKSIA,,Windows NT BDC,JJD
BROC98201,,Windows NT BDC,OMNORTH
CCS_ADMIN,,Windows NT BDC,MOJ_MASTER
CLC_WTSRV,,Windows NT BDC,JJD
CORPSERV1,,Windows NT BDC,CORP_SERVICES
CWS95506,,Windows NT BDC,MOJ_MASTER
DORPHIN,,Windows NT BDC,MOJ_MASTER
DR_SRV1,,Windows NT BDC,JUSTICE
DR_SRV1,,Windows NT BDC,CORP_SERVICES
DR_SRV2,,Windows NT BDC,CORP_SERVICES
DR_SRV3,,Windows NT BDC,CORP_SERVICES
DRSRV,,Windows NT BDC,JUSTICE
DRSRVEXC,,Windows NT BDC,MOJ_MASTER
DWHNTTEST,,Windows NT BDC,CORP_SERVICES
EXCH_BACK,,Windows NT BDC,JUSTICE
FREO95623,,Windows NT BDC,LOCAL_COURT
FRET98253,,Windows NT BDC,MOJ_MASTER
GERC98200,,Windows NT BDC,OMNORTH
HALC95875,,Windows NT BDC,MOJ_MASTER
HRSRV2,,Windows NT BDC,CORP_SERVICES
IMBNET,,Windows NT BDC,JUSTICE
JJDADMIN1,,Windows NT BDC,MOJ_MASTER
LAGOS,,Windows NT BDC,CORP_SERVICES
MADC98325,,Windows NT BDC,MOJ_MASTER
MIDT98331,,Windows NT BDC,MOJ_MASTER
MOJBJCSRV01,,Windows NT BDC,MOJ_MASTER
MOJCACSRV01,,Windows NT BDC,MOJ_MASTER
MOJCLCNOT02,,Windows NT BDC,MOJ_MASTER
MOJSOE,,Windows NT BDC,CORP_SERVICES
NETVLPSOE,,Windows NT BDC,OMSOUTH
NORC98313,,Windows NT BDC,MOJ_MASTER
NOTESTEST,,Windows NT BDC,CORP_SERVICES
PERT98348,,Windows NT BDC,MOJ_MASTER
RECORDSRV,,Windows NT BDC,JUSTICE
SECURSRV,,Windows NT BDC,JUSTICE
SOESRV002,,Windows NT BDC,MOJ_MASTER
TESTSRV,,Windows NT BDC,JUSTICE
TESTSRV2,,Windows NT BDC,JUSTICE
THOT98350,,Windows NT BDC,MOJ_MASTER
TITANIC,,Windows NT BDC,CORP_SERVICES
VMUC98317,,Windows NT BDC,MOJ_MASTER
VSSADMIN,,Windows NT BDC,MOJ_MASTER
WANT98349,,Windows NT BDC,MOJ_MASTER
WINFRAME1,,Windows NT BDC,JJD
WSQ101235,,Windows NT BDC,CORP_SERVICES
WSQ95623,,Windows NT BDC,LOCAL_COURT
WSQWHOUSE,,Windows NT BDC,CORP_SERVICES