01B POSY     BARNES, DAMIEN  left at 16/08/98 17:02:36
01C LCDR     ENGLISH, STEPHEN  left at 16/08/98 17:02:36
01D LCDR     BASLEY, STEPHEN  left at 16/08/98 17:02:36
01E LCDR     GRUNSELL, ADAM  left at 16/08/98 17:02:36
01F LSMED    HORSBURGH, KAREN  left at 16/08/98 17:02:36
02A LCDR     VANDYKE, JOHN  left at 16/08/98 17:02:36
02B LSSIG    MARSHALL, LEONARD  left at 16/08/98 17:02:36
02C LEUT     GRIFFITHS, DARRYL  left at 16/08/98 17:02:36
02D LEUT     CHARLES, MARTIN  left at 16/08/98 17:02:36
02E LEUT     ROBSON, KELLIE  left at 16/08/98 17:02:36
03A LEUT     GODDARD, LEE  left at 16/08/98 17:02:36
03B LSSIG    OWEN, CRAIG  left at 16/08/98 17:02:36
03C LEUT     WICKHAM, BRETT  left at 16/08/98 17:02:36
03D LEUT     DAMM, WAYNE  left at 16/08/98 17:02:36
03E POSN     SYMONS, KENNETH  left at 16/08/98 17:02:36
04A LCDR     MEAD, JONATHON  left at 16/08/98 17:02:36
04B ABSIG    GERDTZ, PAUL  left at 16/08/98 17:02:36
04C CPOMT    SCHNEIDEREIT, RALPH  left at 16/08/98 17:02:36
04D CPOET    HALL, ADAM  left at 16/08/98 17:02:36
04E LSSN     PHILLIPS, PAUL  left at 16/08/98 17:02:36
05A LEUT     JONES, JUSTIN  left at 16/08/98 17:02:36
05B SMNSIG   MUIR, MARK  left at 16/08/98 17:02:36
05C POMT     BRADEN, NICHOLAS  left at 16/08/98 17:02:36
05D POET     LLOYD, ROBERT  left at 16/08/98 17:02:36
05E ABSN     POLLOCK, MICHAEL  left at 16/08/98 17:02:36
06A SBLT     JONES, TRAVIS  left at 16/08/98 17:02:36
06B ABSIG    PARKER, ARRON  left at 16/08/98 17:02:36
06C LSMT     KARAM, JONATHON  left at 16/08/98 17:02:36
06D LSET     NORRIS, DAMEON  left at 16/08/98 17:02:36
06E ABSN     HENSCHKE, PATRICIA  left at 16/08/98 17:02:36
07A LEUT     O'GRADY, PAUL  left at 16/08/98 17:02:36
07B ABSIG    FISHER, KIM  left at 16/08/98 17:02:36
07C ABMT     WALSH, MATTHEW  left at 16/08/98 17:02:36
07D ABET     HANNEMANN, TONY  left at 16/08/98 17:02:36
07E LSSN     BARTON-ANCLIFFE, KATHERINE  left at 16/08/98 17:02:36
08B PORS     DUMMETT, STEPHEN  left at 16/08/98 17:02:36
08C ABMT     BRIGGS, ANDREW  left at 16/08/98 17:02:36
08D CPOET    WALKER, JOHN  left at 16/08/98 17:02:36
08E ABSN     KING, ANTHONY  left at 16/08/98 17:02:36
09A SBLT     BAIRD, PETER  left at 16/08/98 17:02:36
09B LSRO     FAWCETT, DONALD  left at 16/08/98 17:02:36
09C POMT     PARRY, CAMERON  left at 16/08/98 17:02:36
09D POET     GROSE, CHRISTOPHER  left at 16/08/98 17:02:36
09E CPOCK    HARNETT, GARY  left at 16/08/98 17:02:36
10A SBLT     ROSSER, NARELLE  left at 16/08/98 17:02:36
10B LSRO     ELLIOTT, KENNETH  left at 16/08/98 17:02:36
10C LSMT     OLIVER, JOHN  left at 16/08/98 17:02:36
10D POET     THOMASON, DAVID  left at 16/08/98 17:02:36
10E LSCK     CHEYNE, SANDRA  left at 16/08/98 17:02:36
11B ABRO     EGAN, WARREN  left at 16/08/98 17:02:36
11C ABMT     SALAMON, FRANK  left at 16/08/98 17:02:36
11D LSET     ROBINSON, DAVID  left at 16/08/98 17:02:36
11E LSCK     CUTLER, GRAEME  left at 16/08/98 17:02:36
12C ABMT     YORK, BENJAMIN  left at 16/08/98 17:02:36
12D LSET     SMITH, DANIEL  left at 16/08/98 17:02:36
13B ABRO     HINDER, CHRISTOPHER  left at 16/08/98 17:02:36
13C LSMT     RAJECKI, PAUL  left at 16/08/98 17:02:36
13D LSET     SHELTON, KENNETH  left at 16/08/98 17:02:36
13E ABCK     KELLEHER, ANTHONY  left at 16/08/98 17:02:36
14A CPONPC   LENNOX, DAVID  left at 16/08/98 17:02:36
14B ABRO     TELFORD, DIANNE  left at 16/08/98 17:02:36
14C LSMT     WINN, SCOTT  left at 16/08/98 17:02:36
14D ABET     STONE, ADRIAN  left at 16/08/98 17:02:36
14E ABCK     GERLACH, TIMITHY  left at 16/08/98 17:02:36
15A LSNPC    CHAPMAN, MARY  left at 16/08/98 17:02:36
15B ABEWL    ELLIOTT, PAUL  left at 16/08/98 17:02:36
15C POMT     COCKERILL, EWEN  left at 16/08/98 17:02:36
15D ABET     GOODALL, DAVID  left at 16/08/98 17:02:36
15E ABCK     MCCULLOCH, ANDREW  left at 16/08/98 17:02:36
16A LSCD     GRAVES, MICHAEL  left at 16/08/98 17:02:36
16B ABEWT    MAXWELL, KENT  left at 16/08/98 17:02:36
16C ABMT     HARTLEY, LEON  left at 16/08/98 17:02:36
16D ABET     WIGHT, JACQUELINE  left at 16/08/98 17:02:36
16E POWTR    POLLARD, STEWART  left at 16/08/98 17:02:36
17A LSPT     DUNCAN, JASON  left at 16/08/98 17:02:36
17C CPOMT    DAVIES, ADRIAN  left at 16/08/98 17:02:36
17D ABET     KELEY, DARREN  left at 16/08/98 17:02:36
17E LSWTR    SCRASE, JANELLE  left at 16/08/98 17:02:36
18A LSBM(SE) STUART, CHRISTOPHER  left at 16/08/98 17:02:36
18C POMT     HORNE, NIGEL  left at 16/08/98 17:02:36
18D ABET     BRENNAN, MICHAEL  left at 16/08/98 17:02:36
18E ABWTR    PURCELL, MALCOLM  left at 16/08/98 17:02:36
19A CPOB     TRAVIS, DENE  left at 16/08/98 17:02:36
19C LSMT     CAINES, BRETT  left at 16/08/98 17:02:36
19D POET     SCHARF, ANTHONY  left at 16/08/98 17:02:36
19E POSTD    TRENT, ALAN  left at 16/08/98 17:02:36
20A POB      CARR, RITSON  left at 16/08/98 17:02:36
20C ABMT     MOORE, SHANE  left at 16/08/98 17:02:36
20D LSET     BAYLISS, ANDREW  left at 16/08/98 17:02:36
20E LSSTD    WINSHIP, TIMOTHY  left at 16/08/98 17:02:36
21C ABMT     TURNHAM, MARK  left at 16/08/98 17:02:36
21E LSSTD    SPOONER, MARINA  left at 16/08/98 17:02:36
22A ABBM     SANTOS, ALFONSO  left at 16/08/98 17:02:36
22C LSMT     KREINDL, STEVEN  left at 16/08/98 17:02:36
22D ABET     FULLERTON, SEAN  left at 16/08/98 17:02:36
22D ABET     GRENFELL, SCOTT  left at 16/08/98 17:02:36
22E ABSTD    O'MALLEY, SANDRA  left at 16/08/98 17:02:36
23A SMNBM    FITZGERALD, DEAN  left at 16/08/98 17:02:36
23C POMT     SCHREUDERS, GREGORY  left at 16/08/98 17:02:36
23D ABET     O'SHEA, ANDREW  left at 16/08/98 17:02:36
23E ABSTD    ZANONI, MARK  left at 16/08/98 17:02:36
24A SMNBM    PIKKERT, MARCEL  left at 16/08/98 17:02:36
24C ABMT     HUMPHRIES, PAUL  left at 16/08/98 17:02:36
24D POET     JOHNSON, MICHAEL  left at 16/08/98 17:02:36
24E ABSTD    KING, MATTHEW  left at 16/08/98 17:02:36
25A ABBM     DORWARD, MARK  left at 16/08/98 17:02:36
25C POMT     SHEARING, GARRY  left at 16/08/98 17:02:36
25D LSET     ROULSTON, JASON  left at 16/08/98 17:02:36
26A ABBM     FOLEY, JOANNE  left at 16/08/98 17:02:36
26C ABMT     GAVIN, MICHAEL  left at 16/08/98 17:02:36
26D ABET     CRICK, DAMIEN  left at 16/08/98 17:02:36
27A ABBM     MANSER, GEOFFREY  left at 16/08/98 17:02:36
27C ABMT     RADZIEVIC, CHRISTOPHER  left at 16/08/98 17:02:36
27D SMNET    MITCHELL, KABLE  left at 16/08/98 17:02:36
28C ABMT     TROTTER, ANTHONY  left at 16/08/98 17:02:36
28D ABET     CLIFTON, KEVIN  left at 16/08/98 17:02:36
29A CPOCSM   HILL, STEPHEN  left at 16/08/98 17:02:36
29C ABMT     CLARK, SHANE  left at 16/08/98 17:02:36
30A POCSS    DANIELS, WAYNE  left at 16/08/98 17:02:36
30C ABMT     PATTERSON, STEPHEN  left at 16/08/98 17:02:36
31A POCSS    FERGUSON, ALLAN  left at 16/08/98 17:02:36
32A LSCSO    LAWRIE, GLENN  left at 16/08/98 17:02:36
32C SBLT     PHILLIPPS, ZACH  left at 16/08/98 17:02:36
33A LSCSO    HUCKSTADT, RODNEY  left at 16/08/98 17:02:36
34A LSCSO    CAMPBELL, BRUCE  left at 16/08/98 17:02:36
35A LSCSO    JOLEJOLE, SHANE  left at 16/08/98 17:02:36
36A LSCSO    KEMP, ADAM  left at 16/08/98 17:02:36
37A LSCSO    SKEWES, NATHAN  left at 16/08/98 17:02:36
38A LSCSO    NEGUS, OWEN  left at 16/08/98 17:02:36
39A LSCSO    PENGILLY, WAYNE  left at 16/08/98 17:02:36
40A ABCSO    HARRISON, BRIAN  left at 16/08/98 17:02:36
41A ABCSO    BARGERBOS, NATHAN  left at 16/08/98 17:02:36
42A ABCSO    FITZSIMONS, MARK  left at 16/08/98 17:02:36
43A ABCSO    YOUNG, NEIL  left at 16/08/98 17:02:36
44A ABCSO    DAVIS, NATHAN  left at 16/08/98 17:02:36
45A SMNCSO   GREENE, PAUL  left at 16/08/98 17:02:36
46A ABCSO    HARRIS, SHELLEY  left at 16/08/98 17:02:36
47A SMNCSO   VANDERTUUK, YOLANDA  left at 16/08/98 17:02:36
48A SMNCSO   PRICE, MARTIN  left at 16/08/98 17:02:36
49A ABCSO    CLOUGH, ANTHONY  left at 16/08/98 17:02:36
50A SMNCSO   LAWS, PAUL  left at 16/08/98 17:02:36
51A ABCSO    McGUINNESS, JADE  left at 16/08/98 17:02:36
52A SMNCSO   CUSACK, ROWAN  left at 16/08/98 17:02:36
01A CMDR     YORKE, GREGORY  came onboard at 16/08/98 17:02:40
01B POSY     BARNES, DAMIEN  came onboard at 16/08/98 17:02:40
01C LCDR     ENGLISH, STEPHEN  came onboard at 16/08/98 17:02:40
01D LCDR     BASLEY, STEPHEN  came onboard at 16/08/98 17:02:40
01E LCDR     GRUNSELL, ADAM  came onboard at 16/08/98 17:02:40
01F LSMED    HORSBURGH, KAREN  came onboard at 16/08/98 17:02:40
02A LCDR     VANDYKE, JOHN  came onboard at 16/08/98 17:02:40
02B LSSIG    MARSHALL, LEONARD  came onboard at 16/08/98 17:02:40
02C LEUT     GRIFFITHS, DARRYL  came onboard at 16/08/98 17:02:40
02D LEUT     CHARLES, MARTIN  came onboard at 16/08/98 17:02:40
02E LEUT     ROBSON, KELLIE  came onboard at 16/08/98 17:02:40
03A LEUT     GODDARD, LEE  came onboard at 16/08/98 17:02:40
03B LSSIG    OWEN, CRAIG  came onboard at 16/08/98 17:02:40
03C LEUT     WICKHAM, BRETT  came onboard at 16/08/98 17:02:40
03D LEUT     DAMM, WAYNE  came onboard at 16/08/98 17:02:40
03E POSN     SYMONS, KENNETH  came onboard at 16/08/98 17:02:40
04A LCDR     MEAD, JONATHON  came onboard at 16/08/98 17:02:40
04B ABSIG    GERDTZ, PAUL  came onboard at 16/08/98 17:02:40
21A LSBM     FLEMING, BARRY  came onboard at 16/08/98 17:02:40
02C LEUT     GRIFFITHS, DARRYL  left at 16/08/98 17:02:42
02D LEUT     CHARLES, MARTIN  left at 16/08/98 17:02:42
02E LEUT     ROBSON, KELLIE  left at 16/08/98 17:02:42
03A LEUT     GODDARD, LEE  left at 16/08/98 17:02:42
03B LSSIG    OWEN, CRAIG  left at 16/08/98 17:02:42
04C CPOMT    SCHNEIDEREIT, RALPH  left at 16/08/98 17:02:42
04D CPOET    HALL, ADAM  left at 16/08/98 17:02:42
04E LSSN     PHILLIPS, PAUL  left at 16/08/98 17:02:42
05A LEUT     JONES, JUSTIN  left at 16/08/98 17:02:42
05B SMNSIG   MUIR, MARK  left at 16/08/98 17:02:42
05C POMT     BRADEN, NICHOLAS  left at 16/08/98 17:02:42
05D POET     LLOYD, ROBERT  left at 16/08/98 17:02:42
05E ABSN     POLLOCK, MICHAEL  left at 16/08/98 17:02:42
06A SBLT     JONES, TRAVIS  left at 16/08/98 17:02:42
06B ABSIG    PARKER, ARRON  left at 16/08/98 17:02:42
06C LSMT     KARAM, JONATHON  left at 16/08/98 17:02:42
06D LSET     NORRIS, DAMEON  left at 16/08/98 17:02:42
06E ABSN     HENSCHKE, PATRICIA  left at 16/08/98 17:02:42
07A LEUT     O'GRADY, PAUL  left at 16/08/98 17:02:42
07B ABSIG    FISHER, KIM  left at 16/08/98 17:02:42
07C ABMT     WALSH, MATTHEW  left at 16/08/98 17:02:42
07D ABET     HANNEMANN, TONY  left at 16/08/98 17:02:42
07E LSSN     BARTON-ANCLIFFE, KATHERINE  left at 16/08/98 17:02:42
08B PORS     DUMMETT, STEPHEN  left at 16/08/98 17:02:42
08C ABMT     BRIGGS, ANDREW  left at 16/08/98 17:02:42
08D CPOET    WALKER, JOHN  left at 16/08/98 17:02:42
08E ABSN     KING, ANTHONY  left at 16/08/98 17:02:42
09A SBLT     BAIRD, PETER  left at 16/08/98 17:02:42
09B LSRO     FAWCETT, DONALD  left at 16/08/98 17:02:42
09C POMT     PARRY, CAMERON  left at 16/08/98 17:02:42
09D POET     GROSE, CHRISTOPHER  left at 16/08/98 17:02:42
09E CPOCK    HARNETT, GARY  left at 16/08/98 17:02:42
10A SBLT     ROSSER, NARELLE  left at 16/08/98 17:02:42
10B LSRO     ELLIOTT, KENNETH  left at 16/08/98 17:02:42
10C LSMT     OLIVER, JOHN  left at 16/08/98 17:02:42
10D POET     THOMASON, DAVID  left at 16/08/98 17:02:42
10E LSCK     CHEYNE, SANDRA  left at 16/08/98 17:02:42
11B ABRO     EGAN, WARREN  left at 16/08/98 17:02:42
11C ABMT     SALAMON, FRANK  left at 16/08/98 17:02:42
11D LSET     ROBINSON, DAVID  left at 16/08/98 17:02:42
11E LSCK     CUTLER, GRAEME  left at 16/08/98 17:02:42
12C ABMT     YORK, BENJAMIN  left at 16/08/98 17:02:42
12D LSET     SMITH, DANIEL  left at 16/08/98 17:02:42
13B ABRO     HINDER, CHRISTOPHER  left at 16/08/98 17:02:42
13C LSMT     RAJECKI, PAUL  left at 16/08/98 17:02:42
13D LSET     SHELTON, KENNETH  left at 16/08/98 17:02:42
13E ABCK     KELLEHER, ANTHONY  left at 16/08/98 17:02:42
14A CPONPC   LENNOX, DAVID  left at 16/08/98 17:02:42
14B ABRO     TELFORD, DIANNE  left at 16/08/98 17:02:42
14C LSMT     WINN, SCOTT  left at 16/08/98 17:02:42
14D ABET     STONE, ADRIAN  left at 16/08/98 17:02:42
14E ABCK     GERLACH, TIMITHY  left at 16/08/98 17:02:42
15A LSNPC    CHAPMAN, MARY  left at 16/08/98 17:02:42
15B ABEWL    ELLIOTT, PAUL  left at 16/08/98 17:02:42
15C POMT     COCKERILL, EWEN  left at 16/08/98 17:02:42
15D ABET     GOODALL, DAVID  left at 16/08/98 17:02:42
15E ABCK     MCCULLOCH, ANDREW  left at 16/08/98 17:02:42
16A LSCD     GRAVES, MICHAEL  left at 16/08/98 17:02:42
16B ABEWT    MAXWELL, KENT  left at 16/08/98 17:02:42
16C ABMT     HARTLEY, LEON  left at 16/08/98 17:02:42
16D ABET     WIGHT, JACQUELINE  left at 16/08/98 17:02:42
16E POWTR    POLLARD, STEWART  left at 16/08/98 17:02:42
17A LSPT     DUNCAN, JASON  left at 16/08/98 17:02:42
17C CPOMT    DAVIES, ADRIAN  left at 16/08/98 17:02:42
17D ABET     KELEY, DARREN  left at 16/08/98 17:02:42
17E LSWTR    SCRASE, JANELLE  left at 16/08/98 17:02:42
18A LSBM(SE) STUART, CHRISTOPHER  left at 16/08/98 17:02:42
18C POMT     HORNE, NIGEL  left at 16/08/98 17:02:42
18D ABET     BRENNAN, MICHAEL  left at 16/08/98 17:02:42
18E ABWTR    PURCELL, MALCOLM  left at 16/08/98 17:02:42
19A CPOB     TRAVIS, DENE  left at 16/08/98 17:02:42
19C LSMT     CAINES, BRETT  left at 16/08/98 17:02:42
19D POET     SCHARF, ANTHONY  left at 16/08/98 17:02:42
19E POSTD    TRENT, ALAN  left at 16/08/98 17:02:42
20A POB      CARR, RITSON  left at 16/08/98 17:02:42
20C ABMT     MOORE, SHANE  left at 16/08/98 17:02:42
20D LSET     BAYLISS, ANDREW  left at 16/08/98 17:02:42
20E LSSTD    WINSHIP, TIMOTHY  left at 16/08/98 17:02:42
21C ABMT     TURNHAM, MARK  left at 16/08/98 17:02:42
21E LSSTD    SPOONER, MARINA  left at 16/08/98 17:02:42
22A ABBM     SANTOS, ALFONSO  left at 16/08/98 17:02:42
22C LSMT     KREINDL, STEVEN  left at 16/08/98 17:02:42
22D ABET     FULLERTON, SEAN  left at 16/08/98 17:02:42
22D ABET     GRENFELL, SCOTT  left at 16/08/98 17:02:42
22E ABSTD    O'MALLEY, SANDRA  left at 16/08/98 17:02:42
23A SMNBM    FITZGERALD, DEAN  left at 16/08/98 17:02:42
23C POMT     SCHREUDERS, GREGORY  left at 16/08/98 17:02:42
23D ABET     O'SHEA, ANDREW  left at 16/08/98 17:02:42
23E ABSTD    ZANONI, MARK  left at 16/08/98 17:02:42
24A SMNBM    PIKKERT, MARCEL  left at 16/08/98 17:02:42
24C ABMT     HUMPHRIES, PAUL  left at 16/08/98 17:02:42
24D POET     JOHNSON, MICHAEL  left at 16/08/98 17:02:42
24E ABSTD    KING, MATTHEW  left at 16/08/98 17:02:42
25A ABBM     DORWARD, MARK  left at 16/08/98 17:02:42
25C POMT     SHEARING, GARRY  left at 16/08/98 17:02:42
25D LSET     ROULSTON, JASON  left at 16/08/98 17:02:42
26A ABBM     FOLEY, JOANNE  left at 16/08/98 17:02:42
26C ABMT     GAVIN, MICHAEL  left at 16/08/98 17:02:42
26D ABET     CRICK, DAMIEN  left at 16/08/98 17:02:42
27A ABBM     MANSER, GEOFFREY  left at 16/08/98 17:02:42
27C ABMT     RADZIEVIC, CHRISTOPHER  left at 16/08/98 17:02:42
27D SMNET    MITCHELL, KABLE  left at 16/08/98 17:02:42
28C ABMT     TROTTER, ANTHONY  left at 16/08/98 17:02:42
28D ABET     CLIFTON, KEVIN  left at 16/08/98 17:02:42
29A CPOCSM   HILL, STEPHEN  left at 16/08/98 17:02:42
29C ABMT     CLARK, SHANE  left at 16/08/98 17:02:42
30A POCSS    DANIELS, WAYNE  left at 16/08/98 17:02:42
30C ABMT     PATTERSON, STEPHEN  left at 16/08/98 17:02:42
31A POCSS    FERGUSON, ALLAN  left at 16/08/98 17:02:42
32A LSCSO    LAWRIE, GLENN  left at 16/08/98 17:02:42
32C SBLT     PHILLIPPS, ZACH  left at 16/08/98 17:02:42
33A LSCSO    HUCKSTADT, RODNEY  left at 16/08/98 17:02:42
34A LSCSO    CAMPBELL, BRUCE  left at 16/08/98 17:02:42
35A LSCSO    JOLEJOLE, SHANE  left at 16/08/98 17:02:42
36A LSCSO    KEMP, ADAM  left at 16/08/98 17:02:42
37A LSCSO    SKEWES, NATHAN  left at 16/08/98 17:02:42
38A LSCSO    NEGUS, OWEN  left at 16/08/98 17:02:42
39A LSCSO    PENGILLY, WAYNE  left at 16/08/98 17:02:42
40A ABCSO    HARRISON, BRIAN  left at 16/08/98 17:02:42
41A ABCSO    BARGERBOS, NATHAN  left at 16/08/98 17:02:42
42A ABCSO    FITZSIMONS, MARK  left at 16/08/98 17:02:42
43A ABCSO    YOUNG, NEIL  left at 16/08/98 17:02:42
44A ABCSO    DAVIS, NATHAN  left at 16/08/98 17:02:42
45A SMNCSO   GREENE, PAUL  left at 16/08/98 17:02:42
46A ABCSO    HARRIS, SHELLEY  left at 16/08/98 17:02:42
47A SMNCSO   VANDERTUUK, YOLANDA  left at 16/08/98 17:02:42
48A SMNCSO   PRICE, MARTIN  left at 16/08/98 17:02:42
49A ABCSO    CLOUGH, ANTHONY  left at 16/08/98 17:02:42
50A SMNCSO   LAWS, PAUL  left at 16/08/98 17:02:42
51A ABCSO    McGUINNESS, JADE  left at 16/08/98 17:02:42
52A SMNCSO   CUSACK, ROWAN  left at 16/08/98 17:02:42
01A CMDR     YORKE, GREGORY  came onboard at 16/08/98 17:02:44
01B POSY     BARNES, DAMIEN  came onboard at 16/08/98 17:02:44
01C LCDR     ENGLISH, STEPHEN  came onboard at 16/08/98 17:02:44
01D LCDR     BASLEY, STEPHEN  came onboard at 16/08/98 17:02:44
01E LCDR     GRUNSELL, ADAM  came onboard at 16/08/98 17:02:44
01F LSMED    HORSBURGH, KAREN  came onboard at 16/08/98 17:02:44
02A LCDR     VANDYKE, JOHN  came onboard at 16/08/98 17:02:44
02B LSSIG    MARSHALL, LEONARD  came onboard at 16/08/98 17:02:44
03C LEUT     WICKHAM, BRETT  came onboard at 16/08/98 17:02:44
03D LEUT     DAMM, WAYNE  came onboard at 16/08/98 17:02:44
03E POSN     SYMONS, KENNETH  came onboard at 16/08/98 17:02:44
04A LCDR     MEAD, JONATHON  came onboard at 16/08/98 17:02:44
04B ABSIG    GERDTZ, PAUL  came onboard at 16/08/98 17:02:44
05B SMNSIG   MUIR, MARK  came onboard at 16/08/98 17:02:44
05C POMT     BRADEN, NICHOLAS  came onboard at 16/08/98 17:02:44
05D POET     LLOYD, ROBERT  came onboard at 16/08/98 17:02:44
05E ABSN     POLLOCK, MICHAEL  came onboard at 16/08/98 17:02:44
06A SBLT     JONES, TRAVIS  came onboard at 16/08/98 17:02:44
06B ABSIG    PARKER, ARRON  came onboard at 16/08/98 17:02:44
06C LSMT     KARAM, JONATHON  came onboard at 16/08/98 17:02:44
21A LSBM     FLEMING, BARRY  came onboard at 16/08/98 17:02:44
02C LEUT     GRIFFITHS, DARRYL  left at 16/08/98 17:02:49
02D LEUT     CHARLES, MARTIN  left at 16/08/98 17:02:49
02E LEUT     ROBSON, KELLIE  left at 16/08/98 17:02:49
03A LEUT     GODDARD, LEE  left at 16/08/98 17:02:49
03B LSSIG    OWEN, CRAIG  left at 16/08/98 17:02:49
03E POSN     SYMONS, KENNETH  left at 16/08/98 17:02:49
04A LCDR     MEAD, JONATHON  left at 16/08/98 17:02:49
04B ABSIG    GERDTZ, PAUL  left at 16/08/98 17:02:49
04C CPOMT    SCHNEIDEREIT, RALPH  left at 16/08/98 17:02:49
04D CPOET    HALL, ADAM  left at 16/08/98 17:02:49
04E LSSN     PHILLIPS, PAUL  left at 16/08/98 17:02:49
05A LEUT     JONES, JUSTIN  left at 16/08/98 17:02:49
05B SMNSIG   MUIR, MARK  left at 16/08/98 17:02:49
05C POMT     BRADEN, NICHOLAS  left at 16/08/98 17:02:49
05D POET     LLOYD, ROBERT  left at 16/08/98 17:02:49
05E ABSN     POLLOCK, MICHAEL  left at 16/08/98 17:02:49
06A SBLT     JONES, TRAVIS  left at 16/08/98 17:02:49
06B ABSIG    PARKER, ARRON  left at 16/08/98 17:02:49
06C LSMT     KARAM, JONATHON  left at 16/08/98 17:02:49
06D LSET     NORRIS, DAMEON  left at 16/08/98 17:02:49
06E ABSN     HENSCHKE, PATRICIA  left at 16/08/98 17:02:49
07A LEUT     O'GRADY, PAUL  left at 16/08/98 17:02:49
07B ABSIG    FISHER, KIM  left at 16/08/98 17:02:49
07C ABMT     WALSH, MATTHEW  left at 16/08/98 17:02:49
07D ABET     HANNEMANN, TONY  left at 16/08/98 17:02:49
07E LSSN     BARTON-ANCLIFFE, KATHERINE  left at 16/08/98 17:02:49
08B PORS     DUMMETT, STEPHEN  left at 16/08/98 17:02:49
08C ABMT     BRIGGS, ANDREW  left at 16/08/98 17:02:49
08D CPOET    WALKER, JOHN  left at 16/08/98 17:02:49
08E ABSN     KING, ANTHONY  left at 16/08/98 17:02:49
09A SBLT     BAIRD, PETER  left at 16/08/98 17:02:49
09B LSRO     FAWCETT, DONALD  left at 16/08/98 17:02:49
09C POMT     PARRY, CAMERON  left at 16/08/98 17:02:49
09D POET     GROSE, CHRISTOPHER  left at 16/08/98 17:02:49
09E CPOCK    HARNETT, GARY  left at 16/08/98 17:02:49
10A SBLT     ROSSER, NARELLE  left at 16/08/98 17:02:49
10B LSRO     ELLIOTT, KENNETH  left at 16/08/98 17:02:49
10C LSMT     OLIVER, JOHN  left at 16/08/98 17:02:49
10D POET     THOMASON, DAVID  left at 16/08/98 17:02:49
10E LSCK     CHEYNE, SANDRA  left at 16/08/98 17:02:49
11B ABRO     EGAN, WARREN  left at 16/08/98 17:02:49
11C ABMT     SALAMON, FRANK  left at 16/08/98 17:02:49
11D LSET     ROBINSON, DAVID  left at 16/08/98 17:02:49
11E LSCK     CUTLER, GRAEME  left at 16/08/98 17:02:49
12C ABMT     YORK, BENJAMIN  left at 16/08/98 17:02:49
12D LSET     SMITH, DANIEL  left at 16/08/98 17:02:49
13B ABRO     HINDER, CHRISTOPHER  left at 16/08/98 17:02:49
13C LSMT     RAJECKI, PAUL  left at 16/08/98 17:02:49
13D LSET     SHELTON, KENNETH  left at 16/08/98 17:02:49
13E ABCK     KELLEHER, ANTHONY  left at 16/08/98 17:02:49
14A CPONPC   LENNOX, DAVID  left at 16/08/98 17:02:49
14B ABRO     TELFORD, DIANNE  left at 16/08/98 17:02:49
14C LSMT     WINN, SCOTT  left at 16/08/98 17:02:49
14D ABET     STONE, ADRIAN  left at 16/08/98 17:02:49
14E ABCK     GERLACH, TIMITHY  left at 16/08/98 17:02:49
15A LSNPC    CHAPMAN, MARY  left at 16/08/98 17:02:49
15B ABEWL    ELLIOTT, PAUL  left at 16/08/98 17:02:49
15C POMT     COCKERILL, EWEN  left at 16/08/98 17:02:49
15D ABET     GOODALL, DAVID  left at 16/08/98 17:02:49
15E ABCK     MCCULLOCH, ANDREW  left at 16/08/98 17:02:49
16A LSCD     GRAVES, MICHAEL  left at 16/08/98 17:02:49
16B ABEWT    MAXWELL, KENT  left at 16/08/98 17:02:49
16C ABMT     HARTLEY, LEON  left at 16/08/98 17:02:49
16D ABET     WIGHT, JACQUELINE  left at 16/08/98 17:02:49
16E POWTR    POLLARD, STEWART  left at 16/08/98 17:02:49
17A LSPT     DUNCAN, JASON  left at 16/08/98 17:02:49
17C CPOMT    DAVIES, ADRIAN  left at 16/08/98 17:02:49
17D ABET     KELEY, DARREN  left at 16/08/98 17:02:49
17E LSWTR    SCRASE, JANELLE  left at 16/08/98 17:02:49
18A LSBM(SE) STUART, CHRISTOPHER  left at 16/08/98 17:02:49
18C POMT     HORNE, NIGEL  left at 16/08/98 17:02:49
18D ABET     BRENNAN, MICHAEL  left at 16/08/98 17:02:49
18E ABWTR    PURCELL, MALCOLM  left at 16/08/98 17:02:49
19A CPOB     TRAVIS, DENE  left at 16/08/98 17:02:49
19C LSMT     CAINES, BRETT  left at 16/08/98 17:02:49
19D POET     SCHARF, ANTHONY  left at 16/08/98 17:02:49
19E POSTD    TRENT, ALAN  left at 16/08/98 17:02:49
20A POB      CARR, RITSON  left at 16/08/98 17:02:49
20C ABMT     MOORE, SHANE  left at 16/08/98 17:02:49
20D LSET     BAYLISS, ANDREW  left at 16/08/98 17:02:49
20E LSSTD    WINSHIP, TIMOTHY  left at 16/08/98 17:02:49
21A LSBM     FLEMING, BARRY  left at 16/08/98 17:02:49
21C ABMT     TURNHAM, MARK  left at 16/08/98 17:02:49
21E LSSTD    SPOONER, MARINA  left at 16/08/98 17:02:49
22A ABBM     SANTOS, ALFONSO  left at 16/08/98 17:02:49
22C LSMT     KREINDL, STEVEN  left at 16/08/98 17:02:49
22D ABET     FULLERTON, SEAN  left at 16/08/98 17:02:49
22D ABET     GRENFELL, SCOTT  left at 16/08/98 17:02:49
22E ABSTD    O'MALLEY, SANDRA  left at 16/08/98 17:02:49
23A SMNBM    FITZGERALD, DEAN  left at 16/08/98 17:02:49
23C POMT     SCHREUDERS, GREGORY  left at 16/08/98 17:02:49
23D ABET     O'SHEA, ANDREW  left at 16/08/98 17:02:49
23E ABSTD    ZANONI, MARK  left at 16/08/98 17:02:49
24A SMNBM    PIKKERT, MARCEL  left at 16/08/98 17:02:49
24C ABMT     HUMPHRIES, PAUL  left at 16/08/98 17:02:49
24D POET     JOHNSON, MICHAEL  left at 16/08/98 17:02:49
24E ABSTD    KING, MATTHEW  left at 16/08/98 17:02:49
25A ABBM     DORWARD, MARK  left at 16/08/98 17:02:49
25C POMT     SHEARING, GARRY  left at 16/08/98 17:02:49
25D LSET     ROULSTON, JASON  left at 16/08/98 17:02:49
26A ABBM     FOLEY, JOANNE  left at 16/08/98 17:02:49
26C ABMT     GAVIN, MICHAEL  left at 16/08/98 17:02:49
26D ABET     CRICK, DAMIEN  left at 16/08/98 17:02:49
27A ABBM     MANSER, GEOFFREY  left at 16/08/98 17:02:49
27C ABMT     RADZIEVIC, CHRISTOPHER  left at 16/08/98 17:02:49
27D SMNET    MITCHELL, KABLE  left at 16/08/98 17:02:49
28C ABMT     TROTTER, ANTHONY  left at 16/08/98 17:02:49
28D ABET     CLIFTON, KEVIN  left at 16/08/98 17:02:49
29A CPOCSM   HILL, STEPHEN  left at 16/08/98 17:02:49
29C ABMT     CLARK, SHANE  left at 16/08/98 17:02:49
30A POCSS    DANIELS, WAYNE  left at 16/08/98 17:02:49
30C ABMT     PATTERSON, STEPHEN  left at 16/08/98 17:02:49
31A POCSS    FERGUSON, ALLAN  left at 16/08/98 17:02:49
32A LSCSO    LAWRIE, GLENN  left at 16/08/98 17:02:49
32C SBLT     PHILLIPPS, ZACH  left at 16/08/98 17:02:49
33A LSCSO    HUCKSTADT, RODNEY  left at 16/08/98 17:02:49
34A LSCSO    CAMPBELL, BRUCE  left at 16/08/98 17:02:49
35A LSCSO    JOLEJOLE, SHANE  left at 16/08/98 17:02:49
36A LSCSO    KEMP, ADAM  left at 16/08/98 17:02:49
37A LSCSO    SKEWES, NATHAN  left at 16/08/98 17:02:49
38A LSCSO    NEGUS, OWEN  left at 16/08/98 17:02:49
39A LSCSO    PENGILLY, WAYNE  left at 16/08/98 17:02:49
40A ABCSO    HARRISON, BRIAN  left at 16/08/98 17:02:49
41A ABCSO    BARGERBOS, NATHAN  left at 16/08/98 17:02:49
42A ABCSO    FITZSIMONS, MARK  left at 16/08/98 17:02:49
43A ABCSO    YOUNG, NEIL  left at 16/08/98 17:02:49
44A ABCSO    DAVIS, NATHAN  left at 16/08/98 17:02:49
45A SMNCSO   GREENE, PAUL  left at 16/08/98 17:02:49
46A ABCSO    HARRIS, SHELLEY  left at 16/08/98 17:02:49
47A SMNCSO   VANDERTUUK, YOLANDA  left at 16/08/98 17:02:49
48A SMNCSO   PRICE, MARTIN  left at 16/08/98 17:02:49
49A ABCSO    CLOUGH, ANTHONY  left at 16/08/98 17:02:49
50A SMNCSO   LAWS, PAUL  left at 16/08/98 17:02:49
51A ABCSO    McGUINNESS, JADE  left at 16/08/98 17:02:49
52A SMNCSO   CUSACK, ROWAN  left at 16/08/98 17:02:49
02C LEUT     GRIFFITHS, DARRYL  left at 16/08/98 17:03:36
02D LEUT     CHARLES, MARTIN  left at 16/08/98 17:03:36
02E LEUT     ROBSON, KELLIE  left at 16/08/98 17:03:36
03A LEUT     GODDARD, LEE  left at 16/08/98 17:03:36
03B LSSIG    OWEN, CRAIG  left at 16/08/98 17:03:36
03E POSN     SYMONS, KENNETH  left at 16/08/98 17:03:36
09D POET     GROSE, CHRISTOPHER  left at 16/08/98 17:03:36
09E CPOCK    HARNETT, GARY  left at 16/08/98 17:03:36
10A SBLT     ROSSER, NARELLE  left at 16/08/98 17:03:36
10B LSRO     ELLIOTT, KENNETH  left at 16/08/98 17:03:36
10C LSMT     OLIVER, JOHN  left at 16/08/98 17:03:36
10D POET     THOMASON, DAVID  left at 16/08/98 17:03:36
10E LSCK     CHEYNE, SANDRA  left at 16/08/98 17:03:36
11B ABRO     EGAN, WARREN  left at 16/08/98 17:03:36
11C ABMT     SALAMON, FRANK  left at 16/08/98 17:03:36
11D LSET     ROBINSON, DAVID  left at 16/08/98 17:03:36
11E LSCK     CUTLER, GRAEME  left at 16/08/98 17:03:36
12C ABMT     YORK, BENJAMIN  left at 16/08/98 17:03:36
12D LSET     SMITH, DANIEL  left at 16/08/98 17:03:36
13B ABRO     HINDER, CHRISTOPHER  left at 16/08/98 17:03:36
13C LSMT     RAJECKI, PAUL  left at 16/08/98 17:03:36
13D LSET     SHELTON, KENNETH  left at 16/08/98 17:03:36
13E ABCK     KELLEHER, ANTHONY  left at 16/08/98 17:03:36
14A CPONPC   LENNOX, DAVID  left at 16/08/98 17:03:36
14B ABRO     TELFORD, DIANNE  left at 16/08/98 17:03:36
14C LSMT     WINN, SCOTT  left at 16/08/98 17:03:36
14D ABET     STONE, ADRIAN  left at 16/08/98 17:03:36
14E ABCK     GERLACH, TIMITHY  left at 16/08/98 17:03:36
15A LSNPC    CHAPMAN, MARY  left at 16/08/98 17:03:36
15B ABEWL    ELLIOTT, PAUL  left at 16/08/98 17:03:36
15C POMT     COCKERILL, EWEN  left at 16/08/98 17:03:36
15D ABET     GOODALL, DAVID  left at 16/08/98 17:03:36
15E ABCK     MCCULLOCH, ANDREW  left at 16/08/98 17:03:36
16A LSCD     GRAVES, MICHAEL  left at 16/08/98 17:03:36
16B ABEWT    MAXWELL, KENT  left at 16/08/98 17:03:36
16C ABMT     HARTLEY, LEON  left at 16/08/98 17:03:36
16D ABET     WIGHT, JACQUELINE  left at 16/08/98 17:03:36
16E POWTR    POLLARD, STEWART  left at 16/08/98 17:03:36
17A LSPT     DUNCAN, JASON  left at 16/08/98 17:03:36
17C CPOMT    DAVIES, ADRIAN  left at 16/08/98 17:03:36
17D ABET     KELEY, DARREN  left at 16/08/98 17:03:36
17E LSWTR    SCRASE, JANELLE  left at 16/08/98 17:03:36
18A LSBM(SE) STUART, CHRISTOPHER  left at 16/08/98 17:03:36
18C POMT     HORNE, NIGEL  left at 16/08/98 17:03:36
18D ABET     BRENNAN, MICHAEL  left at 16/08/98 17:03:36
18E ABWTR    PURCELL, MALCOLM  left at 16/08/98 17:03:36
19A CPOB     TRAVIS, DENE  left at 16/08/98 17:03:36
19C LSMT     CAINES, BRETT  left at 16/08/98 17:03:36
19D POET     SCHARF, ANTHONY  left at 16/08/98 17:03:36
19E POSTD    TRENT, ALAN  left at 16/08/98 17:03:36
20A POB      CARR, RITSON  left at 16/08/98 17:03:36
20C ABMT     MOORE, SHANE  left at 16/08/98 17:03:36
20D LSET     BAYLISS, ANDREW  left at 16/08/98 17:03:36
20E LSSTD    WINSHIP, TIMOTHY  left at 16/08/98 17:03:36
21A LSBM     FLEMING, BARRY  left at 16/08/98 17:03:36
21C ABMT     TURNHAM, MARK  left at 16/08/98 17:03:36
21E LSSTD    SPOONER, MARINA  left at 16/08/98 17:03:36
22A ABBM     SANTOS, ALFONSO  left at 16/08/98 17:03:36
22C LSMT     KREINDL, STEVEN  left at 16/08/98 17:03:36
22D ABET     FULLERTON, SEAN  left at 16/08/98 17:03:36
22D ABET     GRENFELL, SCOTT  left at 16/08/98 17:03:36
22E ABSTD    O'MALLEY, SANDRA  left at 16/08/98 17:03:36
23A SMNBM    FITZGERALD, DEAN  left at 16/08/98 17:03:36
23C POMT     SCHREUDERS, GREGORY  left at 16/08/98 17:03:36
23D ABET     O'SHEA, ANDREW  left at 16/08/98 17:03:36
23E ABSTD    ZANONI, MARK  left at 16/08/98 17:03:36
24A SMNBM    PIKKERT, MARCEL  left at 16/08/98 17:03:36
24C ABMT     HUMPHRIES, PAUL  left at 16/08/98 17:03:36
24D POET     JOHNSON, MICHAEL  left at 16/08/98 17:03:36
24E ABSTD    KING, MATTHEW  left at 16/08/98 17:03:36
25A ABBM     DORWARD, MARK  left at 16/08/98 17:03:36
25C POMT     SHEARING, GARRY  left at 16/08/98 17:03:36
25D LSET     ROULSTON, JASON  left at 16/08/98 17:03:36
26A ABBM     FOLEY, JOANNE  left at 16/08/98 17:03:36
26C ABMT     GAVIN, MICHAEL  left at 16/08/98 17:03:36
26D ABET     CRICK, DAMIEN  left at 16/08/98 17:03:36
27A ABBM     MANSER, GEOFFREY  left at 16/08/98 17:03:36
27C ABMT     RADZIEVIC, CHRISTOPHER  left at 16/08/98 17:03:36
27D SMNET    MITCHELL, KABLE  left at 16/08/98 17:03:36
28C ABMT     TROTTER, ANTHONY  left at 16/08/98 17:03:36
28D ABET     CLIFTON, KEVIN  left at 16/08/98 17:03:36
29A CPOCSM   HILL, STEPHEN  left at 16/08/98 17:03:36
29C ABMT     CLARK, SHANE  left at 16/08/98 17:03:36
30A POCSS    DANIELS, WAYNE  left at 16/08/98 17:03:36
30C ABMT     PATTERSON, STEPHEN  left at 16/08/98 17:03:36
31A POCSS    FERGUSON, ALLAN  left at 16/08/98 17:03:36
32A LSCSO    LAWRIE, GLENN  left at 16/08/98 17:03:36
32C SBLT     PHILLIPPS, ZACH  left at 16/08/98 17:03:36
33A LSCSO    HUCKSTADT, RODNEY  left at 16/08/98 17:03:36
34A LSCSO    CAMPBELL, BRUCE  left at 16/08/98 17:03:36
35A LSCSO    JOLEJOLE, SHANE  left at 16/08/98 17:03:36
36A LSCSO    KEMP, ADAM  left at 16/08/98 17:03:36
37A LSCSO    SKEWES, NATHAN  left at 16/08/98 17:03:36
38A LSCSO    NEGUS, OWEN  left at 16/08/98 17:03:36
39A LSCSO    PENGILLY, WAYNE  left at 16/08/98 17:03:36
40A ABCSO    HARRISON, BRIAN  left at 16/08/98 17:03:36
41A ABCSO    BARGERBOS, NATHAN  left at 16/08/98 17:03:36
42A ABCSO    FITZSIMONS, MARK  left at 16/08/98 17:03:36
43A ABCSO    YOUNG, NEIL  left at 16/08/98 17:03:36
44A ABCSO    DAVIS, NATHAN  left at 16/08/98 17:03:36
45A SMNCSO   GREENE, PAUL  left at 16/08/98 17:03:36
46A ABCSO    HARRIS, SHELLEY  left at 16/08/98 17:03:36
47A SMNCSO   VANDERTUUK, YOLANDA  left at 16/08/98 17:03:36
48A SMNCSO   PRICE, MARTIN  left at 16/08/98 17:03:36
49A ABCSO    CLOUGH, ANTHONY  left at 16/08/98 17:03:36
50A SMNCSO   LAWS, PAUL  left at 16/08/98 17:03:36
51A ABCSO    McGUINNESS, JADE  left at 16/08/98 17:03:36
52A SMNCSO   CUSACK, ROWAN  left at 16/08/98 17:03:36
02C LEUT     GRIFFITHS, DARRYL  left at 16/08/98 17:03:40
02D LEUT     CHARLES, MARTIN  left at 16/08/98 17:03:40
02E LEUT     ROBSON, KELLIE  left at 16/08/98 17:03:40
03A LEUT     GODDARD, LEE  left at 16/08/98 17:03:40
03B LSSIG    OWEN, CRAIG  left at 16/08/98 17:03:40
03E POSN     SYMONS, KENNETH  left at 16/08/98 17:03:40
09D POET     GROSE, CHRISTOPHER  left at 16/08/98 17:03:40
09E CPOCK    HARNETT, GARY  left at 16/08/98 17:03:40
10A SBLT     ROSSER, NARELLE  left at 16/08/98 17:03:40
10B LSRO     ELLIOTT, KENNETH  left at 16/08/98 17:03:40
10C LSMT     OLIVER, JOHN  left at 16/08/98 17:03:40
10D POET     THOMASON, DAVID  left at 16/08/98 17:03:40
10E LSCK     CHEYNE, SANDRA  left at 16/08/98 17:03:40
11B ABRO     EGAN, WARREN  left at 16/08/98 17:03:40
11C ABMT     SALAMON, FRANK  left at 16/08/98 17:03:40
11D LSET     ROBINSON, DAVID  left at 16/08/98 17:03:40
11E LSCK     CUTLER, GRAEME  left at 16/08/98 17:03:40
12C ABMT     YORK, BENJAMIN  left at 16/08/98 17:03:40
12D LSET     SMITH, DANIEL  left at 16/08/98 17:03:40
13B ABRO     HINDER, CHRISTOPHER  left at 16/08/98 17:03:40
13C LSMT     RAJECKI, PAUL  left at 16/08/98 17:03:40
13D LSET     SHELTON, KENNETH  left at 16/08/98 17:03:40
13E ABCK     KELLEHER, ANTHONY  left at 16/08/98 17:03:40
14A CPONPC   LENNOX, DAVID  left at 16/08/98 17:03:40
14B ABRO     TELFORD, DIANNE  left at 16/08/98 17:03:40
14C LSMT     WINN, SCOTT  left at 16/08/98 17:03:40
14D ABET     STONE, ADRIAN  left at 16/08/98 17:03:40
14E ABCK     GERLACH, TIMITHY  left at 16/08/98 17:03:40
15A LSNPC    CHAPMAN, MARY  left at 16/08/98 17:03:40
15B ABEWL    ELLIOTT, PAUL  left at 16/08/98 17:03:40
15C POMT     COCKERILL, EWEN  left at 16/08/98 17:03:40
15D ABET     GOODALL, DAVID  left at 16/08/98 17:03:40
15E ABCK     MCCULLOCH, ANDREW  left at 16/08/98 17:03:40
16A LSCD     GRAVES, MICHAEL  left at 16/08/98 17:03:40
16B ABEWT    MAXWELL, KENT  left at 16/08/98 17:03:40
16C ABMT     HARTLEY, LEON  left at 16/08/98 17:03:40
16D ABET     WIGHT, JACQUELINE  left at 16/08/98 17:03:40
16E POWTR    POLLARD, STEWART  left at 16/08/98 17:03:40
17A LSPT     DUNCAN, JASON  left at 16/08/98 17:03:40
17C CPOMT    DAVIES, ADRIAN  left at 16/08/98 17:03:40
17D ABET     KELEY, DARREN  left at 16/08/98 17:03:40
17E LSWTR    SCRASE, JANELLE  left at 16/08/98 17:03:40
18A LSBM(SE) STUART, CHRISTOPHER  left at 16/08/98 17:03:40
18C POMT     HORNE, NIGEL  left at 16/08/98 17:03:40
18D ABET     BRENNAN, MICHAEL  left at 16/08/98 17:03:40
18E ABWTR    PURCELL, MALCOLM  left at 16/08/98 17:03:40
19A CPOB     TRAVIS, DENE  left at 16/08/98 17:03:40
19C LSMT     CAINES, BRETT  left at 16/08/98 17:03:40
19D POET     SCHARF, ANTHONY  left at 16/08/98 17:03:40
19E POSTD    TRENT, ALAN  left at 16/08/98 17:03:40
20A POB      CARR, RITSON  left at 16/08/98 17:03:40
20C ABMT     MOORE, SHANE  left at 16/08/98 17:03:40
20D LSET     BAYLISS, ANDREW  left at 16/08/98 17:03:40
20E LSSTD    WINSHIP, TIMOTHY  left at 16/08/98 17:03:40
21A LSBM     FLEMING, BARRY  left at 16/08/98 17:03:40
21C ABMT     TURNHAM, MARK  left at 16/08/98 17:03:40
21E LSSTD    SPOONER, MARINA  left at 16/08/98 17:03:40
22A ABBM     SANTOS, ALFONSO  left at 16/08/98 17:03:40
22C LSMT     KREINDL, STEVEN  left at 16/08/98 17:03:40
22D ABET     FULLERTON, SEAN  left at 16/08/98 17:03:40
22D ABET     GRENFELL, SCOTT  left at 16/08/98 17:03:40
22E ABSTD    O'MALLEY, SANDRA  left at 16/08/98 17:03:40
23A SMNBM    FITZGERALD, DEAN  left at 16/08/98 17:03:40
23C POMT     SCHREUDERS, GREGORY  left at 16/08/98 17:03:40
23D ABET     O'SHEA, ANDREW  left at 16/08/98 17:03:40
23E ABSTD    ZANONI, MARK  left at 16/08/98 17:03:40
24A SMNBM    PIKKERT, MARCEL  left at 16/08/98 17:03:40
24C ABMT     HUMPHRIES, PAUL  left at 16/08/98 17:03:40
24D POET     JOHNSON, MICHAEL  left at 16/08/98 17:03:40
24E ABSTD    KING, MATTHEW  left at 16/08/98 17:03:40
25A ABBM     DORWARD, MARK  left at 16/08/98 17:03:40
25C POMT     SHEARING, GARRY  left at 16/08/98 17:03:40
25D LSET     ROULSTON, JASON  left at 16/08/98 17:03:40
26A ABBM     FOLEY, JOANNE  left at 16/08/98 17:03:40
26C ABMT     GAVIN, MICHAEL  left at 16/08/98 17:03:40
26D ABET     CRICK, DAMIEN  left at 16/08/98 17:03:40
27A ABBM     MANSER, GEOFFREY  left at 16/08/98 17:03:40
27C ABMT     RADZIEVIC, CHRISTOPHER  left at 16/08/98 17:03:40
27D SMNET    MITCHELL, KABLE  left at 16/08/98 17:03:40
28C ABMT     TROTTER, ANTHONY  left at 16/08/98 17:03:40
28D ABET     CLIFTON, KEVIN  left at 16/08/98 17:03:40
29A CPOCSM   HILL, STEPHEN  left at 16/08/98 17:03:40
29C ABMT     CLARK, SHANE  left at 16/08/98 17:03:40
30A POCSS    DANIELS, WAYNE  left at 16/08/98 17:03:40
30C ABMT     PATTERSON, STEPHEN  left at 16/08/98 17:03:40
31A POCSS    FERGUSON, ALLAN  left at 16/08/98 17:03:40
32A LSCSO    LAWRIE, GLENN  left at 16/08/98 17:03:40
32C SBLT     PHILLIPPS, ZACH  left at 16/08/98 17:03:40
33A LSCSO    HUCKSTADT, RODNEY  left at 16/08/98 17:03:40
34A LSCSO    CAMPBELL, BRUCE  left at 16/08/98 17:03:40
35A LSCSO    JOLEJOLE, SHANE  left at 16/08/98 17:03:40
36A LSCSO    KEMP, ADAM  left at 16/08/98 17:03:40
37A LSCSO    SKEWES, NATHAN  left at 16/08/98 17:03:40
38A LSCSO    NEGUS, OWEN  left at 16/08/98 17:03:40
39A LSCSO    PENGILLY, WAYNE  left at 16/08/98 17:03:40
40A ABCSO    HARRISON, BRIAN  left at 16/08/98 17:03:40
41A ABCSO    BARGERBOS, NATHAN  left at 16/08/98 17:03:40
42A ABCSO    FITZSIMONS, MARK  left at 16/08/98 17:03:40
43A ABCSO    YOUNG, NEIL  left at 16/08/98 17:03:40
44A ABCSO    DAVIS, NATHAN  left at 16/08/98 17:03:40
45A SMNCSO   GREENE, PAUL  left at 16/08/98 17:03:40
02C LEUT     GRIFFITHS, DARRYL  left at 16/08/98 17:03:43
02D LEUT     CHARLES, MARTIN  left at 16/08/98 17:03:43
02E LEUT     ROBSON, KELLIE  left at 16/08/98 17:03:43
03A LEUT     GODDARD, LEE  left at 16/08/98 17:03:43
03B LSSIG    OWEN, CRAIG  left at 16/08/98 17:03:43
03E POSN     SYMONS, KENNETH  left at 16/08/98 17:03:43
09D POET     GROSE, CHRISTOPHER  left at 16/08/98 17:03:43
09E CPOCK    HARNETT, GARY  left at 16/08/98 17:03:43
10A SBLT     ROSSER, NARELLE  left at 16/08/98 17:03:43
10B LSRO     ELLIOTT, KENNETH  left at 16/08/98 17:03:43
10C LSMT     OLIVER, JOHN  left at 16/08/98 17:03:43
10D POET     THOMASON, DAVID  left at 16/08/98 17:03:43
10E LSCK     CHEYNE, SANDRA  left at 16/08/98 17:03:43
11B ABRO     EGAN, WARREN  left at 16/08/98 17:03:43
11C ABMT     SALAMON, FRANK  left at 16/08/98 17:03:43
11D LSET     ROBINSON, DAVID  left at 16/08/98 17:03:43
11E LSCK     CUTLER, GRAEME  left at 16/08/98 17:03:43
12C ABMT     YORK, BENJAMIN  left at 16/08/98 17:03:43
12D LSET     SMITH, DANIEL  left at 16/08/98 17:03:43
13B ABRO     HINDER, CHRISTOPHER  left at 16/08/98 17:03:43
13C LSMT     RAJECKI, PAUL  left at 16/08/98 17:03:43
13D LSET     SHELTON, KENNETH  left at 16/08/98 17:03:43
13E ABCK     KELLEHER, ANTHONY  left at 16/08/98 17:03:43
14A CPONPC   LENNOX, DAVID  left at 16/08/98 17:03:43
14B ABRO     TELFORD, DIANNE  left at 16/08/98 17:03:43
14C LSMT     WINN, SCOTT  left at 16/08/98 17:03:43
14D ABET     STONE, ADRIAN  left at 16/08/98 17:03:43
14E ABCK     GERLACH, TIMITHY  left at 16/08/98 17:03:43
15A LSNPC    CHAPMAN, MARY  left at 16/08/98 17:03:43
15B ABEWL    ELLIOTT, PAUL  left at 16/08/98 17:03:43
15C POMT     COCKERILL, EWEN  left at 16/08/98 17:03:43
15D ABET     GOODALL, DAVID  left at 16/08/98 17:03:43
15E ABCK     MCCULLOCH, ANDREW  left at 16/08/98 17:03:43
16A LSCD     GRAVES, MICHAEL  left at 16/08/98 17:03:43
16B ABEWT    MAXWELL, KENT  left at 16/08/98 17:03:43
16C ABMT     HARTLEY, LEON  left at 16/08/98 17:03:43
16D ABET     WIGHT, JACQUELINE  left at 16/08/98 17:03:43
16E POWTR    POLLARD, STEWART  left at 16/08/98 17:03:43
17A LSPT     DUNCAN, JASON  left at 16/08/98 17:03:43
17C CPOMT    DAVIES, ADRIAN  left at 16/08/98 17:03:43
17D ABET     KELEY, DARREN  left at 16/08/98 17:03:43
17E LSWTR    SCRASE, JANELLE  left at 16/08/98 17:03:43
18A LSBM(SE) STUART, CHRISTOPHER  left at 16/08/98 17:03:43
18C POMT     HORNE, NIGEL  left at 16/08/98 17:03:43
18D ABET     BRENNAN, MICHAEL  left at 16/08/98 17:03:43
18E ABWTR    PURCELL, MALCOLM  left at 16/08/98 17:03:43
19A CPOB     TRAVIS, DENE  left at 16/08/98 17:03:43
19C LSMT     CAINES, BRETT  left at 16/08/98 17:03:43
19D POET     SCHARF, ANTHONY  left at 16/08/98 17:03:43
19E POSTD    TRENT, ALAN  left at 16/08/98 17:03:43
20A POB      CARR, RITSON  left at 16/08/98 17:03:43
20C ABMT     MOORE, SHANE  left at 16/08/98 17:03:43
20D LSET     BAYLISS, ANDREW  left at 16/08/98 17:03:43
20E LSSTD    WINSHIP, TIMOTHY  left at 16/08/98 17:03:43
21A LSBM     FLEMING, BARRY  left at 16/08/98 17:03:43
21C ABMT     TURNHAM, MARK  left at 16/08/98 17:03:43
21E LSSTD    SPOONER, MARINA  left at 16/08/98 17:03:43
22A ABBM     SANTOS, ALFONSO  left at 16/08/98 17:03:43
22C LSMT     KREINDL, STEVEN  left at 16/08/98 17:03:43
22D ABET     FULLERTON, SEAN  left at 16/08/98 17:03:43
22D ABET     GRENFELL, SCOTT  left at 16/08/98 17:03:43
22E ABSTD    O'MALLEY, SANDRA  left at 16/08/98 17:03:43
23A SMNBM    FITZGERALD, DEAN  left at 16/08/98 17:03:43
23C POMT     SCHREUDERS, GREGORY  left at 16/08/98 17:03:43
23D ABET     O'SHEA, ANDREW  left at 16/08/98 17:03:43
23E ABSTD    ZANONI, MARK  left at 16/08/98 17:03:43
24A SMNBM    PIKKERT, MARCEL  left at 16/08/98 17:03:43
24C ABMT     HUMPHRIES, PAUL  left at 16/08/98 17:03:43
24D POET     JOHNSON, MICHAEL  left at 16/08/98 17:03:43
24E ABSTD    KING, MATTHEW  left at 16/08/98 17:03:43
25A ABBM     DORWARD, MARK  left at 16/08/98 17:03:43
25C POMT     SHEARING, GARRY  left at 16/08/98 17:03:43
25D LSET     ROULSTON, JASON  left at 16/08/98 17:03:43
26A ABBM     FOLEY, JOANNE  left at 16/08/98 17:03:43
26C ABMT     GAVIN, MICHAEL  left at 16/08/98 17:03:43
26D ABET     CRICK, DAMIEN  left at 16/08/98 17:03:43
02C LEUT     GRIFFITHS, DARRYL  left at 16/08/98 17:03:46
02D LEUT     CHARLES, MARTIN  left at 16/08/98 17:03:46
02E LEUT     ROBSON, KELLIE  left at 16/08/98 17:03:46
03A LEUT     GODDARD, LEE  left at 16/08/98 17:03:46
03B LSSIG    OWEN, CRAIG  left at 16/08/98 17:03:46
03E POSN     SYMONS, KENNETH  left at 16/08/98 17:03:46
09D POET     GROSE, CHRISTOPHER  left at 16/08/98 17:03:46
09E CPOCK    HARNETT, GARY  left at 16/08/98 17:03:46
10A SBLT     ROSSER, NARELLE  left at 16/08/98 17:03:46
10B LSRO     ELLIOTT, KENNETH  left at 16/08/98 17:03:46
10C LSMT     OLIVER, JOHN  left at 16/08/98 17:03:46
10D POET     THOMASON, DAVID  left at 16/08/98 17:03:46
10E LSCK     CHEYNE, SANDRA  left at 16/08/98 17:03:46
11B ABRO     EGAN, WARREN  left at 16/08/98 17:03:46
11C ABMT     SALAMON, FRANK  left at 16/08/98 17:03:46
11D LSET     ROBINSON, DAVID  left at 16/08/98 17:03:46
11E LSCK     CUTLER, GRAEME  left at 16/08/98 17:03:46
12C ABMT     YORK, BENJAMIN  left at 16/08/98 17:03:46
12D LSET     SMITH, DANIEL  left at 16/08/98 17:03:46
13B ABRO     HINDER, CHRISTOPHER  left at 16/08/98 17:03:46
13C LSMT     RAJECKI, PAUL  left at 16/08/98 17:03:46
13D LSET     SHELTON, KENNETH  left at 16/08/98 17:03:46
13E ABCK     KELLEHER, ANTHONY  left at 16/08/98 17:03:46
14A CPONPC   LENNOX, DAVID  left at 16/08/98 17:03:46
14B ABRO     TELFORD, DIANNE  left at 16/08/98 17:03:46
14C LSMT     WINN, SCOTT  left at 16/08/98 17:03:46
14D ABET     STONE, ADRIAN  left at 16/08/98 17:03:46
14E ABCK     GERLACH, TIMITHY  left at 16/08/98 17:03:46
15A LSNPC    CHAPMAN, MARY  left at 16/08/98 17:03:46
15B ABEWL    ELLIOTT, PAUL  left at 16/08/98 17:03:46
15C POMT     COCKERILL, EWEN  left at 16/08/98 17:03:46
15D ABET     GOODALL, DAVID  left at 16/08/98 17:03:46
15E ABCK     MCCULLOCH, ANDREW  left at 16/08/98 17:03:46
16A LSCD     GRAVES, MICHAEL  left at 16/08/98 17:03:46
16B ABEWT    MAXWELL, KENT  left at 16/08/98 17:03:46
16C ABMT     HARTLEY, LEON  left at 16/08/98 17:03:46
16D ABET     WIGHT, JACQUELINE  left at 16/08/98 17:03:46
16E POWTR    POLLARD, STEWART  left at 16/08/98 17:03:46
17A LSPT     DUNCAN, JASON  left at 16/08/98 17:03:46
17C CPOMT    DAVIES, ADRIAN  left at 16/08/98 17:03:46
17D ABET     KELEY, DARREN  left at 16/08/98 17:03:46
17E LSWTR    SCRASE, JANELLE  left at 16/08/98 17:03:46
18A LSBM(SE) STUART, CHRISTOPHER  left at 16/08/98 17:03:46
18C POMT     HORNE, NIGEL  left at 16/08/98 17:03:46
18D ABET     BRENNAN, MICHAEL  left at 16/08/98 17:03:46
18E ABWTR    PURCELL, MALCOLM  left at 16/08/98 17:03:46
19A CPOB     TRAVIS, DENE  left at 16/08/98 17:03:46
19C LSMT     CAINES, BRETT  left at 16/08/98 17:03:46
19D POET     SCHARF, ANTHONY  left at 16/08/98 17:03:46
19E POSTD    TRENT, ALAN  left at 16/08/98 17:03:46
20A POB      CARR, RITSON  left at 16/08/98 17:03:46
02C LEUT     GRIFFITHS, DARRYL  left at 16/08/98 17:03:48
02D LEUT     CHARLES, MARTIN  left at 16/08/98 17:03:48
02E LEUT     ROBSON, KELLIE  left at 16/08/98 17:03:48
03A LEUT     GODDARD, LEE  left at 16/08/98 17:03:48
03B LSSIG    OWEN, CRAIG  left at 16/08/98 17:03:48
03E POSN     SYMONS, KENNETH  left at 16/08/98 17:03:48
09D POET     GROSE, CHRISTOPHER  left at 16/08/98 17:03:48
09E CPOCK    HARNETT, GARY  left at 16/08/98 17:03:48
10A SBLT     ROSSER, NARELLE  left at 16/08/98 17:03:48
10B LSRO     ELLIOTT, KENNETH  left at 16/08/98 17:03:48
10C LSMT     OLIVER, JOHN  left at 16/08/98 17:03:48
10D POET     THOMASON, DAVID  left at 16/08/98 17:03:48
10E LSCK     CHEYNE, SANDRA  left at 16/08/98 17:03:48
11B ABRO     EGAN, WARREN  left at 16/08/98 17:03:48
11C ABMT     SALAMON, FRANK  left at 16/08/98 17:03:48
11D LSET     ROBINSON, DAVID  left at 16/08/98 17:03:48
11E LSCK     CUTLER, GRAEME  left at 16/08/98 17:03:48
12C ABMT     YORK, BENJAMIN  left at 16/08/98 17:03:48
12D LSET     SMITH, DANIEL  left at 16/08/98 17:03:48
13B ABRO     HINDER, CHRISTOPHER  left at 16/08/98 17:03:48
13C LSMT     RAJECKI, PAUL  left at 16/08/98 17:03:48
13D LSET     SHELTON, KENNETH  left at 16/08/98 17:03:48
13E ABCK     KELLEHER, ANTHONY  left at 16/08/98 17:03:48
14A CPONPC   LENNOX, DAVID  left at 16/08/98 17:03:48
14B ABRO     TELFORD, DIANNE  left at 16/08/98 17:03:48
14C LSMT     WINN, SCOTT  left at 16/08/98 17:03:48
02C LEUT     GRIFFITHS, DARRYL  left at 16/08/98 17:03:49
11E LSCK     CUTLER, GRAEME  left at 16/08/98 17:03:49
12C ABMT     YORK, BENJAMIN  left at 16/08/98 17:03:49
12D LSET     SMITH, DANIEL  left at 16/08/98 17:03:49
13B ABRO     HINDER, CHRISTOPHER  left at 16/08/98 17:03:49
13C LSMT     RAJECKI, PAUL  left at 16/08/98 17:03:49
13D LSET     SHELTON, KENNETH  left at 16/08/98 17:03:49
13E ABCK     KELLEHER, ANTHONY  left at 16/08/98 17:03:49
14A CPONPC   LENNOX, DAVID  left at 16/08/98 17:03:49
14B ABRO     TELFORD, DIANNE  left at 16/08/98 17:03:49
14C LSMT     WINN, SCOTT  left at 16/08/98 17:03:49
01A CMDR     YORKE, GREGORY  came onboard at 16/08/98 17:04:10
01B POSY     BARNES, DAMIEN  came onboard at 16/08/98 17:04:10
01C LCDR     ENGLISH, STEPHEN  came onboard at 16/08/98 17:04:10
01D LCDR     BASLEY, STEPHEN  came onboard at 16/08/98 17:04:10
01E LCDR     GRUNSELL, ADAM  came onboard at 16/08/98 17:04:10
01F LSMED    HORSBURGH, KAREN  came onboard at 16/08/98 17:04:10
02A LCDR     VANDYKE, JOHN  came onboard at 16/08/98 17:04:10
02B LSSIG    MARSHALL, LEONARD  came onboard at 16/08/98 17:04:10
02C LEUT     GRIFFITHS, DARRYL  came onboard at 16/08/98 17:04:10
02D LEUT     CHARLES, MARTIN  came onboard at 16/08/98 17:04:10
02E LEUT     ROBSON, KELLIE  came onboard at 16/08/98 17:04:10
03A LEUT     GODDARD, LEE  came onboard at 16/08/98 17:04:10
03B LSSIG    OWEN, CRAIG  came onboard at 16/08/98 17:04:10
03C LEUT     WICKHAM, BRETT  came onboard at 16/08/98 17:04:10
03D LEUT     DAMM, WAYNE  came onboard at 16/08/98 17:04:10
03E POSN     SYMONS, KENNETH  came onboard at 16/08/98 17:04:10
04A LCDR     MEAD, JONATHON  came onboard at 16/08/98 17:04:10
04B ABSIG    GERDTZ, PAUL  came onboard at 16/08/98 17:04:10
04C CPOMT    SCHNEIDEREIT, RALPH  came onboard at 16/08/98 17:04:11
04D CPOET    HALL, ADAM  came onboard at 16/08/98 17:04:11
04E LSSN     PHILLIPS, PAUL  came onboard at 16/08/98 17:04:11
05A LEUT     JONES, JUSTIN  came onboard at 16/08/98 17:04:11
05B SMNSIG   MUIR, MARK  came onboard at 16/08/98 17:04:11
05C POMT     BRADEN, NICHOLAS  came onboard at 16/08/98 17:04:11
05D POET     LLOYD, ROBERT  came onboard at 16/08/98 17:04:11
05E ABSN     POLLOCK, MICHAEL  came onboard at 16/08/98 17:04:11
06A SBLT     JONES, TRAVIS  came onboard at 16/08/98 17:04:11
06B ABSIG    PARKER, ARRON  came onboard at 16/08/98 17:04:11
06C LSMT     KARAM, JONATHON  came onboard at 16/08/98 17:04:11
06D LSET     NORRIS, DAMEON  came onboard at 16/08/98 17:04:11
06E ABSN     HENSCHKE, PATRICIA  came onboard at 16/08/98 17:04:11
07A LEUT     O'GRADY, PAUL  came onboard at 16/08/98 17:04:11
07B ABSIG    FISHER, KIM  came onboard at 16/08/98 17:04:11
07C ABMT     WALSH, MATTHEW  came onboard at 16/08/98 17:04:11
07D ABET     HANNEMANN, TONY  came onboard at 16/08/98 17:04:11
07E LSSN     BARTON-ANCLIFFE, KATHERINE  came onboard at 16/08/98 17:04:11
08B PORS     DUMMETT, STEPHEN  came onboard at 16/08/98 17:04:11
08C ABMT     BRIGGS, ANDREW  came onboard at 16/08/98 17:04:11
08D CPOET    WALKER, JOHN  came onboard at 16/08/98 17:04:11
08E ABSN     KING, ANTHONY  came onboard at 16/08/98 17:04:11
09A SBLT     BAIRD, PETER  came onboard at 16/08/98 17:04:11
09B LSRO     FAWCETT, DONALD  came onboard at 16/08/98 17:04:11
09C POMT     PARRY, CAMERON  came onboard at 16/08/98 17:04:11
09D POET     GROSE, CHRISTOPHER  came onboard at 16/08/98 17:04:11
09E CPOCK    HARNETT, GARY  came onboard at 16/08/98 17:04:11
10A SBLT     ROSSER, NARELLE  came onboard at 16/08/98 17:04:11
10B LSRO     ELLIOTT, KENNETH  came onboard at 16/08/98 17:04:11
10C LSMT     OLIVER, JOHN  came onboard at 16/08/98 17:04:11
10D POET     THOMASON, DAVID  came onboard at 16/08/98 17:04:11
10E LSCK     CHEYNE, SANDRA  came onboard at 16/08/98 17:04:11
11B ABRO     EGAN, WARREN  came onboard at 16/08/98 17:04:11
11C ABMT     SALAMON, FRANK  came onboard at 16/08/98 17:04:11
11D LSET     ROBINSON, DAVID  came onboard at 16/08/98 17:04:11
11E LSCK     CUTLER, GRAEME  came onboard at 16/08/98 17:04:11
12C ABMT     YORK, BENJAMIN  came onboard at 16/08/98 17:04:11
12D LSET     SMITH, DANIEL  came onboard at 16/08/98 17:04:11
13B ABRO     HINDER, CHRISTOPHER  came onboard at 16/08/98 17:04:11
13C LSMT     RAJECKI, PAUL  came onboard at 16/08/98 17:04:11
13D LSET     SHELTON, KENNETH  came onboard at 16/08/98 17:04:11
13E ABCK     KELLEHER, ANTHONY  came onboard at 16/08/98 17:04:11
14A CPONPC   LENNOX, DAVID  came onboard at 16/08/98 17:04:11
14B ABRO     TELFORD, DIANNE  came onboard at 16/08/98 17:04:11
14C LSMT     WINN, SCOTT  came onboard at 16/08/98 17:04:11
14D ABET     STONE, ADRIAN  came onboard at 16/08/98 17:04:11
14E ABCK     GERLACH, TIMITHY  came onboard at 16/08/98 17:04:11
15A LSNPC    CHAPMAN, MARY  came onboard at 16/08/98 17:04:11
15B ABEWL    ELLIOTT, PAUL  came onboard at 16/08/98 17:04:11
15C POMT     COCKERILL, EWEN  came onboard at 16/08/98 17:04:11
15D ABET     GOODALL, DAVID  came onboard at 16/08/98 17:04:11
15E ABCK     MCCULLOCH, ANDREW  came onboard at 16/08/98 17:04:11
16A LSCD     GRAVES, MICHAEL  came onboard at 16/08/98 17:04:11
16B ABEWT    MAXWELL, KENT  came onboard at 16/08/98 17:04:11
16C ABMT     HARTLEY, LEON  came onboard at 16/08/98 17:04:11
16D ABET     WIGHT, JACQUELINE  came onboard at 16/08/98 17:04:11
16E POWTR    POLLARD, STEWART  came onboard at 16/08/98 17:04:11
17A LSPT     DUNCAN, JASON  came onboard at 16/08/98 17:04:11
17C CPOMT    DAVIES, ADRIAN  came onboard at 16/08/98 17:04:11
17D ABET     KELEY, DARREN  came onboard at 16/08/98 17:04:11
17E LSWTR    SCRASE, JANELLE  came onboard at 16/08/98 17:04:11
18A LSBM(SE) STUART, CHRISTOPHER  came onboard at 16/08/98 17:04:11
18C POMT     HORNE, NIGEL  came onboard at 16/08/98 17:04:11
18D ABET     BRENNAN, MICHAEL  came onboard at 16/08/98 17:04:11
18E ABWTR    PURCELL, MALCOLM  came onboard at 16/08/98 17:04:11
19A CPOB     TRAVIS, DENE  came onboard at 16/08/98 17:04:11
19C LSMT     CAINES, BRETT  came onboard at 16/08/98 17:04:11
19D POET     SCHARF, ANTHONY  came onboard at 16/08/98 17:04:11
19E POSTD    TRENT, ALAN  came onboard at 16/08/98 17:04:11
20A POB      CARR, RITSON  came onboard at 16/08/98 17:04:11
20C ABMT     MOORE, SHANE  came onboard at 16/08/98 17:04:11
20D LSET     BAYLISS, ANDREW  came onboard at 16/08/98 17:04:11
20E LSSTD    WINSHIP, TIMOTHY  came onboard at 16/08/98 17:04:11
21A LSBM     FLEMING, BARRY  came onboard at 16/08/98 17:04:11
21C ABMT     TURNHAM, MARK  came onboard at 16/08/98 17:04:11
21E LSSTD    SPOONER, MARINA  came onboard at 16/08/98 17:04:11
22A ABBM     SANTOS, ALFONSO  came onboard at 16/08/98 17:04:11
22C LSMT     KREINDL, STEVEN  came onboard at 16/08/98 17:04:11
22D ABET     FULLERTON, SEAN  came onboard at 16/08/98 17:04:11
22D ABET     GRENFELL, SCOTT  came onboard at 16/08/98 17:04:11
22E ABSTD    O'MALLEY, SANDRA  came onboard at 16/08/98 17:04:11
23A SMNBM    FITZGERALD, DEAN  came onboard at 16/08/98 17:04:11
23C POMT     SCHREUDERS, GREGORY  came onboard at 16/08/98 17:04:11
23D ABET     O'SHEA, ANDREW  came onboard at 16/08/98 17:04:11
23E ABSTD    ZANONI, MARK  came onboard at 16/08/98 17:04:11
24A SMNBM    PIKKERT, MARCEL  came onboard at 16/08/98 17:04:11
24C ABMT     HUMPHRIES, PAUL  came onboard at 16/08/98 17:04:11
24D POET     JOHNSON, MICHAEL  came onboard at 16/08/98 17:04:11
24E ABSTD    KING, MATTHEW  came onboard at 16/08/98 17:04:11
25A ABBM     DORWARD, MARK  came onboard at 16/08/98 17:04:11
25C POMT     SHEARING, GARRY  came onboard at 16/08/98 17:04:11
25D LSET     ROULSTON, JASON  came onboard at 16/08/98 17:04:11
26A ABBM     FOLEY, JOANNE  came onboard at 16/08/98 17:04:11
26C ABMT     GAVIN, MICHAEL  came onboard at 16/08/98 17:04:11
26D ABET     CRICK, DAMIEN  came onboard at 16/08/98 17:04:11
27A ABBM     MANSER, GEOFFREY  came onboard at 16/08/98 17:04:11
27C ABMT     RADZIEVIC, CHRISTOPHER  came onboard at 16/08/98 17:04:11
27D SMNET    MITCHELL, KABLE  came onboard at 16/08/98 17:04:11
28C ABMT     TROTTER, ANTHONY  came onboard at 16/08/98 17:04:11
28D ABET     CLIFTON, KEVIN  came onboard at 16/08/98 17:04:11
29A CPOCSM   HILL, STEPHEN  came onboard at 16/08/98 17:04:11
29C ABMT     CLARK, SHANE  came onboard at 16/08/98 17:04:11
30A POCSS    DANIELS, WAYNE  came onboard at 16/08/98 17:04:11
30C ABMT     PATTERSON, STEPHEN  came onboard at 16/08/98 17:04:11
31A POCSS    FERGUSON, ALLAN  came onboard at 16/08/98 17:04:11
32A LSCSO    LAWRIE, GLENN  came onboard at 16/08/98 17:04:11
32C SBLT     PHILLIPPS, ZACH  came onboard at 16/08/98 17:04:11
33A LSCSO    HUCKSTADT, RODNEY  came onboard at 16/08/98 17:04:11
34A LSCSO    CAMPBELL, BRUCE  came onboard at 16/08/98 17:04:11
35A LSCSO    JOLEJOLE, SHANE  came onboard at 16/08/98 17:04:11
36A LSCSO    KEMP, ADAM  came onboard at 16/08/98 17:04:11
37A LSCSO    SKEWES, NATHAN  came onboard at 16/08/98 17:04:11
38A LSCSO    NEGUS, OWEN  came onboard at 16/08/98 17:04:11
39A LSCSO    PENGILLY, WAYNE  came onboard at 16/08/98 17:04:11
40A ABCSO    HARRISON, BRIAN  came onboard at 16/08/98 17:04:11
41A ABCSO    BARGERBOS, NATHAN  came onboard at 16/08/98 17:04:11
42A ABCSO    FITZSIMONS, MARK  came onboard at 16/08/98 17:04:11
43A ABCSO    YOUNG, NEIL  came onboard at 16/08/98 17:04:11
44A ABCSO    DAVIS, NATHAN  came onboard at 16/08/98 17:04:11
45A SMNCSO   GREENE, PAUL  came onboard at 16/08/98 17:04:11
46A ABCSO    HARRIS, SHELLEY  came onboard at 16/08/98 17:04:11
47A SMNCSO   VANDERTUUK, YOLANDA  came onboard at 16/08/98 17:04:11
48A SMNCSO   PRICE, MARTIN  came onboard at 16/08/98 17:04:11
49A ABCSO    CLOUGH, ANTHONY  came onboard at 16/08/98 17:04:11
50A SMNCSO   LAWS, PAUL  came onboard at 16/08/98 17:04:11
51A ABCSO    McGUINNESS, JADE  came onboard at 16/08/98 17:04:11
52A SMNCSO   CUSACK, ROWAN  came onboard at 16/08/98 17:04:11
01A CMDR     YORKE, GREGORY  left at 16/08/98 17:05:00
01B POSY     BARNES, DAMIEN  left at 16/08/98 17:05:00
01C LCDR     ENGLISH, STEPHEN  left at 16/08/98 17:05:00
01D LCDR     BASLEY, STEPHEN  left at 16/08/98 17:05:00
01E LCDR     GRUNSELL, ADAM  left at 16/08/98 17:05:00
01F LSMED    HORSBURGH, KAREN  left at 16/08/98 17:05:00
02A LCDR     VANDYKE, JOHN  left at 16/08/98 17:05:00
02B LSSIG    MARSHALL, LEONARD  left at 16/08/98 17:05:00
02C LEUT     GRIFFITHS, DARRYL  left at 16/08/98 17:05:00
02D LEUT     CHARLES, MARTIN  left at 16/08/98 17:05:00
02E LEUT     ROBSON, KELLIE  left at 16/08/98 17:05:00
03A LEUT     GODDARD, LEE  left at 16/08/98 17:05:00
03B LSSIG    OWEN, CRAIG  left at 16/08/98 17:05:00
03C LEUT     WICKHAM, BRETT  left at 16/08/98 17:05:00
03D LEUT     DAMM, WAYNE  left at 16/08/98 17:05:00
03E POSN     SYMONS, KENNETH  left at 16/08/98 17:05:00
04A LCDR     MEAD, JONATHON  left at 16/08/98 17:05:00
04B ABSIG    GERDTZ, PAUL  left at 16/08/98 17:05:00
04C CPOMT    SCHNEIDEREIT, RALPH  left at 16/08/98 17:05:00
04D CPOET    HALL, ADAM  left at 16/08/98 17:05:00
04E LSSN     PHILLIPS, PAUL  left at 16/08/98 17:05:00
05A LEUT     JONES, JUSTIN  left at 16/08/98 17:05:00
05B SMNSIG   MUIR, MARK  left at 16/08/98 17:05:00
05C POMT     BRADEN, NICHOLAS  left at 16/08/98 17:05:00
05D POET     LLOYD, ROBERT  left at 16/08/98 17:05:00
05E ABSN     POLLOCK, MICHAEL  left at 16/08/98 17:05:00
06A SBLT     JONES, TRAVIS  left at 16/08/98 17:05:00
06B ABSIG    PARKER, ARRON  left at 16/08/98 17:05:00
06C LSMT     KARAM, JONATHON  left at 16/08/98 17:05:00
06D LSET     NORRIS, DAMEON  left at 16/08/98 17:05:00
06E ABSN     HENSCHKE, PATRICIA  left at 16/08/98 17:05:00
07A LEUT     O'GRADY, PAUL  left at 16/08/98 17:05:00
07B ABSIG    FISHER, KIM  left at 16/08/98 17:05:00
07C ABMT     WALSH, MATTHEW  left at 16/08/98 17:05:00
07D ABET     HANNEMANN, TONY  left at 16/08/98 17:05:00
07E LSSN     BARTON-ANCLIFFE, KATHERINE  left at 16/08/98 17:05:00
08B PORS     DUMMETT, STEPHEN  left at 16/08/98 17:05:00
08C ABMT     BRIGGS, ANDREW  left at 16/08/98 17:05:00
08D CPOET    WALKER, JOHN  left at 16/08/98 17:05:00
08E ABSN     KING, ANTHONY  left at 16/08/98 17:05:00
09A SBLT     BAIRD, PETER  left at 16/08/98 17:05:00
09B LSRO     FAWCETT, DONALD  left at 16/08/98 17:05:00
09C POMT     PARRY, CAMERON  left at 16/08/98 17:05:00
09D POET     GROSE, CHRISTOPHER  left at 16/08/98 17:05:00
09E CPOCK    HARNETT, GARY  left at 16/08/98 17:05:00
10A SBLT     ROSSER, NARELLE  left at 16/08/98 17:05:00
10B LSRO     ELLIOTT, KENNETH  left at 16/08/98 17:05:00
10C LSMT     OLIVER, JOHN  left at 16/08/98 17:05:00
10D POET     THOMASON, DAVID  left at 16/08/98 17:05:00
10E LSCK     CHEYNE, SANDRA  left at 16/08/98 17:05:00
11B ABRO     EGAN, WARREN  left at 16/08/98 17:05:00
11C ABMT     SALAMON, FRANK  left at 16/08/98 17:05:00
11D LSET     ROBINSON, DAVID  left at 16/08/98 17:05:00
11E LSCK     CUTLER, GRAEME  left at 16/08/98 17:05:00
12C ABMT     YORK, BENJAMIN  left at 16/08/98 17:05:00
12D LSET     SMITH, DANIEL  left at 16/08/98 17:05:00
13B ABRO     HINDER, CHRISTOPHER  left at 16/08/98 17:05:00
13C LSMT     RAJECKI, PAUL  left at 16/08/98 17:05:00
13D LSET     SHELTON, KENNETH  left at 16/08/98 17:05:00
13E ABCK     KELLEHER, ANTHONY  left at 16/08/98 17:05:00
14A CPONPC   LENNOX, DAVID  left at 16/08/98 17:05:00
14B ABRO     TELFORD, DIANNE  left at 16/08/98 17:05:00
14C LSMT     WINN, SCOTT  left at 16/08/98 17:05:00
14D ABET     STONE, ADRIAN  left at 16/08/98 17:05:00
14E ABCK     GERLACH, TIMITHY  left at 16/08/98 17:05:00
15A LSNPC    CHAPMAN, MARY  left at 16/08/98 17:05:00
15B ABEWL    ELLIOTT, PAUL  left at 16/08/98 17:05:00
15C POMT     COCKERILL, EWEN  left at 16/08/98 17:05:00
15D ABET     GOODALL, DAVID  left at 16/08/98 17:05:00
15E ABCK     MCCULLOCH, ANDREW  left at 16/08/98 17:05:00
16A LSCD     GRAVES, MICHAEL  left at 16/08/98 17:05:00
16B ABEWT    MAXWELL, KENT  left at 16/08/98 17:05:00
16C ABMT     HARTLEY, LEON  left at 16/08/98 17:05:00
16D ABET     WIGHT, JACQUELINE  left at 16/08/98 17:05:00
16E POWTR    POLLARD, STEWART  left at 16/08/98 17:05:00
17A LSPT     DUNCAN, JASON  left at 16/08/98 17:05:00
17C CPOMT    DAVIES, ADRIAN  left at 16/08/98 17:05:00
17D ABET     KELEY, DARREN  left at 16/08/98 17:05:00
17E LSWTR    SCRASE, JANELLE  left at 16/08/98 17:05:00
18A LSBM(SE) STUART, CHRISTOPHER  left at 16/08/98 17:05:00
18C POMT     HORNE, NIGEL  left at 16/08/98 17:05:00
18D ABET     BRENNAN, MICHAEL  left at 16/08/98 17:05:00
18E ABWTR    PURCELL, MALCOLM  left at 16/08/98 17:05:00
19A CPOB     TRAVIS, DENE  left at 16/08/98 17:05:00
19C LSMT     CAINES, BRETT  left at 16/08/98 17:05:00
19D POET     SCHARF, ANTHONY  left at 16/08/98 17:05:00
19E POSTD    TRENT, ALAN  left at 16/08/98 17:05:00
20A POB      CARR, RITSON  left at 16/08/98 17:05:00
20C ABMT     MOORE, SHANE  left at 16/08/98 17:05:00
20D LSET     BAYLISS, ANDREW  left at 16/08/98 17:05:00
20E LSSTD    WINSHIP, TIMOTHY  left at 16/08/98 17:05:00
21A LSBM     FLEMING, BARRY  left at 16/08/98 17:05:00
21C ABMT     TURNHAM, MARK  left at 16/08/98 17:05:00
21E LSSTD    SPOONER, MARINA  left at 16/08/98 17:05:00
22A ABBM     SANTOS, ALFONSO  left at 16/08/98 17:05:00
22C LSMT     KREINDL, STEVEN  left at 16/08/98 17:05:00
22D ABET     FULLERTON, SEAN  left at 16/08/98 17:05:00
22D ABET     GRENFELL, SCOTT  left at 16/08/98 17:05:00
22E ABSTD    O'MALLEY, SANDRA  left at 16/08/98 17:05:00
23A SMNBM    FITZGERALD, DEAN  left at 16/08/98 17:05:00
23C POMT     SCHREUDERS, GREGORY  left at 16/08/98 17:05:00
23D ABET     O'SHEA, ANDREW  left at 16/08/98 17:05:00
23E ABSTD    ZANONI, MARK  left at 16/08/98 17:05:00
24A SMNBM    PIKKERT, MARCEL  left at 16/08/98 17:05:00
24C ABMT     HUMPHRIES, PAUL  left at 16/08/98 17:05:00
24D POET     JOHNSON, MICHAEL  left at 16/08/98 17:05:00
24E ABSTD    KING, MATTHEW  left at 16/08/98 17:05:00
25A ABBM     DORWARD, MARK  left at 16/08/98 17:05:00
25C POMT     SHEARING, GARRY  left at 16/08/98 17:05:00
25D LSET     ROULSTON, JASON  left at 16/08/98 17:05:00
26A ABBM     FOLEY, JOANNE  left at 16/08/98 17:05:00
26C ABMT     GAVIN, MICHAEL  left at 16/08/98 17:05:00
26D ABET     CRICK, DAMIEN  left at 16/08/98 17:05:00
27A ABBM     MANSER, GEOFFREY  left at 16/08/98 17:05:00
27C ABMT     RADZIEVIC, CHRISTOPHER  left at 16/08/98 17:05:00
27D SMNET    MITCHELL, KABLE  left at 16/08/98 17:05:00
28C ABMT     TROTTER, ANTHONY  left at 16/08/98 17:05:00
28D ABET     CLIFTON, KEVIN  left at 16/08/98 17:05:00
29A CPOCSM   HILL, STEPHEN  left at 16/08/98 17:05:00
29C ABMT     CLARK, SHANE  left at 16/08/98 17:05:00
30A POCSS    DANIELS, WAYNE  left at 16/08/98 17:05:00
30C ABMT     PATTERSON, STEPHEN  left at 16/08/98 17:05:00
31A POCSS    FERGUSON, ALLAN  left at 16/08/98 17:05:00
32A LSCSO    LAWRIE, GLENN  left at 16/08/98 17:05:00
32C SBLT     PHILLIPPS, ZACH  left at 16/08/98 17:05:00
33A LSCSO    HUCKSTADT, RODNEY  left at 16/08/98 17:05:00
34A LSCSO    CAMPBELL, BRUCE  left at 16/08/98 17:05:00
35A LSCSO    JOLEJOLE, SHANE  left at 16/08/98 17:05:00
36A LSCSO    KEMP, ADAM  left at 16/08/98 17:05:00
37A LSCSO    SKEWES, NATHAN  left at 16/08/98 17:05:00
38A LSCSO    NEGUS, OWEN  left at 16/08/98 17:05:00
39A LSCSO    PENGILLY, WAYNE  left at 16/08/98 17:05:00
40A ABCSO    HARRISON, BRIAN  left at 16/08/98 17:05:00
41A ABCSO    BARGERBOS, NATHAN  left at 16/08/98 17:05:00
42A ABCSO    FITZSIMONS, MARK  left at 16/08/98 17:05:00
43A ABCSO    YOUNG, NEIL  left at 16/08/98 17:05:00
44A ABCSO    DAVIS, NATHAN  left at 16/08/98 17:05:00
45A SMNCSO   GREENE, PAUL  left at 16/08/98 17:05:00
46A ABCSO    HARRIS, SHELLEY  left at 16/08/98 17:05:00
47A SMNCSO   VANDERTUUK, YOLANDA  left at 16/08/98 17:05:00
48A SMNCSO   PRICE, MARTIN  left at 16/08/98 17:05:00
49A ABCSO    CLOUGH, ANTHONY  left at 16/08/98 17:05:00
50A SMNCSO   LAWS, PAUL  left at 16/08/98 17:05:00
51A ABCSO    McGUINNESS, JADE  left at 16/08/98 17:05:00
52A SMNCSO   CUSACK, ROWAN  left at 16/08/98 17:05:00
01A CMDR     YORKE, GREGORY  left at 16/08/98 17:05:02
01B POSY     BARNES, DAMIEN  left at 16/08/98 17:05:02
01C LCDR     ENGLISH, STEPHEN  left at 16/08/98 17:05:02
01D LCDR     BASLEY, STEPHEN  left at 16/08/98 17:05:02
01E LCDR     GRUNSELL, ADAM  left at 16/08/98 17:05:02
01F LSMED    HORSBURGH, KAREN  left at 16/08/98 17:05:02
03E POSN     SYMONS, KENNETH  left at 16/08/98 17:05:02
04A LCDR     MEAD, JONATHON  left at 16/08/98 17:05:02
04B ABSIG    GERDTZ, PAUL  left at 16/08/98 17:05:02
04C CPOMT    SCHNEIDEREIT, RALPH  left at 16/08/98 17:05:02
04D CPOET    HALL, ADAM  left at 16/08/98 17:05:02
04E LSSN     PHILLIPS, PAUL  left at 16/08/98 17:05:02
05A LEUT     JONES, JUSTIN  left at 16/08/98 17:05:02
05B SMNSIG   MUIR, MARK  left at 16/08/98 17:05:02
05C POMT     BRADEN, NICHOLAS  left at 16/08/98 17:05:02
05D POET     LLOYD, ROBERT  left at 16/08/98 17:05:02
05E ABSN     POLLOCK, MICHAEL  left at 16/08/98 17:05:02
06A SBLT     JONES, TRAVIS  left at 16/08/98 17:05:02
06B ABSIG    PARKER, ARRON  left at 16/08/98 17:05:02
06C LSMT     KARAM, JONATHON  left at 16/08/98 17:05:02
06D LSET     NORRIS, DAMEON  left at 16/08/98 17:05:02
06E ABSN     HENSCHKE, PATRICIA  left at 16/08/98 17:05:02
07A LEUT     O'GRADY, PAUL  left at 16/08/98 17:05:02
07B ABSIG    FISHER, KIM  left at 16/08/98 17:05:02
07C ABMT     WALSH, MATTHEW  left at 16/08/98 17:05:02
07D ABET     HANNEMANN, TONY  left at 16/08/98 17:05:02
07E LSSN     BARTON-ANCLIFFE, KATHERINE  left at 16/08/98 17:05:02
08B PORS     DUMMETT, STEPHEN  left at 16/08/98 17:05:02
08C ABMT     BRIGGS, ANDREW  left at 16/08/98 17:05:02
08D CPOET    WALKER, JOHN  left at 16/08/98 17:05:02
08E ABSN     KING, ANTHONY  left at 16/08/98 17:05:02
09A SBLT     BAIRD, PETER  left at 16/08/98 17:05:02
09B LSRO     FAWCETT, DONALD  left at 16/08/98 17:05:02
09C POMT     PARRY, CAMERON  left at 16/08/98 17:05:02
09D POET     GROSE, CHRISTOPHER  left at 16/08/98 17:05:02
09E CPOCK    HARNETT, GARY  left at 16/08/98 17:05:02
10A SBLT     ROSSER, NARELLE  left at 16/08/98 17:05:02
10B LSRO     ELLIOTT, KENNETH  left at 16/08/98 17:05:02
10C LSMT     OLIVER, JOHN  left at 16/08/98 17:05:02
10D POET     THOMASON, DAVID  left at 16/08/98 17:05:02
10E LSCK     CHEYNE, SANDRA  left at 16/08/98 17:05:02
11B ABRO     EGAN, WARREN  left at 16/08/98 17:05:02
11C ABMT     SALAMON, FRANK  left at 16/08/98 17:05:02
11D LSET     ROBINSON, DAVID  left at 16/08/98 17:05:02
11E LSCK     CUTLER, GRAEME  left at 16/08/98 17:05:02
12C ABMT     YORK, BENJAMIN  left at 16/08/98 17:05:02
12D LSET     SMITH, DANIEL  left at 16/08/98 17:05:02
13B ABRO     HINDER, CHRISTOPHER  left at 16/08/98 17:05:02
13C LSMT     RAJECKI, PAUL  left at 16/08/98 17:05:02
13D LSET     SHELTON, KENNETH  left at 16/08/98 17:05:02
13E ABCK     KELLEHER, ANTHONY  left at 16/08/98 17:05:02
14A CPONPC   LENNOX, DAVID  left at 16/08/98 17:05:02
14B ABRO     TELFORD, DIANNE  left at 16/08/98 17:05:02
14C LSMT     WINN, SCOTT  left at 16/08/98 17:05:02
14D ABET     STONE, ADRIAN  left at 16/08/98 17:05:02
14E ABCK     GERLACH, TIMITHY  left at 16/08/98 17:05:02
15A LSNPC    CHAPMAN, MARY  left at 16/08/98 17:05:02
15B ABEWL    ELLIOTT, PAUL  left at 16/08/98 17:05:02
15C POMT     COCKERILL, EWEN  left at 16/08/98 17:05:02
15D ABET     GOODALL, DAVID  left at 16/08/98 17:05:02
15E ABCK     MCCULLOCH, ANDREW  left at 16/08/98 17:05:02
16A LSCD     GRAVES, MICHAEL  left at 16/08/98 17:05:02
16B ABEWT    MAXWELL, KENT  left at 16/08/98 17:05:02
16C ABMT     HARTLEY, LEON  left at 16/08/98 17:05:02
16D ABET     WIGHT, JACQUELINE  left at 16/08/98 17:05:02
16E POWTR    POLLARD, STEWART  left at 16/08/98 17:05:02
17A LSPT     DUNCAN, JASON  left at 16/08/98 17:05:02
17C CPOMT    DAVIES, ADRIAN  left at 16/08/98 17:05:02
17D ABET     KELEY, DARREN  left at 16/08/98 17:05:02
17E LSWTR    SCRASE, JANELLE  left at 16/08/98 17:05:02
18A LSBM(SE) STUART, CHRISTOPHER  left at 16/08/98 17:05:02
18C POMT     HORNE, NIGEL  left at 16/08/98 17:05:02
18D ABET     BRENNAN, MICHAEL  left at 16/08/98 17:05:02
18E ABWTR    PURCELL, MALCOLM  left at 16/08/98 17:05:02
19A CPOB     TRAVIS, DENE  left at 16/08/98 17:05:02
19C LSMT     CAINES, BRETT  left at 16/08/98 17:05:02
19D POET     SCHARF, ANTHONY  left at 16/08/98 17:05:02
19E POSTD    TRENT, ALAN  left at 16/08/98 17:05:02
20A POB      CARR, RITSON  left at 16/08/98 17:05:02
20C ABMT     MOORE, SHANE  left at 16/08/98 17:05:02
20D LSET     BAYLISS, ANDREW  left at 16/08/98 17:05:02
20E LSSTD    WINSHIP, TIMOTHY  left at 16/08/98 17:05:02
21A LSBM     FLEMING, BARRY  left at 16/08/98 17:05:02
21C ABMT     TURNHAM, MARK  left at 16/08/98 17:05:02
21E LSSTD    SPOONER, MARINA  left at 16/08/98 17:05:02
22A ABBM     SANTOS, ALFONSO  left at 16/08/98 17:05:02
22C LSMT     KREINDL, STEVEN  left at 16/08/98 17:05:02
22D ABET     FULLERTON, SEAN  left at 16/08/98 17:05:02
22D ABET     GRENFELL, SCOTT  left at 16/08/98 17:05:02
22E ABSTD    O'MALLEY, SANDRA  left at 16/08/98 17:05:02
23A SMNBM    FITZGERALD, DEAN  left at 16/08/98 17:05:02
23C POMT     SCHREUDERS, GREGORY  left at 16/08/98 17:05:02
23D ABET     O'SHEA, ANDREW  left at 16/08/98 17:05:02
23E ABSTD    ZANONI, MARK  left at 16/08/98 17:05:02
24A SMNBM    PIKKERT, MARCEL  left at 16/08/98 17:05:02
24C ABMT     HUMPHRIES, PAUL  left at 16/08/98 17:05:02
24D POET     JOHNSON, MICHAEL  left at 16/08/98 17:05:02
24E ABSTD    KING, MATTHEW  left at 16/08/98 17:05:02
25A ABBM     DORWARD, MARK  left at 16/08/98 17:05:02
25C POMT     SHEARING, GARRY  left at 16/08/98 17:05:02
25D LSET     ROULSTON, JASON  left at 16/08/98 17:05:02
26A ABBM     FOLEY, JOANNE  left at 16/08/98 17:05:02
26C ABMT     GAVIN, MICHAEL  left at 16/08/98 17:05:02
26D ABET     CRICK, DAMIEN  left at 16/08/98 17:05:02
27A ABBM     MANSER, GEOFFREY  left at 16/08/98 17:05:02
27C ABMT     RADZIEVIC, CHRISTOPHER  left at 16/08/98 17:05:02
27D SMNET    MITCHELL, KABLE  left at 16/08/98 17:05:02
28C ABMT     TROTTER, ANTHONY  left at 16/08/98 17:05:02
28D ABET     CLIFTON, KEVIN  left at 16/08/98 17:05:02
29A CPOCSM   HILL, STEPHEN  left at 16/08/98 17:05:02
29C ABMT     CLARK, SHANE  left at 16/08/98 17:05:02
30A POCSS    DANIELS, WAYNE  left at 16/08/98 17:05:02
30C ABMT     PATTERSON, STEPHEN  left at 16/08/98 17:05:02
31A POCSS    FERGUSON, ALLAN  left at 16/08/98 17:05:02
32A LSCSO    LAWRIE, GLENN  left at 16/08/98 17:05:02
32C SBLT     PHILLIPPS, ZACH  left at 16/08/98 17:05:02
33A LSCSO    HUCKSTADT, RODNEY  left at 16/08/98 17:05:02
34A LSCSO    CAMPBELL, BRUCE  left at 16/08/98 17:05:02
35A LSCSO    JOLEJOLE, SHANE  left at 16/08/98 17:05:02
36A LSCSO    KEMP, ADAM  left at 16/08/98 17:05:02
37A LSCSO    SKEWES, NATHAN  left at 16/08/98 17:05:02
38A LSCSO    NEGUS, OWEN  left at 16/08/98 17:05:02
39A LSCSO    PENGILLY, WAYNE  left at 16/08/98 17:05:02
40A ABCSO    HARRISON, BRIAN  left at 16/08/98 17:05:02
41A ABCSO    BARGERBOS, NATHAN  left at 16/08/98 17:05:02
42A ABCSO    FITZSIMONS, MARK  left at 16/08/98 17:05:02
43A ABCSO    YOUNG, NEIL  left at 16/08/98 17:05:02
44A ABCSO    DAVIS, NATHAN  left at 16/08/98 17:05:02
45A SMNCSO   GREENE, PAUL  left at 16/08/98 17:05:02
46A ABCSO    HARRIS, SHELLEY  left at 16/08/98 17:05:02
47A SMNCSO   VANDERTUUK, YOLANDA  left at 16/08/98 17:05:02
48A SMNCSO   PRICE, MARTIN  left at 16/08/98 17:05:02
49A ABCSO    CLOUGH, ANTHONY  left at 16/08/98 17:05:02
50A SMNCSO   LAWS, PAUL  left at 16/08/98 17:05:02
51A ABCSO    McGUINNESS, JADE  left at 16/08/98 17:05:02
52A SMNCSO   CUSACK, ROWAN  left at 16/08/98 17:05:02
02A LCDR     VANDYKE, JOHN  came onboard at 16/08/98 17:05:06
02B LSSIG    MARSHALL, LEONARD  came onboard at 16/08/98 17:05:06
02C LEUT     GRIFFITHS, DARRYL  came onboard at 16/08/98 17:05:06
02D LEUT     CHARLES, MARTIN  came onboard at 16/08/98 17:05:06
02E LEUT     ROBSON, KELLIE  came onboard at 16/08/98 17:05:06
03A LEUT     GODDARD, LEE  came onboard at 16/08/98 17:05:06
03B LSSIG    OWEN, CRAIG  came onboard at 16/08/98 17:05:06
03C LEUT     WICKHAM, BRETT  came onboard at 16/08/98 17:05:06
03D LEUT     DAMM, WAYNE  came onboard at 16/08/98 17:05:06
04C CPOMT    SCHNEIDEREIT, RALPH  came onboard at 16/08/98 17:05:06
04D CPOET    HALL, ADAM  came onboard at 16/08/98 17:05:06
04E LSSN     PHILLIPS, PAUL  came onboard at 16/08/98 17:05:06
05A LEUT     JONES, JUSTIN  came onboard at 16/08/98 17:05:06
05B SMNSIG   MUIR, MARK  came onboard at 16/08/98 17:05:06
03A LEUT     GODDARD, LEE  left at 16/08/98 17:07:35
03B LSSIG    OWEN, CRAIG  left at 16/08/98 17:07:37
03D LEUT     DAMM, WAYNE  left at 16/08/98 17:09:19
21A LSBM     FLEMING, BARRY  came onboard at 16/08/98 17:13:07
01A CMDR     YORKE, GREGORY  came onboard at 16/08/98 17:13:09
02B LSSIG    MARSHALL, LEONARD  left at 16/08/98 17:13:11
02B LSSIG    MARSHALL, LEONARD  came onboard at 16/08/98 17:13:14
01A CMDR     YORKE, GREGORY  came onboard at 16/08/98 17:15:17
21A LSBM     FLEMING, BARRY  came onboard at 16/08/98 17:15:17
21A LSBM     FLEMING, BARRY  came onboard at 16/08/98 17:15:19
01A CMDR     YORKE, GREGORY  left at 16/08/98 17:15:22
01B POSY     BARNES, DAMIEN  left at 16/08/98 17:15:22
01C LCDR     ENGLISH, STEPHEN  left at 16/08/98 17:15:22
01D LCDR     BASLEY, STEPHEN  left at 16/08/98 17:15:22
01E LCDR     GRUNSELL, ADAM  left at 16/08/98 17:15:22
01F LSMED    HORSBURGH, KAREN  left at 16/08/98 17:15:22
02A LCDR     VANDYKE, JOHN  left at 16/08/98 17:15:22
02B LSSIG    MARSHALL, LEONARD  left at 16/08/98 17:15:22
02C LEUT     GRIFFITHS, DARRYL  left at 16/08/98 17:15:22
02D LEUT     CHARLES, MARTIN  left at 16/08/98 17:15:22
02E LEUT     ROBSON, KELLIE  left at 16/08/98 17:15:22
03A LEUT     GODDARD, LEE  left at 16/08/98 17:15:22
03B LSSIG    OWEN, CRAIG  left at 16/08/98 17:15:22
03C LEUT     WICKHAM, BRETT  left at 16/08/98 17:15:22
03D LEUT     DAMM, WAYNE  left at 16/08/98 17:15:22
03E POSN     SYMONS, KENNETH  left at 16/08/98 17:15:22
04A LCDR     MEAD, JONATHON  left at 16/08/98 17:15:22
04B ABSIG    GERDTZ, PAUL  left at 16/08/98 17:15:22
04C CPOMT    SCHNEIDEREIT, RALPH  left at 16/08/98 17:15:22
04D CPOET    HALL, ADAM  left at 16/08/98 17:15:22
04E LSSN     PHILLIPS, PAUL  left at 16/08/98 17:15:22
05A LEUT     JONES, JUSTIN  left at 16/08/98 17:15:22
05B SMNSIG   MUIR, MARK  left at 16/08/98 17:15:22
05C POMT     BRADEN, NICHOLAS  left at 16/08/98 17:15:22
05D POET     LLOYD, ROBERT  left at 16/08/98 17:15:22
05E ABSN     POLLOCK, MICHAEL  left at 16/08/98 17:15:22
06A SBLT     JONES, TRAVIS  left at 16/08/98 17:15:22
06B ABSIG    PARKER, ARRON  left at 16/08/98 17:15:22
06C LSMT     KARAM, JONATHON  left at 16/08/98 17:15:22
06D LSET     NORRIS, DAMEON  left at 16/08/98 17:15:22
06E ABSN     HENSCHKE, PATRICIA  left at 16/08/98 17:15:22
07A LEUT     O'GRADY, PAUL  left at 16/08/98 17:15:22
07B ABSIG    FISHER, KIM  left at 16/08/98 17:15:22
07C ABMT     WALSH, MATTHEW  left at 16/08/98 17:15:22
07D ABET     HANNEMANN, TONY  left at 16/08/98 17:15:22
07E LSSN     BARTON-ANCLIFFE, KATHERINE  left at 16/08/98 17:15:22
08B PORS     DUMMETT, STEPHEN  left at 16/08/98 17:15:22
08C ABMT     BRIGGS, ANDREW  left at 16/08/98 17:15:22
08D CPOET    WALKER, JOHN  left at 16/08/98 17:15:22
08E ABSN     KING, ANTHONY  left at 16/08/98 17:15:22
09A SBLT     BAIRD, PETER  left at 16/08/98 17:15:22
09B LSRO     FAWCETT, DONALD  left at 16/08/98 17:15:22
09C POMT     PARRY, CAMERON  left at 16/08/98 17:15:22
09D POET     GROSE, CHRISTOPHER  left at 16/08/98 17:15:22
09E CPOCK    HARNETT, GARY  left at 16/08/98 17:15:22
10A SBLT     ROSSER, NARELLE  left at 16/08/98 17:15:22
10B LSRO     ELLIOTT, KENNETH  left at 16/08/98 17:15:22
10C LSMT     OLIVER, JOHN  left at 16/08/98 17:15:22
10D POET     THOMASON, DAVID  left at 16/08/98 17:15:22
10E LSCK     CHEYNE, SANDRA  left at 16/08/98 17:15:22
11B ABRO     EGAN, WARREN  left at 16/08/98 17:15:22
11C ABMT     SALAMON, FRANK  left at 16/08/98 17:15:22
11D LSET     ROBINSON, DAVID  left at 16/08/98 17:15:22
11E LSCK     CUTLER, GRAEME  left at 16/08/98 17:15:22
12C ABMT     YORK, BENJAMIN  left at 16/08/98 17:15:22
12D LSET     SMITH, DANIEL  left at 16/08/98 17:15:22
13B ABRO     HINDER, CHRISTOPHER  left at 16/08/98 17:15:22
13C LSMT     RAJECKI, PAUL  left at 16/08/98 17:15:22
13D LSET     SHELTON, KENNETH  left at 16/08/98 17:15:22
13E ABCK     KELLEHER, ANTHONY  left at 16/08/98 17:15:22
14A CPONPC   LENNOX, DAVID  left at 16/08/98 17:15:22
14B ABRO     TELFORD, DIANNE  left at 16/08/98 17:15:22
14C LSMT     WINN, SCOTT  left at 16/08/98 17:15:22
14D ABET     STONE, ADRIAN  left at 16/08/98 17:15:22
14E ABCK     GERLACH, TIMITHY  left at 16/08/98 17:15:22
15A LSNPC    CHAPMAN, MARY  left at 16/08/98 17:15:22
15B ABEWL    ELLIOTT, PAUL  left at 16/08/98 17:15:22
15C POMT     COCKERILL, EWEN  left at 16/08/98 17:15:22
15D ABET     GOODALL, DAVID  left at 16/08/98 17:15:22
15E ABCK     MCCULLOCH, ANDREW  left at 16/08/98 17:15:22
16A LSCD     GRAVES, MICHAEL  left at 16/08/98 17:15:22
16B ABEWT    MAXWELL, KENT  left at 16/08/98 17:15:22
16C ABMT     HARTLEY, LEON  left at 16/08/98 17:15:22
16D ABET     WIGHT, JACQUELINE  left at 16/08/98 17:15:22
16E POWTR    POLLARD, STEWART  left at 16/08/98 17:15:22
17A LSPT     DUNCAN, JASON  left at 16/08/98 17:15:22
17C CPOMT    DAVIES, ADRIAN  left at 16/08/98 17:15:22
17D ABET     KELEY, DARREN  left at 16/08/98 17:15:22
17E LSWTR    SCRASE, JANELLE  left at 16/08/98 17:15:22
18A LSBM(SE) STUART, CHRISTOPHER  left at 16/08/98 17:15:22
18C POMT     HORNE, NIGEL  left at 16/08/98 17:15:22
18D ABET     BRENNAN, MICHAEL  left at 16/08/98 17:15:22
18E ABWTR    PURCELL, MALCOLM  left at 16/08/98 17:15:22
19A CPOB     TRAVIS, DENE  left at 16/08/98 17:15:22
19C LSMT     CAINES, BRETT  left at 16/08/98 17:15:22
19D POET     SCHARF, ANTHONY  left at 16/08/98 17:15:22
19E POSTD    TRENT, ALAN  left at 16/08/98 17:15:22
20A POB      CARR, RITSON  left at 16/08/98 17:15:22
20C ABMT     MOORE, SHANE  left at 16/08/98 17:15:22
20D LSET     BAYLISS, ANDREW  left at 16/08/98 17:15:22
20E LSSTD    WINSHIP, TIMOTHY  left at 16/08/98 17:15:22
21A LSBM     FLEMING, BARRY  left at 16/08/98 17:15:22
21C ABMT     TURNHAM, MARK  left at 16/08/98 17:15:22
21E LSSTD    SPOONER, MARINA  left at 16/08/98 17:15:22
22A ABBM     SANTOS, ALFONSO  left at 16/08/98 17:15:22
22C LSMT     KREINDL, STEVEN  left at 16/08/98 17:15:22
22D ABET     FULLERTON, SEAN  left at 16/08/98 17:15:22
22D ABET     GRENFELL, SCOTT  left at 16/08/98 17:15:22
22E ABSTD    O'MALLEY, SANDRA  left at 16/08/98 17:15:22
23A SMNBM    FITZGERALD, DEAN  left at 16/08/98 17:15:22
23C POMT     SCHREUDERS, GREGORY  left at 16/08/98 17:15:22
23D ABET     O'SHEA, ANDREW  left at 16/08/98 17:15:22
23E ABSTD    ZANONI, MARK  left at 16/08/98 17:15:22
24A SMNBM    PIKKERT, MARCEL  left at 16/08/98 17:15:22
24C ABMT     HUMPHRIES, PAUL  left at 16/08/98 17:15:22
24D POET     JOHNSON, MICHAEL  left at 16/08/98 17:15:22
24E ABSTD    KING, MATTHEW  left at 16/08/98 17:15:22
25A ABBM     DORWARD, MARK  left at 16/08/98 17:15:22
25C POMT     SHEARING, GARRY  left at 16/08/98 17:15:22
25D LSET     ROULSTON, JASON  left at 16/08/98 17:15:22
26A ABBM     FOLEY, JOANNE  left at 16/08/98 17:15:22
26C ABMT     GAVIN, MICHAEL  left at 16/08/98 17:15:22
26D ABET     CRICK, DAMIEN  left at 16/08/98 17:15:22
27A ABBM     MANSER, GEOFFREY  left at 16/08/98 17:15:22
27C ABMT     RADZIEVIC, CHRISTOPHER  left at 16/08/98 17:15:22
27D SMNET    MITCHELL, KABLE  left at 16/08/98 17:15:22
28C ABMT     TROTTER, ANTHONY  left at 16/08/98 17:15:22
28D ABET     CLIFTON, KEVIN  left at 16/08/98 17:15:22
29A CPOCSM   HILL, STEPHEN  left at 16/08/98 17:15:22
29C ABMT     CLARK, SHANE  left at 16/08/98 17:15:22
30A POCSS    DANIELS, WAYNE  left at 16/08/98 17:15:22
30C ABMT     PATTERSON, STEPHEN  left at 16/08/98 17:15:22
31A POCSS    FERGUSON, ALLAN  left at 16/08/98 17:15:22
32A LSCSO    LAWRIE, GLENN  left at 16/08/98 17:15:22
32C SBLT     PHILLIPPS, ZACH  left at 16/08/98 17:15:22
33A LSCSO    HUCKSTADT, RODNEY  left at 16/08/98 17:15:22
34A LSCSO    CAMPBELL, BRUCE  left at 16/08/98 17:15:22
35A LSCSO    JOLEJOLE, SHANE  left at 16/08/98 17:15:22
36A LSCSO    KEMP, ADAM  left at 16/08/98 17:15:22
37A LSCSO    SKEWES, NATHAN  left at 16/08/98 17:15:22
38A LSCSO    NEGUS, OWEN  left at 16/08/98 17:15:22
39A LSCSO    PENGILLY, WAYNE  left at 16/08/98 17:15:22
40A ABCSO    HARRISON, BRIAN  left at 16/08/98 17:15:22
41A ABCSO    BARGERBOS, NATHAN  left at 16/08/98 17:15:22
42A ABCSO    FITZSIMONS, MARK  left at 16/08/98 17:15:22
43A ABCSO    YOUNG, NEIL  left at 16/08/98 17:15:22
44A ABCSO    DAVIS, NATHAN  left at 16/08/98 17:15:22
45A SMNCSO   GREENE, PAUL  left at 16/08/98 17:15:22
46A ABCSO    HARRIS, SHELLEY  left at 16/08/98 17:15:22
47A SMNCSO   VANDERTUUK, YOLANDA  left at 16/08/98 17:15:22
48A SMNCSO   PRICE, MARTIN  left at 16/08/98 17:15:22
49A ABCSO    CLOUGH, ANTHONY  left at 16/08/98 17:15:22
50A SMNCSO   LAWS, PAUL  left at 16/08/98 17:15:22
51A ABCSO    McGUINNESS, JADE  left at 16/08/98 17:15:22
52A SMNCSO   CUSACK, ROWAN  left at 16/08/98 17:15:22
01B POSY     BARNES, DAMIEN  left at 16/08/98 17:15:23
01C LCDR     ENGLISH, STEPHEN  left at 16/08/98 17:15:23
01D LCDR     BASLEY, STEPHEN  left at 16/08/98 17:15:23
01E LCDR     GRUNSELL, ADAM  left at 16/08/98 17:15:23
01F LSMED    HORSBURGH, KAREN  left at 16/08/98 17:15:23
02A LCDR     VANDYKE, JOHN  left at 16/08/98 17:15:23
02B LSSIG    MARSHALL, LEONARD  left at 16/08/98 17:15:23
02C LEUT     GRIFFITHS, DARRYL  left at 16/08/98 17:15:23
02D LEUT     CHARLES, MARTIN  left at 16/08/98 17:15:23
02E LEUT     ROBSON, KELLIE  left at 16/08/98 17:15:23
03A LEUT     GODDARD, LEE  left at 16/08/98 17:15:23
03B LSSIG    OWEN, CRAIG  left at 16/08/98 17:15:23
03C LEUT     WICKHAM, BRETT  left at 16/08/98 17:15:23
03D LEUT     DAMM, WAYNE  left at 16/08/98 17:15:23
03E POSN     SYMONS, KENNETH  left at 16/08/98 17:15:23
04A LCDR     MEAD, JONATHON  left at 16/08/98 17:15:23
04B ABSIG    GERDTZ, PAUL  left at 16/08/98 17:15:23
04C CPOMT    SCHNEIDEREIT, RALPH  left at 16/08/98 17:15:23
04D CPOET    HALL, ADAM  left at 16/08/98 17:15:23
04E LSSN     PHILLIPS, PAUL  left at 16/08/98 17:15:23
05A LEUT     JONES, JUSTIN  left at 16/08/98 17:15:23
05B SMNSIG   MUIR, MARK  left at 16/08/98 17:15:23
05C POMT     BRADEN, NICHOLAS  left at 16/08/98 17:15:23
05D POET     LLOYD, ROBERT  left at 16/08/98 17:15:23
05E ABSN     POLLOCK, MICHAEL  left at 16/08/98 17:15:23
06A SBLT     JONES, TRAVIS  left at 16/08/98 17:15:23
06B ABSIG    PARKER, ARRON  left at 16/08/98 17:15:23
06C LSMT     KARAM, JONATHON  left at 16/08/98 17:15:23
06D LSET     NORRIS, DAMEON  left at 16/08/98 17:15:23
06E ABSN     HENSCHKE, PATRICIA  left at 16/08/98 17:15:23
07A LEUT     O'GRADY, PAUL  left at 16/08/98 17:15:23
07B ABSIG    FISHER, KIM  left at 16/08/98 17:15:23
07C ABMT     WALSH, MATTHEW  left at 16/08/98 17:15:23
07D ABET     HANNEMANN, TONY  left at 16/08/98 17:15:23
07E LSSN     BARTON-ANCLIFFE, KATHERINE  left at 16/08/98 17:15:23
08B PORS     DUMMETT, STEPHEN  left at 16/08/98 17:15:23
08C ABMT     BRIGGS, ANDREW  left at 16/08/98 17:15:23
08D CPOET    WALKER, JOHN  left at 16/08/98 17:15:23
08E ABSN     KING, ANTHONY  left at 16/08/98 17:15:23
09A SBLT     BAIRD, PETER  left at 16/08/98 17:15:23
09B LSRO     FAWCETT, DONALD  left at 16/08/98 17:15:23
09C POMT     PARRY, CAMERON  left at 16/08/98 17:15:23
09D POET     GROSE, CHRISTOPHER  left at 16/08/98 17:15:23
09E CPOCK    HARNETT, GARY  left at 16/08/98 17:15:23
10A SBLT     ROSSER, NARELLE  left at 16/08/98 17:15:23
10B LSRO     ELLIOTT, KENNETH  left at 16/08/98 17:15:23
10C LSMT     OLIVER, JOHN  left at 16/08/98 17:15:23
10D POET     THOMASON, DAVID  left at 16/08/98 17:15:23
10E LSCK     CHEYNE, SANDRA  left at 16/08/98 17:15:23
11B ABRO     EGAN, WARREN  left at 16/08/98 17:15:23
11C ABMT     SALAMON, FRANK  left at 16/08/98 17:15:23
11D LSET     ROBINSON, DAVID  left at 16/08/98 17:15:23
11E LSCK     CUTLER, GRAEME  left at 16/08/98 17:15:23
12C ABMT     YORK, BENJAMIN  left at 16/08/98 17:15:23
12D LSET     SMITH, DANIEL  left at 16/08/98 17:15:23
13B ABRO     HINDER, CHRISTOPHER  left at 16/08/98 17:15:23
13C LSMT     RAJECKI, PAUL  left at 16/08/98 17:15:23
13D LSET     SHELTON, KENNETH  left at 16/08/98 17:15:23
13E ABCK     KELLEHER, ANTHONY  left at 16/08/98 17:15:23
14A CPONPC   LENNOX, DAVID  left at 16/08/98 17:15:23
14B ABRO     TELFORD, DIANNE  left at 16/08/98 17:15:23
14C LSMT     WINN, SCOTT  left at 16/08/98 17:15:23
14D ABET     STONE, ADRIAN  left at 16/08/98 17:15:23
14E ABCK     GERLACH, TIMITHY  left at 16/08/98 17:15:23
15A LSNPC    CHAPMAN, MARY  left at 16/08/98 17:15:23
15B ABEWL    ELLIOTT, PAUL  left at 16/08/98 17:15:23
15C POMT     COCKERILL, EWEN  left at 16/08/98 17:15:23
15D ABET     GOODALL, DAVID  left at 16/08/98 17:15:23
15E ABCK     MCCULLOCH, ANDREW  left at 16/08/98 17:15:23
16A LSCD     GRAVES, MICHAEL  left at 16/08/98 17:15:23
16B ABEWT    MAXWELL, KENT  left at 16/08/98 17:15:23
16C ABMT     HARTLEY, LEON  left at 16/08/98 17:15:23
16D ABET     WIGHT, JACQUELINE  left at 16/08/98 17:15:23
16E POWTR    POLLARD, STEWART  left at 16/08/98 17:15:23
17A LSPT     DUNCAN, JASON  left at 16/08/98 17:15:23
17C CPOMT    DAVIES, ADRIAN  left at 16/08/98 17:15:23
17D ABET     KELEY, DARREN  left at 16/08/98 17:15:23
17E LSWTR    SCRASE, JANELLE  left at 16/08/98 17:15:23
18A LSBM(SE) STUART, CHRISTOPHER  left at 16/08/98 17:15:23
18C POMT     HORNE, NIGEL  left at 16/08/98 17:15:23
18D ABET     BRENNAN, MICHAEL  left at 16/08/98 17:15:23
18E ABWTR    PURCELL, MALCOLM  left at 16/08/98 17:15:23
19A CPOB     TRAVIS, DENE  left at 16/08/98 17:15:23
19C LSMT     CAINES, BRETT  left at 16/08/98 17:15:23
19D POET     SCHARF, ANTHONY  left at 16/08/98 17:15:23
19E POSTD    TRENT, ALAN  left at 16/08/98 17:15:23
20A POB      CARR, RITSON  left at 16/08/98 17:15:23
20C ABMT     MOORE, SHANE  left at 16/08/98 17:15:23
20D LSET     BAYLISS, ANDREW  left at 16/08/98 17:15:23
20E LSSTD    WINSHIP, TIMOTHY  left at 16/08/98 17:15:23
21A LSBM     FLEMING, BARRY  left at 16/08/98 17:15:23
21C ABMT     TURNHAM, MARK  left at 16/08/98 17:15:23
21E LSSTD    SPOONER, MARINA  left at 16/08/98 17:15:23
22A ABBM     SANTOS, ALFONSO  left at 16/08/98 17:15:23
22C LSMT     KREINDL, STEVEN  left at 16/08/98 17:15:23
22D ABET     FULLERTON, SEAN  left at 16/08/98 17:15:23
22D ABET     GRENFELL, SCOTT  left at 16/08/98 17:15:23
22E ABSTD    O'MALLEY, SANDRA  left at 16/08/98 17:15:23
23A SMNBM    FITZGERALD, DEAN  left at 16/08/98 17:15:23
23C POMT     SCHREUDERS, GREGORY  left at 16/08/98 17:15:23
23D ABET     O'SHEA, ANDREW  left at 16/08/98 17:15:23
23E ABSTD    ZANONI, MARK  left at 16/08/98 17:15:23
24A SMNBM    PIKKERT, MARCEL  left at 16/08/98 17:15:23
24C ABMT     HUMPHRIES, PAUL  left at 16/08/98 17:15:23
24D POET     JOHNSON, MICHAEL  left at 16/08/98 17:15:23
24E ABSTD    KING, MATTHEW  left at 16/08/98 17:15:23
25A ABBM     DORWARD, MARK  left at 16/08/98 17:15:23
25C POMT     SHEARING, GARRY  left at 16/08/98 17:15:23
25D LSET     ROULSTON, JASON  left at 16/08/98 17:15:23
26A ABBM     FOLEY, JOANNE  left at 16/08/98 17:15:23
26C ABMT     GAVIN, MICHAEL  left at 16/08/98 17:15:23
26D ABET     CRICK, DAMIEN  left at 16/08/98 17:15:23
27A ABBM     MANSER, GEOFFREY  left at 16/08/98 17:15:23
27C ABMT     RADZIEVIC, CHRISTOPHER  left at 16/08/98 17:15:23
27D SMNET    MITCHELL, KABLE  left at 16/08/98 17:15:23
28C ABMT     TROTTER, ANTHONY  left at 16/08/98 17:15:23
28D ABET     CLIFTON, KEVIN  left at 16/08/98 17:15:23
29A CPOCSM   HILL, STEPHEN  left at 16/08/98 17:15:23
29C ABMT     CLARK, SHANE  left at 16/08/98 17:15:23
30A POCSS    DANIELS, WAYNE  left at 16/08/98 17:15:23
30C ABMT     PATTERSON, STEPHEN  left at 16/08/98 17:15:23
31A POCSS    FERGUSON, ALLAN  left at 16/08/98 17:15:23
32A LSCSO    LAWRIE, GLENN  left at 16/08/98 17:15:23
32C SBLT     PHILLIPPS, ZACH  left at 16/08/98 17:15:23
33A LSCSO    HUCKSTADT, RODNEY  left at 16/08/98 17:15:23
34A LSCSO    CAMPBELL, BRUCE  left at 16/08/98 17:15:23
35A LSCSO    JOLEJOLE, SHANE  left at 16/08/98 17:15:23
36A LSCSO    KEMP, ADAM  left at 16/08/98 17:15:23
37A LSCSO    SKEWES, NATHAN  left at 16/08/98 17:15:23
38A LSCSO    NEGUS, OWEN  left at 16/08/98 17:15:23
39A LSCSO    PENGILLY, WAYNE  left at 16/08/98 17:15:23
40A ABCSO    HARRISON, BRIAN  left at 16/08/98 17:15:23
41A ABCSO    BARGERBOS, NATHAN  left at 16/08/98 17:15:23
42A ABCSO    FITZSIMONS, MARK  left at 16/08/98 17:15:23
43A ABCSO    YOUNG, NEIL  left at 16/08/98 17:15:23
44A ABCSO    DAVIS, NATHAN  left at 16/08/98 17:15:23
45A SMNCSO   GREENE, PAUL  left at 16/08/98 17:15:23
46A ABCSO    HARRIS, SHELLEY  left at 16/08/98 17:15:23
47A SMNCSO   VANDERTUUK, YOLANDA  left at 16/08/98 17:15:23
48A SMNCSO   PRICE, MARTIN  left at 16/08/98 17:15:23
49A ABCSO    CLOUGH, ANTHONY  left at 16/08/98 17:15:23
50A SMNCSO   LAWS, PAUL  left at 16/08/98 17:15:23
51A ABCSO    McGUINNESS, JADE  left at 16/08/98 17:15:23
52A SMNCSO   CUSACK, ROWAN  left at 16/08/98 17:15:23
01A CMDR     YORKE, GREGORY  came onboard at 16/08/98 17:15:24
03A LEUT     GODDARD, LEE  came onboard at 16/08/98 17:15:24
01B POSY     BARNES, DAMIEN  left at 16/08/98 17:15:25
01C LCDR     ENGLISH, STEPHEN  left at 16/08/98 17:15:25
01D LCDR     BASLEY, STEPHEN  left at 16/08/98 17:15:25
01E LCDR     GRUNSELL, ADAM  left at 16/08/98 17:15:25
01F LSMED    HORSBURGH, KAREN  left at 16/08/98 17:15:25
02A LCDR     VANDYKE, JOHN  left at 16/08/98 17:15:25
02B LSSIG    MARSHALL, LEONARD  left at 16/08/98 17:15:25
02C LEUT     GRIFFITHS, DARRYL  left at 16/08/98 17:15:25
02D LEUT     CHARLES, MARTIN  left at 16/08/98 17:15:25
02E LEUT     ROBSON, KELLIE  left at 16/08/98 17:15:25
03B LSSIG    OWEN, CRAIG  left at 16/08/98 17:15:25
03C LEUT     WICKHAM, BRETT  left at 16/08/98 17:15:25
03D LEUT     DAMM, WAYNE  left at 16/08/98 17:15:25
03E POSN     SYMONS, KENNETH  left at 16/08/98 17:15:25
04A LCDR     MEAD, JONATHON  left at 16/08/98 17:15:25
04B ABSIG    GERDTZ, PAUL  left at 16/08/98 17:15:25
04C CPOMT    SCHNEIDEREIT, RALPH  left at 16/08/98 17:15:25
04D CPOET    HALL, ADAM  left at 16/08/98 17:15:25
04E LSSN     PHILLIPS, PAUL  left at 16/08/98 17:15:25
05A LEUT     JONES, JUSTIN  left at 16/08/98 17:15:25
05B SMNSIG   MUIR, MARK  left at 16/08/98 17:15:25
05C POMT     BRADEN, NICHOLAS  left at 16/08/98 17:15:25
05D POET     LLOYD, ROBERT  left at 16/08/98 17:15:25
05E ABSN     POLLOCK, MICHAEL  left at 16/08/98 17:15:25
06A SBLT     JONES, TRAVIS  left at 16/08/98 17:15:25
06B ABSIG    PARKER, ARRON  left at 16/08/98 17:15:25
06C LSMT     KARAM, JONATHON  left at 16/08/98 17:15:25
06D LSET     NORRIS, DAMEON  left at 16/08/98 17:15:25
06E ABSN     HENSCHKE, PATRICIA  left at 16/08/98 17:15:25
07A LEUT     O'GRADY, PAUL  left at 16/08/98 17:15:25
07B ABSIG    FISHER, KIM  left at 16/08/98 17:15:25
07C ABMT     WALSH, MATTHEW  left at 16/08/98 17:15:25
07D ABET     HANNEMANN, TONY  left at 16/08/98 17:15:25
07E LSSN     BARTON-ANCLIFFE, KATHERINE  left at 16/08/98 17:15:25
08B PORS     DUMMETT, STEPHEN  left at 16/08/98 17:15:25
08C ABMT     BRIGGS, ANDREW  left at 16/08/98 17:15:25
08D CPOET    WALKER, JOHN  left at 16/08/98 17:15:25
08E ABSN     KING, ANTHONY  left at 16/08/98 17:15:25
09A SBLT     BAIRD, PETER  left at 16/08/98 17:15:25
09B LSRO     FAWCETT, DONALD  left at 16/08/98 17:15:25
09C POMT     PARRY, CAMERON  left at 16/08/98 17:15:25
09D POET     GROSE, CHRISTOPHER  left at 16/08/98 17:15:25
09E CPOCK    HARNETT, GARY  left at 16/08/98 17:15:25
10A SBLT     ROSSER, NARELLE  left at 16/08/98 17:15:25
10B LSRO     ELLIOTT, KENNETH  left at 16/08/98 17:15:25
10C LSMT     OLIVER, JOHN  left at 16/08/98 17:15:25
10D POET     THOMASON, DAVID  left at 16/08/98 17:15:25
10E LSCK     CHEYNE, SANDRA  left at 16/08/98 17:15:25
11B ABRO     EGAN, WARREN  left at 16/08/98 17:15:25
11C ABMT     SALAMON, FRANK  left at 16/08/98 17:15:25
11D LSET     ROBINSON, DAVID  left at 16/08/98 17:15:25
11E LSCK     CUTLER, GRAEME  left at 16/08/98 17:15:25
12C ABMT     YORK, BENJAMIN  left at 16/08/98 17:15:25
12D LSET     SMITH, DANIEL  left at 16/08/98 17:15:25
13B ABRO     HINDER, CHRISTOPHER  left at 16/08/98 17:15:25
13C LSMT     RAJECKI, PAUL  left at 16/08/98 17:15:25
13D LSET     SHELTON, KENNETH  left at 16/08/98 17:15:25
13E ABCK     KELLEHER, ANTHONY  left at 16/08/98 17:15:25
14A CPONPC   LENNOX, DAVID  left at 16/08/98 17:15:25
14B ABRO     TELFORD, DIANNE  left at 16/08/98 17:15:25
14C LSMT     WINN, SCOTT  left at 16/08/98 17:15:25
14D ABET     STONE, ADRIAN  left at 16/08/98 17:15:25
14E ABCK     GERLACH, TIMITHY  left at 16/08/98 17:15:25
15A LSNPC    CHAPMAN, MARY  left at 16/08/98 17:15:25
15B ABEWL    ELLIOTT, PAUL  left at 16/08/98 17:15:25
15C POMT     COCKERILL, EWEN  left at 16/08/98 17:15:25
15D ABET     GOODALL, DAVID  left at 16/08/98 17:15:25
15E ABCK     MCCULLOCH, ANDREW  left at 16/08/98 17:15:25
16A LSCD     GRAVES, MICHAEL  left at 16/08/98 17:15:25
16B ABEWT    MAXWELL, KENT  left at 16/08/98 17:15:25
16C ABMT     HARTLEY, LEON  left at 16/08/98 17:15:26
16D ABET     WIGHT, JACQUELINE  left at 16/08/98 17:15:26
16E POWTR    POLLARD, STEWART  left at 16/08/98 17:15:26
17A LSPT     DUNCAN, JASON  left at 16/08/98 17:15:26
17C CPOMT    DAVIES, ADRIAN  left at 16/08/98 17:15:26
17D ABET     KELEY, DARREN  left at 16/08/98 17:15:26
17E LSWTR    SCRASE, JANELLE  left at 16/08/98 17:15:26
18A LSBM(SE) STUART, CHRISTOPHER  left at 16/08/98 17:15:26
18C POMT     HORNE, NIGEL  left at 16/08/98 17:15:26
18D ABET     BRENNAN, MICHAEL  left at 16/08/98 17:15:26
18E ABWTR    PURCELL, MALCOLM  left at 16/08/98 17:15:26
19A CPOB     TRAVIS, DENE  left at 16/08/98 17:15:26
19C LSMT     CAINES, BRETT  left at 16/08/98 17:15:26
19D POET     SCHARF, ANTHONY  left at 16/08/98 17:15:26
19E POSTD    TRENT, ALAN  left at 16/08/98 17:15:26
20A POB      CARR, RITSON  left at 16/08/98 17:15:26
20C ABMT     MOORE, SHANE  left at 16/08/98 17:15:26
20D LSET     BAYLISS, ANDREW  left at 16/08/98 17:15:26
20E LSSTD    WINSHIP, TIMOTHY  left at 16/08/98 17:15:26
21A LSBM     FLEMING, BARRY  left at 16/08/98 17:15:26
21C ABMT     TURNHAM, MARK  left at 16/08/98 17:15:26
21E LSSTD    SPOONER, MARINA  left at 16/08/98 17:15:26
22A ABBM     SANTOS, ALFONSO  left at 16/08/98 17:15:26
22C LSMT     KREINDL, STEVEN  left at 16/08/98 17:15:26
22D ABET     FULLERTON, SEAN  left at 16/08/98 17:15:26
22D ABET     GRENFELL, SCOTT  left at 16/08/98 17:15:26
22E ABSTD    O'MALLEY, SANDRA  left at 16/08/98 17:15:26
23A SMNBM    FITZGERALD, DEAN  left at 16/08/98 17:15:26
23C POMT     SCHREUDERS, GREGORY  left at 16/08/98 17:15:26
23D ABET     O'SHEA, ANDREW  left at 16/08/98 17:15:26
23E ABSTD    ZANONI, MARK  left at 16/08/98 17:15:26
24A SMNBM    PIKKERT, MARCEL  left at 16/08/98 17:15:26
24C ABMT     HUMPHRIES, PAUL  left at 16/08/98 17:15:26
24D POET     JOHNSON, MICHAEL  left at 16/08/98 17:15:26
24E ABSTD    KING, MATTHEW  left at 16/08/98 17:15:26
25A ABBM     DORWARD, MARK  left at 16/08/98 17:15:26
25C POMT     SHEARING, GARRY  left at 16/08/98 17:15:26
25D LSET     ROULSTON, JASON  left at 16/08/98 17:15:26
26A ABBM     FOLEY, JOANNE  left at 16/08/98 17:15:26
26C ABMT     GAVIN, MICHAEL  left at 16/08/98 17:15:26
26D ABET     CRICK, DAMIEN  left at 16/08/98 17:15:26
27A ABBM     MANSER, GEOFFREY  left at 16/08/98 17:15:26
27C ABMT     RADZIEVIC, CHRISTOPHER  left at 16/08/98 17:15:26
27D SMNET    MITCHELL, KABLE  left at 16/08/98 17:15:26
28C ABMT     TROTTER, ANTHONY  left at 16/08/98 17:15:26
28D ABET     CLIFTON, KEVIN  left at 16/08/98 17:15:26
29A CPOCSM   HILL, STEPHEN  left at 16/08/98 17:15:26
29C ABMT     CLARK, SHANE  left at 16/08/98 17:15:26
30A POCSS    DANIELS, WAYNE  left at 16/08/98 17:15:26
30C ABMT     PATTERSON, STEPHEN  left at 16/08/98 17:15:26
31A POCSS    FERGUSON, ALLAN  left at 16/08/98 17:15:26
32A LSCSO    LAWRIE, GLENN  left at 16/08/98 17:15:26
32C SBLT     PHILLIPPS, ZACH  left at 16/08/98 17:15:26
33A LSCSO    HUCKSTADT, RODNEY  left at 16/08/98 17:15:26
34A LSCSO    CAMPBELL, BRUCE  left at 16/08/98 17:15:26
35A LSCSO    JOLEJOLE, SHANE  left at 16/08/98 17:15:26
36A LSCSO    KEMP, ADAM  left at 16/08/98 17:15:26
37A LSCSO    SKEWES, NATHAN  left at 16/08/98 17:15:26
38A LSCSO    NEGUS, OWEN  left at 16/08/98 17:15:26
39A LSCSO    PENGILLY, WAYNE  left at 16/08/98 17:15:26
40A ABCSO    HARRISON, BRIAN  left at 16/08/98 17:15:26
41A ABCSO    BARGERBOS, NATHAN  left at 16/08/98 17:15:26
42A ABCSO    FITZSIMONS, MARK  left at 16/08/98 17:15:26
43A ABCSO    YOUNG, NEIL  left at 16/08/98 17:15:26
44A ABCSO    DAVIS, NATHAN  left at 16/08/98 17:15:26
45A SMNCSO   GREENE, PAUL  left at 16/08/98 17:15:26
46A ABCSO    HARRIS, SHELLEY  left at 16/08/98 17:15:26
47A SMNCSO   VANDERTUUK, YOLANDA  left at 16/08/98 17:15:26
48A SMNCSO   PRICE, MARTIN  left at 16/08/98 17:15:26
49A ABCSO    CLOUGH, ANTHONY  left at 16/08/98 17:15:26
50A SMNCSO   LAWS, PAUL  left at 16/08/98 17:15:26
51A ABCSO    McGUINNESS, JADE  left at 16/08/98 17:15:26
52A SMNCSO   CUSACK, ROWAN  left at 16/08/98 17:15:26
01A CMDR     YORKE, GREGORY  came onboard at 16/08/98 17:15:32
03A LEUT     GODDARD, LEE  came onboard at 16/08/98 17:15:32
03C LEUT     WICKHAM, BRETT  came onboard at 16/08/98 17:15:32
01B POSY     BARNES, DAMIEN  left at 16/08/98 17:15:33
01C LCDR     ENGLISH, STEPHEN  left at 16/08/98 17:15:33
01D LCDR     BASLEY, STEPHEN  left at 16/08/98 17:15:33
01E LCDR     GRUNSELL, ADAM  left at 16/08/98 17:15:33
01F LSMED    HORSBURGH, KAREN  left at 16/08/98 17:15:33
02A LCDR     VANDYKE, JOHN  left at 16/08/98 17:15:33
02B LSSIG    MARSHALL, LEONARD  left at 16/08/98 17:15:33
02C LEUT     GRIFFITHS, DARRYL  left at 16/08/98 17:15:33
02D LEUT     CHARLES, MARTIN  left at 16/08/98 17:15:33
02E LEUT     ROBSON, KELLIE  left at 16/08/98 17:15:33
03B LSSIG    OWEN, CRAIG  left at 16/08/98 17:15:33
03D LEUT     DAMM, WAYNE  left at 16/08/98 17:15:33
03E POSN     SYMONS, KENNETH  left at 16/08/98 17:15:33
04A LCDR     MEAD, JONATHON  left at 16/08/98 17:15:33
04B ABSIG    GERDTZ, PAUL  left at 16/08/98 17:15:33
04C CPOMT    SCHNEIDEREIT, RALPH  left at 16/08/98 17:15:33
04D CPOET    HALL, ADAM  left at 16/08/98 17:15:33
04E LSSN     PHILLIPS, PAUL  left at 16/08/98 17:15:33
05A LEUT     JONES, JUSTIN  left at 16/08/98 17:15:33
05B SMNSIG   MUIR, MARK  left at 16/08/98 17:15:33
05C POMT     BRADEN, NICHOLAS  left at 16/08/98 17:15:33
05D POET     LLOYD, ROBERT  left at 16/08/98 17:15:33
05E ABSN     POLLOCK, MICHAEL  left at 16/08/98 17:15:33
06A SBLT     JONES, TRAVIS  left at 16/08/98 17:15:33
06B ABSIG    PARKER, ARRON  left at 16/08/98 17:15:33
06C LSMT     KARAM, JONATHON  left at 16/08/98 17:15:33
06D LSET     NORRIS, DAMEON  left at 16/08/98 17:15:33
06E ABSN     HENSCHKE, PATRICIA  left at 16/08/98 17:15:33
07A LEUT     O'GRADY, PAUL  left at 16/08/98 17:15:33
07B ABSIG    FISHER, KIM  left at 16/08/98 17:15:33
07C ABMT     WALSH, MATTHEW  left at 16/08/98 17:15:33
07D ABET     HANNEMANN, TONY  left at 16/08/98 17:15:33
07E LSSN     BARTON-ANCLIFFE, KATHERINE  left at 16/08/98 17:15:33
08B PORS     DUMMETT, STEPHEN  left at 16/08/98 17:15:33
08C ABMT     BRIGGS, ANDREW  left at 16/08/98 17:15:33
08D CPOET    WALKER, JOHN  left at 16/08/98 17:15:33
08E ABSN     KING, ANTHONY  left at 16/08/98 17:15:33
09A SBLT     BAIRD, PETER  left at 16/08/98 17:15:33
09B LSRO     FAWCETT, DONALD  left at 16/08/98 17:15:33
09C POMT     PARRY, CAMERON  left at 16/08/98 17:15:33
09D POET     GROSE, CHRISTOPHER  left at 16/08/98 17:15:33
09E CPOCK    HARNETT, GARY  left at 16/08/98 17:15:33
10A SBLT     ROSSER, NARELLE  left at 16/08/98 17:15:33
10B LSRO     ELLIOTT, KENNETH  left at 16/08/98 17:15:33
10C LSMT     OLIVER, JOHN  left at 16/08/98 17:15:33
10D POET     THOMASON, DAVID  left at 16/08/98 17:15:33
10E LSCK     CHEYNE, SANDRA  left at 16/08/98 17:15:33
11B ABRO     EGAN, WARREN  left at 16/08/98 17:15:33
11C ABMT     SALAMON, FRANK  left at 16/08/98 17:15:33
11D LSET     ROBINSON, DAVID  left at 16/08/98 17:15:33
11E LSCK     CUTLER, GRAEME  left at 16/08/98 17:15:33
12C ABMT     YORK, BENJAMIN  left at 16/08/98 17:15:33
12D LSET     SMITH, DANIEL  left at 16/08/98 17:15:33
13B ABRO     HINDER, CHRISTOPHER  left at 16/08/98 17:15:33
13C LSMT     RAJECKI, PAUL  left at 16/08/98 17:15:33
13D LSET     SHELTON, KENNETH  left at 16/08/98 17:15:33
13E ABCK     KELLEHER, ANTHONY  left at 16/08/98 17:15:33
14A CPONPC   LENNOX, DAVID  left at 16/08/98 17:15:33
14B ABRO     TELFORD, DIANNE  left at 16/08/98 17:15:33
14C LSMT     WINN, SCOTT  left at 16/08/98 17:15:33
14D ABET     STONE, ADRIAN  left at 16/08/98 17:15:33
14E ABCK     GERLACH, TIMITHY  left at 16/08/98 17:15:33
15A LSNPC    CHAPMAN, MARY  left at 16/08/98 17:15:33
15B ABEWL    ELLIOTT, PAUL  left at 16/08/98 17:15:33
15C POMT     COCKERILL, EWEN  left at 16/08/98 17:15:33
15D ABET     GOODALL, DAVID  left at 16/08/98 17:15:33
15E ABCK     MCCULLOCH, ANDREW  left at 16/08/98 17:15:33
16A LSCD     GRAVES, MICHAEL  left at 16/08/98 17:15:33
16B ABEWT    MAXWELL, KENT  left at 16/08/98 17:15:33
16C ABMT     HARTLEY, LEON  left at 16/08/98 17:15:33
16D ABET     WIGHT, JACQUELINE  left at 16/08/98 17:15:33
16E POWTR    POLLARD, STEWART  left at 16/08/98 17:15:33
17A LSPT     DUNCAN, JASON  left at 16/08/98 17:15:33
17C CPOMT    DAVIES, ADRIAN  left at 16/08/98 17:15:33
17D ABET     KELEY, DARREN  left at 16/08/98 17:15:33
17E LSWTR    SCRASE, JANELLE  left at 16/08/98 17:15:33
18A LSBM(SE) STUART, CHRISTOPHER  left at 16/08/98 17:15:33
18C POMT     HORNE, NIGEL  left at 16/08/98 17:15:33
18D ABET     BRENNAN, MICHAEL  left at 16/08/98 17:15:33
18E ABWTR    PURCELL, MALCOLM  left at 16/08/98 17:15:33
19A CPOB     TRAVIS, DENE  left at 16/08/98 17:15:33
19C LSMT     CAINES, BRETT  left at 16/08/98 17:15:33
19D POET     SCHARF, ANTHONY  left at 16/08/98 17:15:33
19E POSTD    TRENT, ALAN  left at 16/08/98 17:15:33
20A POB      CARR, RITSON  left at 16/08/98 17:15:33
20C ABMT     MOORE, SHANE  left at 16/08/98 17:15:33
20D LSET     BAYLISS, ANDREW  left at 16/08/98 17:15:33
20E LSSTD    WINSHIP, TIMOTHY  left at 16/08/98 17:15:33
21A LSBM     FLEMING, BARRY  left at 16/08/98 17:15:33
21C ABMT     TURNHAM, MARK  left at 16/08/98 17:15:33
21E LSSTD    SPOONER, MARINA  left at 16/08/98 17:15:33
22A ABBM     SANTOS, ALFONSO  left at 16/08/98 17:15:33
22C LSMT     KREINDL, STEVEN  left at 16/08/98 17:15:33
22D ABET     FULLERTON, SEAN  left at 16/08/98 17:15:33
22D ABET     GRENFELL, SCOTT  left at 16/08/98 17:15:33
22E ABSTD    O'MALLEY, SANDRA  left at 16/08/98 17:15:33
23A SMNBM    FITZGERALD, DEAN  left at 16/08/98 17:15:33
23C POMT     SCHREUDERS, GREGORY  left at 16/08/98 17:15:33
23D ABET     O'SHEA, ANDREW  left at 16/08/98 17:15:33
23E ABSTD    ZANONI, MARK  left at 16/08/98 17:15:33
24A SMNBM    PIKKERT, MARCEL  left at 16/08/98 17:15:33
24C ABMT     HUMPHRIES, PAUL  left at 16/08/98 17:15:33
24D POET     JOHNSON, MICHAEL  left at 16/08/98 17:15:33
24E ABSTD    KING, MATTHEW  left at 16/08/98 17:15:33
25A ABBM     DORWARD, MARK  left at 16/08/98 17:15:33
25C POMT     SHEARING, GARRY  left at 16/08/98 17:15:33
25D LSET     ROULSTON, JASON  left at 16/08/98 17:15:33
26A ABBM     FOLEY, JOANNE  left at 16/08/98 17:15:33
26C ABMT     GAVIN, MICHAEL  left at 16/08/98 17:15:33
26D ABET     CRICK, DAMIEN  left at 16/08/98 17:15:33
27A ABBM     MANSER, GEOFFREY  left at 16/08/98 17:15:33
27C ABMT     RADZIEVIC, CHRISTOPHER  left at 16/08/98 17:15:33
27D SMNET    MITCHELL, KABLE  left at 16/08/98 17:15:33
28C ABMT     TROTTER, ANTHONY  left at 16/08/98 17:15:33
28D ABET     CLIFTON, KEVIN  left at 16/08/98 17:15:33
29A CPOCSM   HILL, STEPHEN  left at 16/08/98 17:15:33
29C ABMT     CLARK, SHANE  left at 16/08/98 17:15:33
30A POCSS    DANIELS, WAYNE  left at 16/08/98 17:15:33
30C ABMT     PATTERSON, STEPHEN  left at 16/08/98 17:15:33
31A POCSS    FERGUSON, ALLAN  left at 16/08/98 17:15:33
32A LSCSO    LAWRIE, GLENN  left at 16/08/98 17:15:33
32C SBLT     PHILLIPPS, ZACH  left at 16/08/98 17:15:33
33A LSCSO    HUCKSTADT, RODNEY  left at 16/08/98 17:15:33
34A LSCSO    CAMPBELL, BRUCE  left at 16/08/98 17:15:33
35A LSCSO    JOLEJOLE, SHANE  left at 16/08/98 17:15:33
36A LSCSO    KEMP, ADAM  left at 16/08/98 17:15:33
37A LSCSO    SKEWES, NATHAN  left at 16/08/98 17:15:33
38A LSCSO    NEGUS, OWEN  left at 16/08/98 17:15:33
39A LSCSO    PENGILLY, WAYNE  left at 16/08/98 17:15:33
40A ABCSO    HARRISON, BRIAN  left at 16/08/98 17:15:33
41A ABCSO    BARGERBOS, NATHAN  left at 16/08/98 17:15:33
42A ABCSO    FITZSIMONS, MARK  left at 16/08/98 17:15:33
43A ABCSO    YOUNG, NEIL  left at 16/08/98 17:15:33
44A ABCSO    DAVIS, NATHAN  left at 16/08/98 17:15:33
45A SMNCSO   GREENE, PAUL  left at 16/08/98 17:15:33
46A ABCSO    HARRIS, SHELLEY  left at 16/08/98 17:15:33
47A SMNCSO   VANDERTUUK, YOLANDA  left at 16/08/98 17:15:33
48A SMNCSO   PRICE, MARTIN  left at 16/08/98 17:15:33
49A ABCSO    CLOUGH, ANTHONY  left at 16/08/98 17:15:33
50A SMNCSO   LAWS, PAUL  left at 16/08/98 17:15:33
51A ABCSO    McGUINNESS, JADE  left at 16/08/98 17:15:33
52A SMNCSO   CUSACK, ROWAN  left at 16/08/98 17:15:33
01B POSY     BARNES, DAMIEN  left at 16/08/98 17:15:33
01C LCDR     ENGLISH, STEPHEN  left at 16/08/98 17:15:33
01D LCDR     BASLEY, STEPHEN  left at 16/08/98 17:15:33
01E LCDR     GRUNSELL, ADAM  left at 16/08/98 17:15:33
01F LSMED    HORSBURGH, KAREN  left at 16/08/98 17:15:33
02A LCDR     VANDYKE, JOHN  left at 16/08/98 17:15:33
02B LSSIG    MARSHALL, LEONARD  left at 16/08/98 17:15:33
02C LEUT     GRIFFITHS, DARRYL  left at 16/08/98 17:15:33
02D LEUT     CHARLES, MARTIN  left at 16/08/98 17:15:33
02E LEUT     ROBSON, KELLIE  left at 16/08/98 17:15:33
03B LSSIG    OWEN, CRAIG  left at 16/08/98 17:15:33
03D LEUT     DAMM, WAYNE  left at 16/08/98 17:15:33
03E POSN     SYMONS, KENNETH  left at 16/08/98 17:15:33
04A LCDR     MEAD, JONATHON  left at 16/08/98 17:15:33
04B ABSIG    GERDTZ, PAUL  left at 16/08/98 17:15:33
04C CPOMT    SCHNEIDEREIT, RALPH  left at 16/08/98 17:15:33
04D CPOET    HALL, ADAM  left at 16/08/98 17:15:33
04E LSSN     PHILLIPS, PAUL  left at 16/08/98 17:15:33
05A LEUT     JONES, JUSTIN  left at 16/08/98 17:15:33
05B SMNSIG   MUIR, MARK  left at 16/08/98 17:15:33
05C POMT     BRADEN, NICHOLAS  left at 16/08/98 17:15:33
05D POET     LLOYD, ROBERT  left at 16/08/98 17:15:33
05E ABSN     POLLOCK, MICHAEL  left at 16/08/98 17:15:33
06A SBLT     JONES, TRAVIS  left at 16/08/98 17:15:33
06B ABSIG    PARKER, ARRON  left at 16/08/98 17:15:33
06C LSMT     KARAM, JONATHON  left at 16/08/98 17:15:33
06D LSET     NORRIS, DAMEON  left at 16/08/98 17:15:33
06E ABSN     HENSCHKE, PATRICIA  left at 16/08/98 17:15:33
07A LEUT     O'GRADY, PAUL  left at 16/08/98 17:15:33
07B ABSIG    FISHER, KIM  left at 16/08/98 17:15:33
07C ABMT     WALSH, MATTHEW  left at 16/08/98 17:15:33
07D ABET     HANNEMANN, TONY  left at 16/08/98 17:15:33
07E LSSN     BARTON-ANCLIFFE, KATHERINE  left at 16/08/98 17:15:33
08B PORS     DUMMETT, STEPHEN  left at 16/08/98 17:15:33
08C ABMT     BRIGGS, ANDREW  left at 16/08/98 17:15:33
08D CPOET    WALKER, JOHN  left at 16/08/98 17:15:33
08E ABSN     KING, ANTHONY  left at 16/08/98 17:15:33
09A SBLT     BAIRD, PETER  left at 16/08/98 17:15:33
09B LSRO     FAWCETT, DONALD  left at 16/08/98 17:15:33
09C POMT     PARRY, CAMERON  left at 16/08/98 17:15:33
09D POET     GROSE, CHRISTOPHER  left at 16/08/98 17:15:33
09E CPOCK    HARNETT, GARY  left at 16/08/98 17:15:33
10A SBLT     ROSSER, NARELLE  left at 16/08/98 17:15:33
10B LSRO     ELLIOTT, KENNETH  left at 16/08/98 17:15:33
10C LSMT     OLIVER, JOHN  left at 16/08/98 17:15:33
10D POET     THOMASON, DAVID  left at 16/08/98 17:15:33
10E LSCK     CHEYNE, SANDRA  left at 16/08/98 17:15:33
11B ABRO     EGAN, WARREN  left at 16/08/98 17:15:33
11C ABMT     SALAMON, FRANK  left at 16/08/98 17:15:33
11D LSET     ROBINSON, DAVID  left at 16/08/98 17:15:33
11E LSCK     CUTLER, GRAEME  left at 16/08/98 17:15:33
12C ABMT     YORK, BENJAMIN  left at 16/08/98 17:15:33
12D LSET     SMITH, DANIEL  left at 16/08/98 17:15:33
13B ABRO     HINDER, CHRISTOPHER  left at 16/08/98 17:15:33
13C LSMT     RAJECKI, PAUL  left at 16/08/98 17:15:33
13D LSET     SHELTON, KENNETH  left at 16/08/98 17:15:33
13E ABCK     KELLEHER, ANTHONY  left at 16/08/98 17:15:33
14A CPONPC   LENNOX, DAVID  left at 16/08/98 17:15:33
14B ABRO     TELFORD, DIANNE  left at 16/08/98 17:15:33
14C LSMT     WINN, SCOTT  left at 16/08/98 17:15:33
14D ABET     STONE, ADRIAN  left at 16/08/98 17:15:33
14E ABCK     GERLACH, TIMITHY  left at 16/08/98 17:15:33
15A LSNPC    CHAPMAN, MARY  left at 16/08/98 17:15:33
15B ABEWL    ELLIOTT, PAUL  left at 16/08/98 17:15:33
15C POMT     COCKERILL, EWEN  left at 16/08/98 17:15:33
15D ABET     GOODALL, DAVID  left at 16/08/98 17:15:33
15E ABCK     MCCULLOCH, ANDREW  left at 16/08/98 17:15:33
16A LSCD     GRAVES, MICHAEL  left at 16/08/98 17:15:33
16B ABEWT    MAXWELL, KENT  left at 16/08/98 17:15:33
16C ABMT     HARTLEY, LEON  left at 16/08/98 17:15:33
16D ABET     WIGHT, JACQUELINE  left at 16/08/98 17:15:33
16E POWTR    POLLARD, STEWART  left at 16/08/98 17:15:33
17A LSPT     DUNCAN, JASON  left at 16/08/98 17:15:33
17C CPOMT    DAVIES, ADRIAN  left at 16/08/98 17:15:33
17D ABET     KELEY, DARREN  left at 16/08/98 17:15:33
17E LSWTR    SCRASE, JANELLE  left at 16/08/98 17:15:33
18A LSBM(SE) STUART, CHRISTOPHER  left at 16/08/98 17:15:33
18C POMT     HORNE, NIGEL  left at 16/08/98 17:15:33
18D ABET     BRENNAN, MICHAEL  left at 16/08/98 17:15:33
18E ABWTR    PURCELL, MALCOLM  left at 16/08/98 17:15:33
19A CPOB     TRAVIS, DENE  left at 16/08/98 17:15:33
19C LSMT     CAINES, BRETT  left at 16/08/98 17:15:33
19D POET     SCHARF, ANTHONY  left at 16/08/98 17:15:33
19E POSTD    TRENT, ALAN  left at 16/08/98 17:15:33
20A POB      CARR, RITSON  left at 16/08/98 17:15:33
20C ABMT     MOORE, SHANE  left at 16/08/98 17:15:33
20D LSET     BAYLISS, ANDREW  left at 16/08/98 17:15:33
20E LSSTD    WINSHIP, TIMOTHY  left at 16/08/98 17:15:33
21A LSBM     FLEMING, BARRY  left at 16/08/98 17:15:33
21C ABMT     TURNHAM, MARK  left at 16/08/98 17:15:33
21E LSSTD    SPOONER, MARINA  left at 16/08/98 17:15:33
22A ABBM     SANTOS, ALFONSO  left at 16/08/98 17:15:33
22C LSMT     KREINDL, STEVEN  left at 16/08/98 17:15:33
22D ABET     FULLERTON, SEAN  left at 16/08/98 17:15:33
22D ABET     GRENFELL, SCOTT  left at 16/08/98 17:15:33
22E ABSTD    O'MALLEY, SANDRA  left at 16/08/98 17:15:33
23A SMNBM    FITZGERALD, DEAN  left at 16/08/98 17:15:33
23C POMT     SCHREUDERS, GREGORY  left at 16/08/98 17:15:33
23D ABET     O'SHEA, ANDREW  left at 16/08/98 17:15:33
23E ABSTD    ZANONI, MARK  left at 16/08/98 17:15:33
24A SMNBM    PIKKERT, MARCEL  left at 16/08/98 17:15:33
24C ABMT     HUMPHRIES, PAUL  left at 16/08/98 17:15:33
24D POET     JOHNSON, MICHAEL  left at 16/08/98 17:15:33
24E ABSTD    KING, MATTHEW  left at 16/08/98 17:15:33
25A ABBM     DORWARD, MARK  left at 16/08/98 17:15:33
25C POMT     SHEARING, GARRY  left at 16/08/98 17:15:33
25D LSET     ROULSTON, JASON  left at 16/08/98 17:15:33
26A ABBM     FOLEY, JOANNE  left at 16/08/98 17:15:33
26C ABMT     GAVIN, MICHAEL  left at 16/08/98 17:15:33
26D ABET     CRICK, DAMIEN  left at 16/08/98 17:15:33
27A ABBM     MANSER, GEOFFREY  left at 16/08/98 17:15:33
27C ABMT     RADZIEVIC, CHRISTOPHER  left at 16/08/98 17:15:33
27D SMNET    MITCHELL, KABLE  left at 16/08/98 17:15:33
28C ABMT     TROTTER, ANTHONY  left at 16/08/98 17:15:33
28D ABET     CLIFTON, KEVIN  left at 16/08/98 17:15:33
29A CPOCSM   HILL, STEPHEN  left at 16/08/98 17:15:33
29C ABMT     CLARK, SHANE  left at 16/08/98 17:15:33
30A POCSS    DANIELS, WAYNE  left at 16/08/98 17:15:33
30C ABMT     PATTERSON, STEPHEN  left at 16/08/98 17:15:33
31A POCSS    FERGUSON, ALLAN  left at 16/08/98 17:15:34
32A LSCSO    LAWRIE, GLENN  left at 16/08/98 17:15:34
32C SBLT     PHILLIPPS, ZACH  left at 16/08/98 17:15:34
33A LSCSO    HUCKSTADT, RODNEY  left at 16/08/98 17:15:34
34A LSCSO    CAMPBELL, BRUCE  left at 16/08/98 17:15:34
35A LSCSO    JOLEJOLE, SHANE  left at 16/08/98 17:15:34
36A LSCSO    KEMP, ADAM  left at 16/08/98 17:15:34
37A LSCSO    SKEWES, NATHAN  left at 16/08/98 17:15:34
38A LSCSO    NEGUS, OWEN  left at 16/08/98 17:15:34
39A LSCSO    PENGILLY, WAYNE  left at 16/08/98 17:15:34
40A ABCSO    HARRISON, BRIAN  left at 16/08/98 17:15:34
41A ABCSO    BARGERBOS, NATHAN  left at 16/08/98 17:15:34
42A ABCSO    FITZSIMONS, MARK  left at 16/08/98 17:15:34
43A ABCSO    YOUNG, NEIL  left at 16/08/98 17:15:34
44A ABCSO    DAVIS, NATHAN  left at 16/08/98 17:15:34
45A SMNCSO   GREENE, PAUL  left at 16/08/98 17:15:34
46A ABCSO    HARRIS, SHELLEY  left at 16/08/98 17:15:34
47A SMNCSO   VANDERTUUK, YOLANDA  left at 16/08/98 17:15:34
48A SMNCSO   PRICE, MARTIN  left at 16/08/98 17:15:34
49A ABCSO    CLOUGH, ANTHONY  left at 16/08/98 17:15:34
50A SMNCSO   LAWS, PAUL  left at 16/08/98 17:15:34
51A ABCSO    McGUINNESS, JADE  left at 16/08/98 17:15:34
52A SMNCSO   CUSACK, ROWAN  left at 16/08/98 17:15:34
01B POSY     BARNES, DAMIEN  left at 16/08/98 17:15:34
01C LCDR     ENGLISH, STEPHEN  left at 16/08/98 17:15:34
01D LCDR     BASLEY, STEPHEN  left at 16/08/98 17:15:34
01E LCDR     GRUNSELL, ADAM  left at 16/08/98 17:15:34
01F LSMED    HORSBURGH, KAREN  left at 16/08/98 17:15:34
02A LCDR     VANDYKE, JOHN  left at 16/08/98 17:15:34
02B LSSIG    MARSHALL, LEONARD  left at 16/08/98 17:15:34
02C LEUT     GRIFFITHS, DARRYL  left at 16/08/98 17:15:34
02D LEUT     CHARLES, MARTIN  left at 16/08/98 17:15:34
02E LEUT     ROBSON, KELLIE  left at 16/08/98 17:15:34
03B LSSIG    OWEN, CRAIG  left at 16/08/98 17:15:34
03D LEUT     DAMM, WAYNE  left at 16/08/98 17:15:34
03E POSN     SYMONS, KENNETH  left at 16/08/98 17:15:34
04A LCDR     MEAD, JONATHON  left at 16/08/98 17:15:34
04B ABSIG    GERDTZ, PAUL  left at 16/08/98 17:15:34
04C CPOMT    SCHNEIDEREIT, RALPH  left at 16/08/98 17:15:34
04D CPOET    HALL, ADAM  left at 16/08/98 17:15:34
04E LSSN     PHILLIPS, PAUL  left at 16/08/98 17:15:34
05A LEUT     JONES, JUSTIN  left at 16/08/98 17:15:34
05B SMNSIG   MUIR, MARK  left at 16/08/98 17:15:34
05C POMT     BRADEN, NICHOLAS  left at 16/08/98 17:15:34
05D POET     LLOYD, ROBERT  left at 16/08/98 17:15:34
05E ABSN     POLLOCK, MICHAEL  left at 16/08/98 17:15:34
06A SBLT     JONES, TRAVIS  left at 16/08/98 17:15:34
06B ABSIG    PARKER, ARRON  left at 16/08/98 17:15:34
06C LSMT     KARAM, JONATHON  left at 16/08/98 17:15:34
06D LSET     NORRIS, DAMEON  left at 16/08/98 17:15:34
06E ABSN     HENSCHKE, PATRICIA  left at 16/08/98 17:15:34
07A LEUT     O'GRADY, PAUL  left at 16/08/98 17:15:34
07B ABSIG    FISHER, KIM  left at 16/08/98 17:15:34
07C ABMT     WALSH, MATTHEW  left at 16/08/98 17:15:34
07D ABET     HANNEMANN, TONY  left at 16/08/98 17:15:34
07E LSSN     BARTON-ANCLIFFE, KATHERINE  left at 16/08/98 17:15:34
08B PORS     DUMMETT, STEPHEN  left at 16/08/98 17:15:34
08C ABMT     BRIGGS, ANDREW  left at 16/08/98 17:15:34
08D CPOET    WALKER, JOHN  left at 16/08/98 17:15:34
08E ABSN     KING, ANTHONY  left at 16/08/98 17:15:34
09A SBLT     BAIRD, PETER  left at 16/08/98 17:15:34
09B LSRO     FAWCETT, DONALD  left at 16/08/98 17:15:34
09C POMT     PARRY, CAMERON  left at 16/08/98 17:15:34
09D POET     GROSE, CHRISTOPHER  left at 16/08/98 17:15:34
09E CPOCK    HARNETT, GARY  left at 16/08/98 17:15:34
10A SBLT     ROSSER, NARELLE  left at 16/08/98 17:15:34
10B LSRO     ELLIOTT, KENNETH  left at 16/08/98 17:15:34
10C LSMT     OLIVER, JOHN  left at 16/08/98 17:15:34
10D POET     THOMASON, DAVID  left at 16/08/98 17:15:34
10E LSCK     CHEYNE, SANDRA  left at 16/08/98 17:15:34
11B ABRO     EGAN, WARREN  left at 16/08/98 17:15:34
11C ABMT     SALAMON, FRANK  left at 16/08/98 17:15:34
11D LSET     ROBINSON, DAVID  left at 16/08/98 17:15:34
11E LSCK     CUTLER, GRAEME  left at 16/08/98 17:15:34
12C ABMT     YORK, BENJAMIN  left at 16/08/98 17:15:34
12D LSET     SMITH, DANIEL  left at 16/08/98 17:15:34
13B ABRO     HINDER, CHRISTOPHER  left at 16/08/98 17:15:34
13C LSMT     RAJECKI, PAUL  left at 16/08/98 17:15:34
13D LSET     SHELTON, KENNETH  left at 16/08/98 17:15:34
13E ABCK     KELLEHER, ANTHONY  left at 16/08/98 17:15:34
14A CPONPC   LENNOX, DAVID  left at 16/08/98 17:15:34
14B ABRO     TELFORD, DIANNE  left at 16/08/98 17:15:34
14C LSMT     WINN, SCOTT  left at 16/08/98 17:15:34
14D ABET     STONE, ADRIAN  left at 16/08/98 17:15:34
14E ABCK     GERLACH, TIMITHY  left at 16/08/98 17:15:34
15A LSNPC    CHAPMAN, MARY  left at 16/08/98 17:15:34
15B ABEWL    ELLIOTT, PAUL  left at 16/08/98 17:15:34
15C POMT     COCKERILL, EWEN  left at 16/08/98 17:15:34
15D ABET     GOODALL, DAVID  left at 16/08/98 17:15:34
15E ABCK     MCCULLOCH, ANDREW  left at 16/08/98 17:15:34
16A LSCD     GRAVES, MICHAEL  left at 16/08/98 17:15:34
16B ABEWT    MAXWELL, KENT  left at 16/08/98 17:15:34
16C ABMT     HARTLEY, LEON  left at 16/08/98 17:15:34
16D ABET     WIGHT, JACQUELINE  left at 16/08/98 17:15:34
16E POWTR    POLLARD, STEWART  left at 16/08/98 17:15:34
17A LSPT     DUNCAN, JASON  left at 16/08/98 17:15:34
17C CPOMT    DAVIES, ADRIAN  left at 16/08/98 17:15:34
17D ABET     KELEY, DARREN  left at 16/08/98 17:15:34
17E LSWTR    SCRASE, JANELLE  left at 16/08/98 17:15:34
18A LSBM(SE) STUART, CHRISTOPHER  left at 16/08/98 17:15:34
18C POMT     HORNE, NIGEL  left at 16/08/98 17:15:34
18D ABET     BRENNAN, MICHAEL  left at 16/08/98 17:15:34
18E ABWTR    PURCELL, MALCOLM  left at 16/08/98 17:15:34
19A CPOB     TRAVIS, DENE  left at 16/08/98 17:15:34
19C LSMT     CAINES, BRETT  left at 16/08/98 17:15:34
19D POET     SCHARF, ANTHONY  left at 16/08/98 17:15:34
19E POSTD    TRENT, ALAN  left at 16/08/98 17:15:34
20A POB      CARR, RITSON  left at 16/08/98 17:15:34
20C ABMT     MOORE, SHANE  left at 16/08/98 17:15:34
20D LSET     BAYLISS, ANDREW  left at 16/08/98 17:15:34
20E LSSTD    WINSHIP, TIMOTHY  left at 16/08/98 17:15:34
21A LSBM     FLEMING, BARRY  left at 16/08/98 17:15:34
21C ABMT     TURNHAM, MARK  left at 16/08/98 17:15:34
21E LSSTD    SPOONER, MARINA  left at 16/08/98 17:15:34
22A ABBM     SANTOS, ALFONSO  left at 16/08/98 17:15:34
22C LSMT     KREINDL, STEVEN  left at 16/08/98 17:15:34
22D ABET     FULLERTON, SEAN  left at 16/08/98 17:15:34
22D ABET     GRENFELL, SCOTT  left at 16/08/98 17:15:34
22E ABSTD    O'MALLEY, SANDRA  left at 16/08/98 17:15:34
23A SMNBM    FITZGERALD, DEAN  left at 16/08/98 17:15:34
23C POMT     SCHREUDERS, GREGORY  left at 16/08/98 17:15:34
23D ABET     O'SHEA, ANDREW  left at 16/08/98 17:15:34
23E ABSTD    ZANONI, MARK  left at 16/08/98 17:15:34
24A SMNBM    PIKKERT, MARCEL  left at 16/08/98 17:15:34
24C ABMT     HUMPHRIES, PAUL  left at 16/08/98 17:15:34
24D POET     JOHNSON, MICHAEL  left at 16/08/98 17:15:34
24E ABSTD    KING, MATTHEW  left at 16/08/98 17:15:34
25A ABBM     DORWARD, MARK  left at 16/08/98 17:15:34
25C POMT     SHEARING, GARRY  left at 16/08/98 17:15:34
25D LSET     ROULSTON, JASON  left at 16/08/98 17:15:34
26A ABBM     FOLEY, JOANNE  left at 16/08/98 17:15:34
26C ABMT     GAVIN, MICHAEL  left at 16/08/98 17:15:34
26D ABET     CRICK, DAMIEN  left at 16/08/98 17:15:34
27A ABBM     MANSER, GEOFFREY  left at 16/08/98 17:15:34
27C ABMT     RADZIEVIC, CHRISTOPHER  left at 16/08/98 17:15:34
27D SMNET    MITCHELL, KABLE  left at 16/08/98 17:15:34
28C ABMT     TROTTER, ANTHONY  left at 16/08/98 17:15:34
28D ABET     CLIFTON, KEVIN  left at 16/08/98 17:15:34
29A CPOCSM   HILL, STEPHEN  left at 16/08/98 17:15:34
29C ABMT     CLARK, SHANE  left at 16/08/98 17:15:34
30A POCSS    DANIELS, WAYNE  left at 16/08/98 17:15:34
30C ABMT     PATTERSON, STEPHEN  left at 16/08/98 17:15:34
31A POCSS    FERGUSON, ALLAN  left at 16/08/98 17:15:34
32A LSCSO    LAWRIE, GLENN  left at 16/08/98 17:15:34
32C SBLT     PHILLIPPS, ZACH  left at 16/08/98 17:15:34
33A LSCSO    HUCKSTADT, RODNEY  left at 16/08/98 17:15:34
34A LSCSO    CAMPBELL, BRUCE  left at 16/08/98 17:15:34
35A LSCSO    JOLEJOLE, SHANE  left at 16/08/98 17:15:34
36A LSCSO    KEMP, ADAM  left at 16/08/98 17:15:34
37A LSCSO    SKEWES, NATHAN  left at 16/08/98 17:15:34
38A LSCSO    NEGUS, OWEN  left at 16/08/98 17:15:34
39A LSCSO    PENGILLY, WAYNE  left at 16/08/98 17:15:34
40A ABCSO    HARRISON, BRIAN  left at 16/08/98 17:15:34
41A ABCSO    BARGERBOS, NATHAN  left at 16/08/98 17:15:34
42A ABCSO    FITZSIMONS, MARK  left at 16/08/98 17:15:34
43A ABCSO    YOUNG, NEIL  left at 16/08/98 17:15:34
44A ABCSO    DAVIS, NATHAN  left at 16/08/98 17:15:34
45A SMNCSO   GREENE, PAUL  left at 16/08/98 17:15:34
46A ABCSO    HARRIS, SHELLEY  left at 16/08/98 17:15:34
47A SMNCSO   VANDERTUUK, YOLANDA  left at 16/08/98 17:15:34
48A SMNCSO   PRICE, MARTIN  left at 16/08/98 17:15:34
49A ABCSO    CLOUGH, ANTHONY  left at 16/08/98 17:15:34
50A SMNCSO   LAWS, PAUL  left at 16/08/98 17:15:34
51A ABCSO    McGUINNESS, JADE  left at 16/08/98 17:15:34
52A SMNCSO   CUSACK, ROWAN  left at 16/08/98 17:15:34
01B POSY     BARNES, DAMIEN  left at 16/08/98 17:15:34
01C LCDR     ENGLISH, STEPHEN  left at 16/08/98 17:15:34
01D LCDR     BASLEY, STEPHEN  left at 16/08/98 17:15:34
01E LCDR     GRUNSELL, ADAM  left at 16/08/98 17:15:34
01F LSMED    HORSBURGH, KAREN  left at 16/08/98 17:15:34
02A LCDR     VANDYKE, JOHN  left at 16/08/98 17:15:34
02B LSSIG    MARSHALL, LEONARD  left at 16/08/98 17:15:34
02C LEUT     GRIFFITHS, DARRYL  left at 16/08/98 17:15:34
02D LEUT     CHARLES, MARTIN  left at 16/08/98 17:15:34
02E LEUT     ROBSON, KELLIE  left at 16/08/98 17:15:34
03B LSSIG    OWEN, CRAIG  left at 16/08/98 17:15:34
03D LEUT     DAMM, WAYNE  left at 16/08/98 17:15:34
03E POSN     SYMONS, KENNETH  left at 16/08/98 17:15:34
04A LCDR     MEAD, JONATHON  left at 16/08/98 17:15:34
04B ABSIG    GERDTZ, PAUL  left at 16/08/98 17:15:34
04C CPOMT    SCHNEIDEREIT, RALPH  left at 16/08/98 17:15:34
04D CPOET    HALL, ADAM  left at 16/08/98 17:15:34
04E LSSN     PHILLIPS, PAUL  left at 16/08/98 17:15:34
05A LEUT     JONES, JUSTIN  left at 16/08/98 17:15:34
05B SMNSIG   MUIR, MARK  left at 16/08/98 17:15:34
05C POMT     BRADEN, NICHOLAS  left at 16/08/98 17:15:34
05D POET     LLOYD, ROBERT  left at 16/08/98 17:15:34
05E ABSN     POLLOCK, MICHAEL  left at 16/08/98 17:15:34
06A SBLT     JONES, TRAVIS  left at 16/08/98 17:15:34
06B ABSIG    PARKER, ARRON  left at 16/08/98 17:15:34
06C LSMT     KARAM, JONATHON  left at 16/08/98 17:15:34
06D LSET     NORRIS, DAMEON  left at 16/08/98 17:15:34
06E ABSN     HENSCHKE, PATRICIA  left at 16/08/98 17:15:34
07A LEUT     O'GRADY, PAUL  left at 16/08/98 17:15:34
07B ABSIG    FISHER, KIM  left at 16/08/98 17:15:34
07C ABMT     WALSH, MATTHEW  left at 16/08/98 17:15:34
07D ABET     HANNEMANN, TONY  left at 16/08/98 17:15:34
07E LSSN     BARTON-ANCLIFFE, KATHERINE  left at 16/08/98 17:15:34
08B PORS     DUMMETT, STEPHEN  left at 16/08/98 17:15:34
08C ABMT     BRIGGS, ANDREW  left at 16/08/98 17:15:34
08D CPOET    WALKER, JOHN  left at 16/08/98 17:15:34
08E ABSN     KING, ANTHONY  left at 16/08/98 17:15:34
09A SBLT     BAIRD, PETER  left at 16/08/98 17:15:34
09B LSRO     FAWCETT, DONALD  left at 16/08/98 17:15:34
09C POMT     PARRY, CAMERON  left at 16/08/98 17:15:34
09D POET     GROSE, CHRISTOPHER  left at 16/08/98 17:15:34
09E CPOCK    HARNETT, GARY  left at 16/08/98 17:15:34
10A SBLT     ROSSER, NARELLE  left at 16/08/98 17:15:34
10B LSRO     ELLIOTT, KENNETH  left at 16/08/98 17:15:34
10C LSMT     OLIVER, JOHN  left at 16/08/98 17:15:34
10D POET     THOMASON, DAVID  left at 16/08/98 17:15:34
10E LSCK     CHEYNE, SANDRA  left at 16/08/98 17:15:34
11B ABRO     EGAN, WARREN  left at 16/08/98 17:15:34
11C ABMT     SALAMON, FRANK  left at 16/08/98 17:15:34
11D LSET     ROBINSON, DAVID  left at 16/08/98 17:15:34
11E LSCK     CUTLER, GRAEME  left at 16/08/98 17:15:34
12C ABMT     YORK, BENJAMIN  left at 16/08/98 17:15:34
12D LSET     SMITH, DANIEL  left at 16/08/98 17:15:34
13B ABRO     HINDER, CHRISTOPHER  left at 16/08/98 17:15:34
13C LSMT     RAJECKI, PAUL  left at 16/08/98 17:15:34
13D LSET     SHELTON, KENNETH  left at 16/08/98 17:15:34
13E ABCK     KELLEHER, ANTHONY  left at 16/08/98 17:15:34
14A CPONPC   LENNOX, DAVID  left at 16/08/98 17:15:34
14B ABRO     TELFORD, DIANNE  left at 16/08/98 17:15:34
14C LSMT     WINN, SCOTT  left at 16/08/98 17:15:34
14D ABET     STONE, ADRIAN  left at 16/08/98 17:15:34
14E ABCK     GERLACH, TIMITHY  left at 16/08/98 17:15:34
15A LSNPC    CHAPMAN, MARY  left at 16/08/98 17:15:34
15B ABEWL    ELLIOTT, PAUL  left at 16/08/98 17:15:34
15C POMT     COCKERILL, EWEN  left at 16/08/98 17:15:34
15D ABET     GOODALL, DAVID  left at 16/08/98 17:15:34
15E ABCK     MCCULLOCH, ANDREW  left at 16/08/98 17:15:34
16A LSCD     GRAVES, MICHAEL  left at 16/08/98 17:15:34
16B ABEWT    MAXWELL, KENT  left at 16/08/98 17:15:34
16C ABMT     HARTLEY, LEON  left at 16/08/98 17:15:34
16D ABET     WIGHT, JACQUELINE  left at 16/08/98 17:15:34
16E POWTR    POLLARD, STEWART  left at 16/08/98 17:15:34
17A LSPT     DUNCAN, JASON  left at 16/08/98 17:15:34
17C CPOMT    DAVIES, ADRIAN  left at 16/08/98 17:15:34
17D ABET     KELEY, DARREN  left at 16/08/98 17:15:34
17E LSWTR    SCRASE, JANELLE  left at 16/08/98 17:15:34
18A LSBM(SE) STUART, CHRISTOPHER  left at 16/08/98 17:15:34
18C POMT     HORNE, NIGEL  left at 16/08/98 17:15:34
18D ABET     BRENNAN, MICHAEL  left at 16/08/98 17:15:34
18E ABWTR    PURCELL, MALCOLM  left at 16/08/98 17:15:34
19A CPOB     TRAVIS, DENE  left at 16/08/98 17:15:34
19C LSMT     CAINES, BRETT  left at 16/08/98 17:15:34
19D POET     SCHARF, ANTHONY  left at 16/08/98 17:15:34
19E POSTD    TRENT, ALAN  left at 16/08/98 17:15:34
20A POB      CARR, RITSON  left at 16/08/98 17:15:34
20C ABMT     MOORE, SHANE  left at 16/08/98 17:15:34
20D LSET     BAYLISS, ANDREW  left at 16/08/98 17:15:34
20E LSSTD    WINSHIP, TIMOTHY  left at 16/08/98 17:15:34
21A LSBM     FLEMING, BARRY  left at 16/08/98 17:15:34
21C ABMT     TURNHAM, MARK  left at 16/08/98 17:15:34
21E LSSTD    SPOONER, MARINA  left at 16/08/98 17:15:34
22A ABBM     SANTOS, ALFONSO  left at 16/08/98 17:15:34
22C LSMT     KREINDL, STEVEN  left at 16/08/98 17:15:34
22D ABET     FULLERTON, SEAN  left at 16/08/98 17:15:34
22D ABET     GRENFELL, SCOTT  left at 16/08/98 17:15:34
22E ABSTD    O'MALLEY, SANDRA  left at 16/08/98 17:15:34
23A SMNBM    FITZGERALD, DEAN  left at 16/08/98 17:15:34
23C POMT     SCHREUDERS, GREGORY  left at 16/08/98 17:15:34
23D ABET     O'SHEA, ANDREW  left at 16/08/98 17:15:34
23E ABSTD    ZANONI, MARK  left at 16/08/98 17:15:34
24A SMNBM    PIKKERT, MARCEL  left at 16/08/98 17:15:34
24C ABMT     HUMPHRIES, PAUL  left at 16/08/98 17:15:34
24D POET     JOHNSON, MICHAEL  left at 16/08/98 17:15:34
24E ABSTD    KING, MATTHEW  left at 16/08/98 17:15:34
25A ABBM     DORWARD, MARK  left at 16/08/98 17:15:34
25C POMT     SHEARING, GARRY  left at 16/08/98 17:15:34
25D LSET     ROULSTON, JASON  left at 16/08/98 17:15:34
26A ABBM     FOLEY, JOANNE  left at 16/08/98 17:15:34
26C ABMT     GAVIN, MICHAEL  left at 16/08/98 17:15:34
26D ABET     CRICK, DAMIEN  left at 16/08/98 17:15:34
27A ABBM     MANSER, GEOFFREY  left at 16/08/98 17:15:34
27C ABMT     RADZIEVIC, CHRISTOPHER  left at 16/08/98 17:15:34
27D SMNET    MITCHELL, KABLE  left at 16/08/98 17:15:34
28C ABMT     TROTTER, ANTHONY  left at 16/08/98 17:15:34
28D ABET     CLIFTON, KEVIN  left at 16/08/98 17:15:34
29A CPOCSM   HILL, STEPHEN  left at 16/08/98 17:15:34
29C ABMT     CLARK, SHANE  left at 16/08/98 17:15:34
30A POCSS    DANIELS, WAYNE  left at 16/08/98 17:15:34
30C ABMT     PATTERSON, STEPHEN  left at 16/08/98 17:15:34
31A POCSS    FERGUSON, ALLAN  left at 16/08/98 17:15:34
32A LSCSO    LAWRIE, GLENN  left at 16/08/98 17:15:34
32C SBLT     PHILLIPPS, ZACH  left at 16/08/98 17:15:34
33A LSCSO    HUCKSTADT, RODNEY  left at 16/08/98 17:15:34
34A LSCSO    CAMPBELL, BRUCE  left at 16/08/98 17:15:34
35A LSCSO    JOLEJOLE, SHANE  left at 16/08/98 17:15:34
36A LSCSO    KEMP, ADAM  left at 16/08/98 17:15:34
37A LSCSO    SKEWES, NATHAN  left at 16/08/98 17:15:34
38A LSCSO    NEGUS, OWEN  left at 16/08/98 17:15:34
39A LSCSO    PENGILLY, WAYNE  left at 16/08/98 17:15:34
40A ABCSO    HARRISON, BRIAN  left at 16/08/98 17:15:34
41A ABCSO    BARGERBOS, NATHAN  left at 16/08/98 17:15:34
42A ABCSO    FITZSIMONS, MARK  left at 16/08/98 17:15:34
43A ABCSO    YOUNG, NEIL  left at 16/08/98 17:15:34
44A ABCSO    DAVIS, NATHAN  left at 16/08/98 17:15:34
45A SMNCSO   GREENE, PAUL  left at 16/08/98 17:15:34
46A ABCSO    HARRIS, SHELLEY  left at 16/08/98 17:15:34
47A SMNCSO   VANDERTUUK, YOLANDA  left at 16/08/98 17:15:34
48A SMNCSO   PRICE, MARTIN  left at 16/08/98 17:15:34
49A ABCSO    CLOUGH, ANTHONY  left at 16/08/98 17:15:34
50A SMNCSO   LAWS, PAUL  left at 16/08/98 17:15:34
51A ABCSO    McGUINNESS, JADE  left at 16/08/98 17:15:34
52A SMNCSO   CUSACK, ROWAN  left at 16/08/98 17:15:34
01A CMDR     YORKE, GREGORY  came onboard at 16/08/98 17:15:35
03A LEUT     GODDARD, LEE  came onboard at 16/08/98 17:15:35
03C LEUT     WICKHAM, BRETT  came onboard at 16/08/98 17:15:35
01A CMDR     YORKE, GREGORY  came onboard at 16/08/98 17:15:36
03A LEUT     GODDARD, LEE  came onboard at 16/08/98 17:15:36
03C LEUT     WICKHAM, BRETT  came onboard at 16/08/98 17:15:36
01A CMDR     YORKE, GREGORY  came onboard at 16/08/98 17:15:37
03A LEUT     GODDARD, LEE  came onboard at 16/08/98 17:15:37
03C LEUT     WICKHAM, BRETT  came onboard at 16/08/98 17:15:37
01B POSY     BARNES, DAMIEN  left at 16/08/98 17:15:37
01C LCDR     ENGLISH, STEPHEN  left at 16/08/98 17:15:37
01D LCDR     BASLEY, STEPHEN  left at 16/08/98 17:15:37
01E LCDR     GRUNSELL, ADAM  left at 16/08/98 17:15:37
01F LSMED    HORSBURGH, KAREN  left at 16/08/98 17:15:37
02A LCDR     VANDYKE, JOHN  left at 16/08/98 17:15:37
02B LSSIG    MARSHALL, LEONARD  left at 16/08/98 17:15:37
02C LEUT     GRIFFITHS, DARRYL  left at 16/08/98 17:15:37
02D LEUT     CHARLES, MARTIN  left at 16/08/98 17:15:37
02E LEUT     ROBSON, KELLIE  left at 16/08/98 17:15:37
03B LSSIG    OWEN, CRAIG  left at 16/08/98 17:15:37
03D LEUT     DAMM, WAYNE  left at 16/08/98 17:15:37
03E POSN     SYMONS, KENNETH  left at 16/08/98 17:15:37
04A LCDR     MEAD, JONATHON  left at 16/08/98 17:15:37
04B ABSIG    GERDTZ, PAUL  left at 16/08/98 17:15:37
04C CPOMT    SCHNEIDEREIT, RALPH  left at 16/08/98 17:15:37
04D CPOET    HALL, ADAM  left at 16/08/98 17:15:37
04E LSSN     PHILLIPS, PAUL  left at 16/08/98 17:15:37
05A LEUT     JONES, JUSTIN  left at 16/08/98 17:15:37
05B SMNSIG   MUIR, MARK  left at 16/08/98 17:15:37
05C POMT     BRADEN, NICHOLAS  left at 16/08/98 17:15:37
05D POET     LLOYD, ROBERT  left at 16/08/98 17:15:37
05E ABSN     POLLOCK, MICHAEL  left at 16/08/98 17:15:37
06A SBLT     JONES, TRAVIS  left at 16/08/98 17:15:37
06B ABSIG    PARKER, ARRON  left at 16/08/98 17:15:37
06C LSMT     KARAM, JONATHON  left at 16/08/98 17:15:37
06D LSET     NORRIS, DAMEON  left at 16/08/98 17:15:37
06E ABSN     HENSCHKE, PATRICIA  left at 16/08/98 17:15:37
07A LEUT     O'GRADY, PAUL  left at 16/08/98 17:15:37
07B ABSIG    FISHER, KIM  left at 16/08/98 17:15:37
07C ABMT     WALSH, MATTHEW  left at 16/08/98 17:15:37
07D ABET     HANNEMANN, TONY  left at 16/08/98 17:15:37
07E LSSN     BARTON-ANCLIFFE, KATHERINE  left at 16/08/98 17:15:37
08B PORS     DUMMETT, STEPHEN  left at 16/08/98 17:15:37
08C ABMT     BRIGGS, ANDREW  left at 16/08/98 17:15:37
08D CPOET    WALKER, JOHN  left at 16/08/98 17:15:37
08E ABSN     KING, ANTHONY  left at 16/08/98 17:15:37
09A SBLT     BAIRD, PETER  left at 16/08/98 17:15:37
09B LSRO     FAWCETT, DONALD  left at 16/08/98 17:15:37
09C POMT     PARRY, CAMERON  left at 16/08/98 17:15:37
09D POET     GROSE, CHRISTOPHER  left at 16/08/98 17:15:37
09E CPOCK    HARNETT, GARY  left at 16/08/98 17:15:37
10A SBLT     ROSSER, NARELLE  left at 16/08/98 17:15:37
10B LSRO     ELLIOTT, KENNETH  left at 16/08/98 17:15:37
10C LSMT     OLIVER, JOHN  left at 16/08/98 17:15:37
10D POET     THOMASON, DAVID  left at 16/08/98 17:15:37
10E LSCK     CHEYNE, SANDRA  left at 16/08/98 17:15:37
11B ABRO     EGAN, WARREN  left at 16/08/98 17:15:37
11C ABMT     SALAMON, FRANK  left at 16/08/98 17:15:37
11D LSET     ROBINSON, DAVID  left at 16/08/98 17:15:37
11E LSCK     CUTLER, GRAEME  left at 16/08/98 17:15:37
12C ABMT     YORK, BENJAMIN  left at 16/08/98 17:15:37
12D LSET     SMITH, DANIEL  left at 16/08/98 17:15:37
13B ABRO     HINDER, CHRISTOPHER  left at 16/08/98 17:15:37
13C LSMT     RAJECKI, PAUL  left at 16/08/98 17:15:37
13D LSET     SHELTON, KENNETH  left at 16/08/98 17:15:37
13E ABCK     KELLEHER, ANTHONY  left at 16/08/98 17:15:37
14A CPONPC   LENNOX, DAVID  left at 16/08/98 17:15:37
14B ABRO     TELFORD, DIANNE  left at 16/08/98 17:15:37
14C LSMT     WINN, SCOTT  left at 16/08/98 17:15:37
14D ABET     STONE, ADRIAN  left at 16/08/98 17:15:37
14E ABCK     GERLACH, TIMITHY  left at 16/08/98 17:15:37
15A LSNPC    CHAPMAN, MARY  left at 16/08/98 17:15:37
15B ABEWL    ELLIOTT, PAUL  left at 16/08/98 17:15:37
15C POMT     COCKERILL, EWEN  left at 16/08/98 17:15:37
15D ABET     GOODALL, DAVID  left at 16/08/98 17:15:37
15E ABCK     MCCULLOCH, ANDREW  left at 16/08/98 17:15:37
16A LSCD     GRAVES, MICHAEL  left at 16/08/98 17:15:37
16B ABEWT    MAXWELL, KENT  left at 16/08/98 17:15:37
16C ABMT     HARTLEY, LEON  left at 16/08/98 17:15:37
16D ABET     WIGHT, JACQUELINE  left at 16/08/98 17:15:37
16E POWTR    POLLARD, STEWART  left at 16/08/98 17:15:37
17A LSPT     DUNCAN, JASON  left at 16/08/98 17:15:37
17C CPOMT    DAVIES, ADRIAN  left at 16/08/98 17:15:37
17D ABET     KELEY, DARREN  left at 16/08/98 17:15:37
17E LSWTR    SCRASE, JANELLE  left at 16/08/98 17:15:37
18A LSBM(SE) STUART, CHRISTOPHER  left at 16/08/98 17:15:37
18C POMT     HORNE, NIGEL  left at 16/08/98 17:15:37
18D ABET     BRENNAN, MICHAEL  left at 16/08/98 17:15:37
18E ABWTR    PURCELL, MALCOLM  left at 16/08/98 17:15:37
19A CPOB     TRAVIS, DENE  left at 16/08/98 17:15:37
19C LSMT     CAINES, BRETT  left at 16/08/98 17:15:37
19D POET     SCHARF, ANTHONY  left at 16/08/98 17:15:37
19E POSTD    TRENT, ALAN  left at 16/08/98 17:15:37
20A POB      CARR, RITSON  left at 16/08/98 17:15:37
20C ABMT     MOORE, SHANE  left at 16/08/98 17:15:37
20D LSET     BAYLISS, ANDREW  left at 16/08/98 17:15:37
20E LSSTD    WINSHIP, TIMOTHY  left at 16/08/98 17:15:37
21A LSBM     FLEMING, BARRY  left at 16/08/98 17:15:37
21C ABMT     TURNHAM, MARK  left at 16/08/98 17:15:37
21E LSSTD    SPOONER, MARINA  left at 16/08/98 17:15:37
22A ABBM     SANTOS, ALFONSO  left at 16/08/98 17:15:37
22C LSMT     KREINDL, STEVEN  left at 16/08/98 17:15:37
22D ABET     FULLERTON, SEAN  left at 16/08/98 17:15:38
22D ABET     GRENFELL, SCOTT  left at 16/08/98 17:15:38
22E ABSTD    O'MALLEY, SANDRA  left at 16/08/98 17:15:38
23A SMNBM    FITZGERALD, DEAN  left at 16/08/98 17:15:38
23C POMT     SCHREUDERS, GREGORY  left at 16/08/98 17:15:38
23D ABET     O'SHEA, ANDREW  left at 16/08/98 17:15:38
23E ABSTD    ZANONI, MARK  left at 16/08/98 17:15:38
24A SMNBM    PIKKERT, MARCEL  left at 16/08/98 17:15:38
24C ABMT     HUMPHRIES, PAUL  left at 16/08/98 17:15:38
24D POET     JOHNSON, MICHAEL  left at 16/08/98 17:15:38
24E ABSTD    KING, MATTHEW  left at 16/08/98 17:15:38
25A ABBM     DORWARD, MARK  left at 16/08/98 17:15:38
25C POMT     SHEARING, GARRY  left at 16/08/98 17:15:38
25D LSET     ROULSTON, JASON  left at 16/08/98 17:15:38
26A ABBM     FOLEY, JOANNE  left at 16/08/98 17:15:38
26C ABMT     GAVIN, MICHAEL  left at 16/08/98 17:15:38
26D ABET     CRICK, DAMIEN  left at 16/08/98 17:15:38
27A ABBM     MANSER, GEOFFREY  left at 16/08/98 17:15:38
27C ABMT     RADZIEVIC, CHRISTOPHER  left at 16/08/98 17:15:38
27D SMNET    MITCHELL, KABLE  left at 16/08/98 17:15:38
28C ABMT     TROTTER, ANTHONY  left at 16/08/98 17:15:38
28D ABET     CLIFTON, KEVIN  left at 16/08/98 17:15:38
29A CPOCSM   HILL, STEPHEN  left at 16/08/98 17:15:38
29C ABMT     CLARK, SHANE  left at 16/08/98 17:15:38
30A POCSS    DANIELS, WAYNE  left at 16/08/98 17:15:38
30C ABMT     PATTERSON, STEPHEN  left at 16/08/98 17:15:38
31A POCSS    FERGUSON, ALLAN  left at 16/08/98 17:15:38
32A LSCSO    LAWRIE, GLENN  left at 16/08/98 17:15:38
32C SBLT     PHILLIPPS, ZACH  left at 16/08/98 17:15:38
33A LSCSO    HUCKSTADT, RODNEY  left at 16/08/98 17:15:38
34A LSCSO    CAMPBELL, BRUCE  left at 16/08/98 17:15:38
35A LSCSO    JOLEJOLE, SHANE  left at 16/08/98 17:15:38
36A LSCSO    KEMP, ADAM  left at 16/08/98 17:15:38
37A LSCSO    SKEWES, NATHAN  left at 16/08/98 17:15:38
38A LSCSO    NEGUS, OWEN  left at 16/08/98 17:15:38
39A LSCSO    PENGILLY, WAYNE  left at 16/08/98 17:15:38
40A ABCSO    HARRISON, BRIAN  left at 16/08/98 17:15:38
41A ABCSO    BARGERBOS, NATHAN  left at 16/08/98 17:15:38
42A ABCSO    FITZSIMONS, MARK  left at 16/08/98 17:15:38
43A ABCSO    YOUNG, NEIL  left at 16/08/98 17:15:38
44A ABCSO    DAVIS, NATHAN  left at 16/08/98 17:15:38
45A SMNCSO   GREENE, PAUL  left at 16/08/98 17:15:38
46A ABCSO    HARRIS, SHELLEY  left at 16/08/98 17:15:38
47A SMNCSO   VANDERTUUK, YOLANDA  left at 16/08/98 17:15:38
48A SMNCSO   PRICE, MARTIN  left at 16/08/98 17:15:38
49A ABCSO    CLOUGH, ANTHONY  left at 16/08/98 17:15:38
50A SMNCSO   LAWS, PAUL  left at 16/08/98 17:15:38
51A ABCSO    McGUINNESS, JADE  left at 16/08/98 17:15:38
52A SMNCSO   CUSACK, ROWAN  left at 16/08/98 17:15:38
01B POSY     BARNES, DAMIEN  left at 16/08/98 17:15:38
01C LCDR     ENGLISH, STEPHEN  left at 16/08/98 17:15:38
01D LCDR     BASLEY, STEPHEN  left at 16/08/98 17:15:38
01E LCDR     GRUNSELL, ADAM  left at 16/08/98 17:15:38
01F LSMED    HORSBURGH, KAREN  left at 16/08/98 17:15:38
02A LCDR     VANDYKE, JOHN  left at 16/08/98 17:15:38
02B LSSIG    MARSHALL, LEONARD  left at 16/08/98 17:15:38
02C LEUT     GRIFFITHS, DARRYL  left at 16/08/98 17:15:38
02D LEUT     CHARLES, MARTIN  left at 16/08/98 17:15:38
02E LEUT     ROBSON, KELLIE  left at 16/08/98 17:15:38
03B LSSIG    OWEN, CRAIG  left at 16/08/98 17:15:38
03E POSN     SYMONS, KENNETH  left at 16/08/98 17:15:38
04A LCDR     MEAD, JONATHON  left at 16/08/98 17:15:38
04B ABSIG    GERDTZ, PAUL  left at 16/08/98 17:15:38
04C CPOMT    SCHNEIDEREIT, RALPH  left at 16/08/98 17:15:38
04D CPOET    HALL, ADAM  left at 16/08/98 17:15:38
04E LSSN     PHILLIPS, PAUL  left at 16/08/98 17:15:38
05A LEUT     JONES, JUSTIN  left at 16/08/98 17:15:38
05B SMNSIG   MUIR, MARK  left at 16/08/98 17:15:38
05C POMT     BRADEN, NICHOLAS  left at 16/08/98 17:15:38
05D POET     LLOYD, ROBERT  left at 16/08/98 17:15:38
05E ABSN     POLLOCK, MICHAEL  left at 16/08/98 17:15:38
06A SBLT     JONES, TRAVIS  left at 16/08/98 17:15:38
06B ABSIG    PARKER, ARRON  left at 16/08/98 17:15:38
06C LSMT     KARAM, JONATHON  left at 16/08/98 17:15:38
06D LSET     NORRIS, DAMEON  left at 16/08/98 17:15:38
06E ABSN     HENSCHKE, PATRICIA  left at 16/08/98 17:15:38
07A LEUT     O'GRADY, PAUL  left at 16/08/98 17:15:38
07B ABSIG    FISHER, KIM  left at 16/08/98 17:15:38
07C ABMT     WALSH, MATTHEW  left at 16/08/98 17:15:38
07D ABET     HANNEMANN, TONY  left at 16/08/98 17:15:38
07E LSSN     BARTON-ANCLIFFE, KATHERINE  left at 16/08/98 17:15:38
08B PORS     DUMMETT, STEPHEN  left at 16/08/98 17:15:38
08C ABMT     BRIGGS, ANDREW  left at 16/08/98 17:15:38
08D CPOET    WALKER, JOHN  left at 16/08/98 17:15:38
08E ABSN     KING, ANTHONY  left at 16/08/98 17:15:38
09A SBLT     BAIRD, PETER  left at 16/08/98 17:15:38
09B LSRO     FAWCETT, DONALD  left at 16/08/98 17:15:38
09C POMT     PARRY, CAMERON  left at 16/08/98 17:15:38
09D POET     GROSE, CHRISTOPHER  left at 16/08/98 17:15:38
09E CPOCK    HARNETT, GARY  left at 16/08/98 17:15:38
10A SBLT     ROSSER, NARELLE  left at 16/08/98 17:15:38
10B LSRO     ELLIOTT, KENNETH  left at 16/08/98 17:15:38
10C LSMT     OLIVER, JOHN  left at 16/08/98 17:15:38
10D POET     THOMASON, DAVID  left at 16/08/98 17:15:38
10E LSCK     CHEYNE, SANDRA  left at 16/08/98 17:15:38
11B ABRO     EGAN, WARREN  left at 16/08/98 17:15:38
11C ABMT     SALAMON, FRANK  left at 16/08/98 17:15:38
11D LSET     ROBINSON, DAVID  left at 16/08/98 17:15:38
11E LSCK     CUTLER, GRAEME  left at 16/08/98 17:15:38
12C ABMT     YORK, BENJAMIN  left at 16/08/98 17:15:38
12D LSET     SMITH, DANIEL  left at 16/08/98 17:15:38
13B ABRO     HINDER, CHRISTOPHER  left at 16/08/98 17:15:38
13C LSMT     RAJECKI, PAUL  left at 16/08/98 17:15:38
13D LSET     SHELTON, KENNETH  left at 16/08/98 17:15:38
13E ABCK     KELLEHER, ANTHONY  left at 16/08/98 17:15:38
14A CPONPC   LENNOX, DAVID  left at 16/08/98 17:15:38
14B ABRO     TELFORD, DIANNE  left at 16/08/98 17:15:38
14C LSMT     WINN, SCOTT  left at 16/08/98 17:15:38
14D ABET     STONE, ADRIAN  left at 16/08/98 17:15:38
14E ABCK     GERLACH, TIMITHY  left at 16/08/98 17:15:38
15A LSNPC    CHAPMAN, MARY  left at 16/08/98 17:15:38
15B ABEWL    ELLIOTT, PAUL  left at 16/08/98 17:15:38
15C POMT     COCKERILL, EWEN  left at 16/08/98 17:15:38
15D ABET     GOODALL, DAVID  left at 16/08/98 17:15:38
15E ABCK     MCCULLOCH, ANDREW  left at 16/08/98 17:15:38
16A LSCD     GRAVES, MICHAEL  left at 16/08/98 17:15:38
16B ABEWT    MAXWELL, KENT  left at 16/08/98 17:15:38
16C ABMT     HARTLEY, LEON  left at 16/08/98 17:15:38
16D ABET     WIGHT, JACQUELINE  left at 16/08/98 17:15:38
16E POWTR    POLLARD, STEWART  left at 16/08/98 17:15:38
17A LSPT     DUNCAN, JASON  left at 16/08/98 17:15:38
17C CPOMT    DAVIES, ADRIAN  left at 16/08/98 17:15:38
17D ABET     KELEY, DARREN  left at 16/08/98 17:15:38
17E LSWTR    SCRASE, JANELLE  left at 16/08/98 17:15:38
18A LSBM(SE) STUART, CHRISTOPHER  left at 16/08/98 17:15:38
18C POMT     HORNE, NIGEL  left at 16/08/98 17:15:38
18D ABET     BRENNAN, MICHAEL  left at 16/08/98 17:15:38
18E ABWTR    PURCELL, MALCOLM  left at 16/08/98 17:15:38
19A CPOB     TRAVIS, DENE  left at 16/08/98 17:15:38
19C LSMT     CAINES, BRETT  left at 16/08/98 17:15:38
19D POET     SCHARF, ANTHONY  left at 16/08/98 17:15:38
19E POSTD    TRENT, ALAN  left at 16/08/98 17:15:38
20A POB      CARR, RITSON  left at 16/08/98 17:15:38
20C ABMT     MOORE, SHANE  left at 16/08/98 17:15:38
20D LSET     BAYLISS, ANDREW  left at 16/08/98 17:15:38
20E LSSTD    WINSHIP, TIMOTHY  left at 16/08/98 17:15:38
21A LSBM     FLEMING, BARRY  left at 16/08/98 17:15:38
21C ABMT     TURNHAM, MARK  left at 16/08/98 17:15:38
21E LSSTD    SPOONER, MARINA  left at 16/08/98 17:15:38
22A ABBM     SANTOS, ALFONSO  left at 16/08/98 17:15:38
22C LSMT     KREINDL, STEVEN  left at 16/08/98 17:15:38
22D ABET     FULLERTON, SEAN  left at 16/08/98 17:15:38
22D ABET     GRENFELL, SCOTT  left at 16/08/98 17:15:39
22E ABSTD    O'MALLEY, SANDRA  left at 16/08/98 17:15:39
23A SMNBM    FITZGERALD, DEAN  left at 16/08/98 17:15:39
23C POMT     SCHREUDERS, GREGORY  left at 16/08/98 17:15:39
23D ABET     O'SHEA, ANDREW  left at 16/08/98 17:15:39
23E ABSTD    ZANONI, MARK  left at 16/08/98 17:15:39
24A SMNBM    PIKKERT, MARCEL  left at 16/08/98 17:15:39
24C ABMT     HUMPHRIES, PAUL  left at 16/08/98 17:15:39
24D POET     JOHNSON, MICHAEL  left at 16/08/98 17:15:39
24E ABSTD    KING, MATTHEW  left at 16/08/98 17:15:39
25A ABBM     DORWARD, MARK  left at 16/08/98 17:15:39
25C POMT     SHEARING, GARRY  left at 16/08/98 17:15:39
25D LSET     ROULSTON, JASON  left at 16/08/98 17:15:39
26A ABBM     FOLEY, JOANNE  left at 16/08/98 17:15:39
26C ABMT     GAVIN, MICHAEL  left at 16/08/98 17:15:39
26D ABET     CRICK, DAMIEN  left at 16/08/98 17:15:39
27A ABBM     MANSER, GEOFFREY  left at 16/08/98 17:15:39
27C ABMT     RADZIEVIC, CHRISTOPHER  left at 16/08/98 17:15:39
27D SMNET    MITCHELL, KABLE  left at 16/08/98 17:15:39
28C ABMT     TROTTER, ANTHONY  left at 16/08/98 17:15:39
28D ABET     CLIFTON, KEVIN  left at 16/08/98 17:15:39
29A CPOCSM   HILL, STEPHEN  left at 16/08/98 17:15:39
29C ABMT     CLARK, SHANE  left at 16/08/98 17:15:39
30A POCSS    DANIELS, WAYNE  left at 16/08/98 17:15:39
30C ABMT     PATTERSON, STEPHEN  left at 16/08/98 17:15:39
31A POCSS    FERGUSON, ALLAN  left at 16/08/98 17:15:39
32A LSCSO    LAWRIE, GLENN  left at 16/08/98 17:15:39
32C SBLT     PHILLIPPS, ZACH  left at 16/08/98 17:15:39
33A LSCSO    HUCKSTADT, RODNEY  left at 16/08/98 17:15:39
34A LSCSO    CAMPBELL, BRUCE  left at 16/08/98 17:15:39
35A LSCSO    JOLEJOLE, SHANE  left at 16/08/98 17:15:39
36A LSCSO    KEMP, ADAM  left at 16/08/98 17:15:39
37A LSCSO    SKEWES, NATHAN  left at 16/08/98 17:15:39
38A LSCSO    NEGUS, OWEN  left at 16/08/98 17:15:39
39A LSCSO    PENGILLY, WAYNE  left at 16/08/98 17:15:39
40A ABCSO    HARRISON, BRIAN  left at 16/08/98 17:15:39
41A ABCSO    BARGERBOS, NATHAN  left at 16/08/98 17:15:39
42A ABCSO    FITZSIMONS, MARK  left at 16/08/98 17:15:39
43A ABCSO    YOUNG, NEIL  left at 16/08/98 17:15:39
44A ABCSO    DAVIS, NATHAN  left at 16/08/98 17:15:39
45A SMNCSO   GREENE, PAUL  left at 16/08/98 17:15:39
46A ABCSO    HARRIS, SHELLEY  left at 16/08/98 17:15:39
47A SMNCSO   VANDERTUUK, YOLANDA  left at 16/08/98 17:15:39
48A SMNCSO   PRICE, MARTIN  left at 16/08/98 17:15:39
49A ABCSO    CLOUGH, ANTHONY  left at 16/08/98 17:15:39
50A SMNCSO   LAWS, PAUL  left at 16/08/98 17:15:39
51A ABCSO    McGUINNESS, JADE  left at 16/08/98 17:15:39
52A SMNCSO   CUSACK, ROWAN  left at 16/08/98 17:15:39
01B POSY     BARNES, DAMIEN  left at 16/08/98 17:15:40
01C LCDR     ENGLISH, STEPHEN  left at 16/08/98 17:15:40
01D LCDR     BASLEY, STEPHEN  left at 16/08/98 17:15:40
01E LCDR     GRUNSELL, ADAM  left at 16/08/98 17:15:40
01F LSMED    HORSBURGH, KAREN  left at 16/08/98 17:15:40
02A LCDR     VANDYKE, JOHN  left at 16/08/98 17:15:40
02B LSSIG    MARSHALL, LEONARD  left at 16/08/98 17:15:40
02C LEUT     GRIFFITHS, DARRYL  left at 16/08/98 17:15:40
02D LEUT     CHARLES, MARTIN  left at 16/08/98 17:15:40
02E LEUT     ROBSON, KELLIE  left at 16/08/98 17:15:40
03B LSSIG    OWEN, CRAIG  left at 16/08/98 17:15:40
03E POSN     SYMONS, KENNETH  left at 16/08/98 17:15:40
04A LCDR     MEAD, JONATHON  left at 16/08/98 17:15:40
04B ABSIG    GERDTZ, PAUL  left at 16/08/98 17:15:40
04C CPOMT    SCHNEIDEREIT, RALPH  left at 16/08/98 17:15:40
04D CPOET    HALL, ADAM  left at 16/08/98 17:15:40
04E LSSN     PHILLIPS, PAUL  left at 16/08/98 17:15:40
05A LEUT     JONES, JUSTIN  left at 16/08/98 17:15:40
05B SMNSIG   MUIR, MARK  left at 16/08/98 17:15:40
05C POMT     BRADEN, NICHOLAS  left at 16/08/98 17:15:40
05D POET     LLOYD, ROBERT  left at 16/08/98 17:15:40
05E ABSN     POLLOCK, MICHAEL  left at 16/08/98 17:15:40
06A SBLT     JONES, TRAVIS  left at 16/08/98 17:15:40
06B ABSIG    PARKER, ARRON  left at 16/08/98 17:15:40
06C LSMT     KARAM, JONATHON  left at 16/08/98 17:15:40
06D LSET     NORRIS, DAMEON  left at 16/08/98 17:15:40
06E ABSN     HENSCHKE, PATRICIA  left at 16/08/98 17:15:40
07A LEUT     O'GRADY, PAUL  left at 16/08/98 17:15:40
07B ABSIG    FISHER, KIM  left at 16/08/98 17:15:40
07C ABMT     WALSH, MATTHEW  left at 16/08/98 17:15:40
07D ABET     HANNEMANN, TONY  left at 16/08/98 17:15:40
07E LSSN     BARTON-ANCLIFFE, KATHERINE  left at 16/08/98 17:15:40
08B PORS     DUMMETT, STEPHEN  left at 16/08/98 17:15:40
08C ABMT     BRIGGS, ANDREW  left at 16/08/98 17:15:40
08D CPOET    WALKER, JOHN  left at 16/08/98 17:15:40
08E ABSN     KING, ANTHONY  left at 16/08/98 17:15:40
09A SBLT     BAIRD, PETER  left at 16/08/98 17:15:40
09B LSRO     FAWCETT, DONALD  left at 16/08/98 17:15:40
09C POMT     PARRY, CAMERON  left at 16/08/98 17:15:40
09D POET     GROSE, CHRISTOPHER  left at 16/08/98 17:15:40
09E CPOCK    HARNETT, GARY  left at 16/08/98 17:15:40
10A SBLT     ROSSER, NARELLE  left at 16/08/98 17:15:40
10B LSRO     ELLIOTT, KENNETH  left at 16/08/98 17:15:40
10C LSMT     OLIVER, JOHN  left at 16/08/98 17:15:40
10D POET     THOMASON, DAVID  left at 16/08/98 17:15:40
10E LSCK     CHEYNE, SANDRA  left at 16/08/98 17:15:40
11B ABRO     EGAN, WARREN  left at 16/08/98 17:15:40
11C ABMT     SALAMON, FRANK  left at 16/08/98 17:15:40
11D LSET     ROBINSON, DAVID  left at 16/08/98 17:15:40
11E LSCK     CUTLER, GRAEME  left at 16/08/98 17:15:40
12C ABMT     YORK, BENJAMIN  left at 16/08/98 17:15:40
12D LSET     SMITH, DANIEL  left at 16/08/98 17:15:40
13B ABRO     HINDER, CHRISTOPHER  left at 16/08/98 17:15:40
13C LSMT     RAJECKI, PAUL  left at 16/08/98 17:15:40
13D LSET     SHELTON, KENNETH  left at 16/08/98 17:15:40
13E ABCK     KELLEHER, ANTHONY  left at 16/08/98 17:15:40
14A CPONPC   LENNOX, DAVID  left at 16/08/98 17:15:40
14B ABRO     TELFORD, DIANNE  left at 16/08/98 17:15:40
14C LSMT     WINN, SCOTT  left at 16/08/98 17:15:40
14D ABET     STONE, ADRIAN  left at 16/08/98 17:15:40
14E ABCK     GERLACH, TIMITHY  left at 16/08/98 17:15:40
15A LSNPC    CHAPMAN, MARY  left at 16/08/98 17:15:40
15B ABEWL    ELLIOTT, PAUL  left at 16/08/98 17:15:40
15C POMT     COCKERILL, EWEN  left at 16/08/98 17:15:40
15D ABET     GOODALL, DAVID  left at 16/08/98 17:15:40
15E ABCK     MCCULLOCH, ANDREW  left at 16/08/98 17:15:40
16A LSCD     GRAVES, MICHAEL  left at 16/08/98 17:15:40
16B ABEWT    MAXWELL, KENT  left at 16/08/98 17:15:40
16C ABMT     HARTLEY, LEON  left at 16/08/98 17:15:40
16D ABET     WIGHT, JACQUELINE  left at 16/08/98 17:15:40
16E POWTR    POLLARD, STEWART  left at 16/08/98 17:15:40
17A LSPT     DUNCAN, JASON  left at 16/08/98 17:15:40
17C CPOMT    DAVIES, ADRIAN  left at 16/08/98 17:15:40
17D ABET     KELEY, DARREN  left at 16/08/98 17:15:40
17E LSWTR    SCRASE, JANELLE  left at 16/08/98 17:15:40
18A LSBM(SE) STUART, CHRISTOPHER  left at 16/08/98 17:15:40
18C POMT     HORNE, NIGEL  left at 16/08/98 17:15:40
18D ABET     BRENNAN, MICHAEL  left at 16/08/98 17:15:40
18E ABWTR    PURCELL, MALCOLM  left at 16/08/98 17:15:40
19A CPOB     TRAVIS, DENE  left at 16/08/98 17:15:40
19C LSMT     CAINES, BRETT  left at 16/08/98 17:15:40
19D POET     SCHARF, ANTHONY  left at 16/08/98 17:15:40
19E POSTD    TRENT, ALAN  left at 16/08/98 17:15:40
20A POB      CARR, RITSON  left at 16/08/98 17:15:40
20C ABMT     MOORE, SHANE  left at 16/08/98 17:15:40
20D LSET     BAYLISS, ANDREW  left at 16/08/98 17:15:40
20E LSSTD    WINSHIP, TIMOTHY  left at 16/08/98 17:15:40
21A LSBM     FLEMING, BARRY  left at 16/08/98 17:15:40
21C ABMT     TURNHAM, MARK  left at 16/08/98 17:15:40
21E LSSTD    SPOONER, MARINA  left at 16/08/98 17:15:40
22A ABBM     SANTOS, ALFONSO  left at 16/08/98 17:15:40
22C LSMT     KREINDL, STEVEN  left at 16/08/98 17:15:40
22D ABET     FULLERTON, SEAN  left at 16/08/98 17:15:40
22D ABET     GRENFELL, SCOTT  left at 16/08/98 17:15:40
22E ABSTD    O'MALLEY, SANDRA  left at 16/08/98 17:15:40
23A SMNBM    FITZGERALD, DEAN  left at 16/08/98 17:15:40
23C POMT     SCHREUDERS, GREGORY  left at 16/08/98 17:15:40
23D ABET     O'SHEA, ANDREW  left at 16/08/98 17:15:40
23E ABSTD    ZANONI, MARK  left at 16/08/98 17:15:40
24A SMNBM    PIKKERT, MARCEL  left at 16/08/98 17:15:40
24C ABMT     HUMPHRIES, PAUL  left at 16/08/98 17:15:40
24D POET     JOHNSON, MICHAEL  left at 16/08/98 17:15:40
24E ABSTD    KING, MATTHEW  left at 16/08/98 17:15:40
25A ABBM     DORWARD, MARK  left at 16/08/98 17:15:40
25C POMT     SHEARING, GARRY  left at 16/08/98 17:15:40
25D LSET     ROULSTON, JASON  left at 16/08/98 17:15:40
26A ABBM     FOLEY, JOANNE  left at 16/08/98 17:15:40
26C ABMT     GAVIN, MICHAEL  left at 16/08/98 17:15:40
26D ABET     CRICK, DAMIEN  left at 16/08/98 17:15:40
27A ABBM     MANSER, GEOFFREY  left at 16/08/98 17:15:40
27C ABMT     RADZIEVIC, CHRISTOPHER  left at 16/08/98 17:15:40
27D SMNET    MITCHELL, KABLE  left at 16/08/98 17:15:40
28C ABMT     TROTTER, ANTHONY  left at 16/08/98 17:15:40
28D ABET     CLIFTON, KEVIN  left at 16/08/98 17:15:40
29A CPOCSM   HILL, STEPHEN  left at 16/08/98 17:15:40
29C ABMT     CLARK, SHANE  left at 16/08/98 17:15:40
30A POCSS    DANIELS, WAYNE  left at 16/08/98 17:15:40
30C ABMT     PATTERSON, STEPHEN  left at 16/08/98 17:15:40
31A POCSS    FERGUSON, ALLAN  left at 16/08/98 17:15:40
32A LSCSO    LAWRIE, GLENN  left at 16/08/98 17:15:40
32C SBLT     PHILLIPPS, ZACH  left at 16/08/98 17:15:40
33A LSCSO    HUCKSTADT, RODNEY  left at 16/08/98 17:15:40
34A LSCSO    CAMPBELL, BRUCE  left at 16/08/98 17:15:40
35A LSCSO    JOLEJOLE, SHANE  left at 16/08/98 17:15:40
36A LSCSO    KEMP, ADAM  left at 16/08/98 17:15:40
37A LSCSO    SKEWES, NATHAN  left at 16/08/98 17:15:40
38A LSCSO    NEGUS, OWEN  left at 16/08/98 17:15:40
39A LSCSO    PENGILLY, WAYNE  left at 16/08/98 17:15:40
40A ABCSO    HARRISON, BRIAN  left at 16/08/98 17:15:40
41A ABCSO    BARGERBOS, NATHAN  left at 16/08/98 17:15:40
42A ABCSO    FITZSIMONS, MARK  left at 16/08/98 17:15:40
43A ABCSO    YOUNG, NEIL  left at 16/08/98 17:15:40
44A ABCSO    DAVIS, NATHAN  left at 16/08/98 17:15:40
45A SMNCSO   GREENE, PAUL  left at 16/08/98 17:15:40
46A ABCSO    HARRIS, SHELLEY  left at 16/08/98 17:15:40
47A SMNCSO   VANDERTUUK, YOLANDA  left at 16/08/98 17:15:40
48A SMNCSO   PRICE, MARTIN  left at 16/08/98 17:15:40
49A ABCSO    CLOUGH, ANTHONY  left at 16/08/98 17:15:40
50A SMNCSO   LAWS, PAUL  left at 16/08/98 17:15:40
51A ABCSO    McGUINNESS, JADE  left at 16/08/98 17:15:40
52A SMNCSO   CUSACK, ROWAN  left at 16/08/98 17:15:40
01A CMDR     YORKE, GREGORY  came onboard at 16/08/98 17:15:40
03A LEUT     GODDARD, LEE  came onboard at 16/08/98 17:15:40
03B LSSIG    OWEN, CRAIG  came onboard at 16/08/98 17:15:40
03C LEUT     WICKHAM, BRETT  came onboard at 16/08/98 17:15:40
03D LEUT     DAMM, WAYNE  came onboard at 16/08/98 17:15:40
01A CMDR     YORKE, GREGORY  came onboard at 16/08/98 17:15:44
03A LEUT     GODDARD, LEE  came onboard at 16/08/98 17:15:44
03B LSSIG    OWEN, CRAIG  came onboard at 16/08/98 17:15:44
03C LEUT     WICKHAM, BRETT  came onboard at 16/08/98 17:15:44
03D LEUT     DAMM, WAYNE  came onboard at 16/08/98 17:15:44
01A CMDR     YORKE, GREGORY  came onboard at 16/08/98 17:15:45
01B POSY BARNES, DAMIEN  left at 16/08/98 19:07:13
01C LCDR ENGLISH, STEPHEN  left at 16/08/98 19:07:13
01D LCDR BASLEY, STEPHEN  left at 16/08/98 19:07:13
01E LCDR GRUNSELL, ADAM  left at 16/08/98 19:07:13
01F LSMED HORSBURGH, KAREN  left at 16/08/98 19:07:13
02A LCDR VANDYKE, JOHN  left at 16/08/98 19:07:13
02B LSSIG MARSHALL, LEONARD  left at 16/08/98 19:07:13
02C LEUT GRIFFITHS, DARRYL  left at 16/08/98 19:07:13
02D LEUT CHARLES, MARTIN  left at 16/08/98 19:07:13
02E LEUT ROBSON, KELLIE  left at 16/08/98 19:07:13
03A LEUT GODDARD, LEE  left at 16/08/98 19:07:13
03B LSSIG OWEN, CRAIG  left at 16/08/98 19:07:13
03C LEUT WICKHAM, BRETT  left at 16/08/98 19:07:13
03D LEUT DAMM, WAYNE  left at 16/08/98 19:07:13
03E POSN SYMONS, KENNETH  left at 16/08/98 19:07:13
04A LCDR MEAD, JONATHON  left at 16/08/98 19:07:13
04B ABSIG GERDTZ, PAUL  left at 16/08/98 19:07:13
04C CPOMT SCHNEIDEREIT, RALPH  left at 16/08/98 19:07:13
04D CPOET HALL, ADAM  left at 16/08/98 19:07:13
04E LSSN PHILLIPS, PAUL  left at 16/08/98 19:07:13
05A LEUT JONES, JUSTIN  left at 16/08/98 19:07:13
05B SMNSIG MUIR, MARK  left at 16/08/98 19:07:13
05C POMT BRADEN, NICHOLAS  left at 16/08/98 19:07:13
05D POET LLOYD, ROBERT  left at 16/08/98 19:07:13
05E ABSN POLLOCK, MICHAEL  left at 16/08/98 19:07:13
06A SBLT JONES, TRAVIS  left at 16/08/98 19:07:13
06B ABSIG PARKER, ARRON  left at 16/08/98 19:07:13
06C LSMT KARAM, JONATHON  left at 16/08/98 19:07:13
06D LSET NORRIS, DAMEON  left at 16/08/98 19:07:13
06E ABSN HENSCHKE, PATRICIA  left at 16/08/98 19:07:13
07A LEUT O'GRADY, PAUL  left at 16/08/98 19:07:13
07B ABSIG FISHER, KIM  left at 16/08/98 19:07:13
07C ABMT WALSH, MATTHEW  left at 16/08/98 19:07:13
07D ABET HANNEMANN, TONY  left at 16/08/98 19:07:13
07E LSSN BARTON-ANCLIFFE, KATHERINE  left at 16/08/98 19:07:13
08B PORS DUMMETT, STEPHEN  left at 16/08/98 19:07:13
08C ABMT BRIGGS, ANDREW  left at 16/08/98 19:07:13
08D CPOET WALKER, JOHN  left at 16/08/98 19:07:13
08E ABSN KING, ANTHONY  left at 16/08/98 19:07:13
09A SBLT BAIRD, PETER  left at 16/08/98 19:07:13
09B LSRO FAWCETT, DONALD  left at 16/08/98 19:07:13
09C POMT PARRY, CAMERON  left at 16/08/98 19:07:13
09D POET GROSE, CHRISTOPHER  left at 16/08/98 19:07:13
09E CPOCK HARNETT, GARY  left at 16/08/98 19:07:13
10A SBLT ROSSER, NARELLE  left at 16/08/98 19:07:13
10B LSRO ELLIOTT, KENNETH  left at 16/08/98 19:07:13
10C LSMT OLIVER, JOHN  left at 16/08/98 19:07:13
10D POET THOMASON, DAVID  left at 16/08/98 19:07:13
10E LSCK CHEYNE, SANDRA  left at 16/08/98 19:07:13
11B ABRO EGAN, WARREN  left at 16/08/98 19:07:13
11C ABMT SALAMON, FRANK  left at 16/08/98 19:07:13
11D LSET ROBINSON, DAVID  left at 16/08/98 19:07:13
11E LSCK CUTLER, GRAEME  left at 16/08/98 19:07:13
12C ABMT YORK, BENJAMIN  left at 16/08/98 19:07:13
12D LSET SMITH, DANIEL  left at 16/08/98 19:07:13
13B ABRO HINDER, CHRISTOPHER  left at 16/08/98 19:07:13
13C LSMT RAJECKI, PAUL  left at 16/08/98 19:07:13
13D LSET SHELTON, KENNETH  left at 16/08/98 19:07:13
13E ABCK KELLEHER, ANTHONY  left at 16/08/98 19:07:13
14A CPONPC LENNOX, DAVID  left at 16/08/98 19:07:13
14B ABRO TELFORD, DIANNE  left at 16/08/98 19:07:13
14C LSMT WINN, SCOTT  left at 16/08/98 19:07:13
14D ABET STONE, ADRIAN  left at 16/08/98 19:07:13
14E ABCK GERLACH, TIMITHY  left at 16/08/98 19:07:13
15A LSNPC CHAPMAN, MARY  left at 16/08/98 19:07:13
15B ABEWL ELLIOTT, PAUL  left at 16/08/98 19:07:13
15C POMT COCKERILL, EWEN  left at 16/08/98 19:07:13
15D ABET GOODALL, DAVID  left at 16/08/98 19:07:13
15E ABCK MCCULLOCH, ANDREW  left at 16/08/98 19:07:13
16A LSCD GRAVES, MICHAEL  left at 16/08/98 19:07:13
16B ABEWT MAXWELL, KENT  left at 16/08/98 19:07:13
16C ABMT HARTLEY, LEON  left at 16/08/98 19:07:13
16D ABET WIGHT, JACQUELINE  left at 16/08/98 19:07:13
16E POWTR POLLARD, STEWART  left at 16/08/98 19:07:13
17A LSPT DUNCAN, JASON  left at 16/08/98 19:07:13
17C CPOMT DAVIES, ADRIAN  left at 16/08/98 19:07:13
17D ABET KELEY, DARREN  left at 16/08/98 19:07:13
17E LSWTR SCRASE, JANELLE  left at 16/08/98 19:07:13
18A LSBM(SE) STUART, CHRISTOPHER  left at 16/08/98 19:07:13
18C POMT HORNE, NIGEL  left at 16/08/98 19:07:13
18D ABET BRENNAN, MICHAEL  left at 16/08/98 19:07:13
18E ABWTR PURCELL, MALCOLM  left at 16/08/98 19:07:13
19A CPOB TRAVIS, DENE  left at 16/08/98 19:07:13
19C LSMT CAINES, BRETT  left at 16/08/98 19:07:13
19D POET SCHARF, ANTHONY  left at 16/08/98 19:07:13
19E POSTD TRENT, ALAN  left at 16/08/98 19:07:13
20A POB CARR, RITSON  left at 16/08/98 19:07:13
20C ABMT MOORE, SHANE  left at 16/08/98 19:07:13
20D LSET BAYLISS, ANDREW  left at 16/08/98 19:07:13
20E LSSTD WINSHIP, TIMOTHY  left at 16/08/98 19:07:13
21C ABMT TURNHAM, MARK  left at 16/08/98 19:07:13
21E LSSTD SPOONER, MARINA  left at 16/08/98 19:07:13
22A ABBM SANTOS, ALFONSO  left at 16/08/98 19:07:13
22C LSMT KREINDL, STEVEN  left at 16/08/98 19:07:13
22D ABET FULLERTON, SEAN  left at 16/08/98 19:07:13
22D ABET GRENFELL, SCOTT  left at 16/08/98 19:07:13
22E ABSTD O'MALLEY, SANDRA  left at 16/08/98 19:07:13
23A SMNBM FITZGERALD, DEAN  left at 16/08/98 19:07:13
23C POMT SCHREUDERS, GREGORY  left at 16/08/98 19:07:13
23D ABET O'SHEA, ANDREW  left at 16/08/98 19:07:13
23E ABSTD ZANONI, MARK  left at 16/08/98 19:07:13
24A SMNBM PIKKERT, MARCEL  left at 16/08/98 19:07:13
24C ABMT HUMPHRIES, PAUL  left at 16/08/98 19:07:14
24D POET JOHNSON, MICHAEL  left at 16/08/98 19:07:14
24E ABSTD KING, MATTHEW  left at 16/08/98 19:07:14
25A ABBM DORWARD, MARK  left at 16/08/98 19:07:14
25C POMT SHEARING, GARRY  left at 16/08/98 19:07:14
25D LSET ROULSTON, JASON  left at 16/08/98 19:07:14
26A ABBM FOLEY, JOANNE  left at 16/08/98 19:07:14
26C ABMT GAVIN, MICHAEL  left at 16/08/98 19:07:14
26D ABET CRICK, DAMIEN  left at 16/08/98 19:07:14
27A ABBM MANSER, GEOFFREY  left at 16/08/98 19:07:14
27C ABMT RADZIEVIC, CHRISTOPHER  left at 16/08/98 19:07:14
27D SMNET MITCHELL, KABLE  left at 16/08/98 19:07:14
28C ABMT TROTTER, ANTHONY  left at 16/08/98 19:07:14
28D ABET CLIFTON, KEVIN  left at 16/08/98 19:07:14
29A CPOCSM HILL, STEPHEN  left at 16/08/98 19:07:14
29C ABMT CLARK, SHANE  left at 16/08/98 19:07:14
30A POCSS DANIELS, WAYNE  left at 16/08/98 19:07:14
30C ABMT PATTERSON, STEPHEN  left at 16/08/98 19:07:14
31A POCSS FERGUSON, ALLAN  left at 16/08/98 19:07:14
32A LSCSO LAWRIE, GLENN  left at 16/08/98 19:07:14
32C SBLT PHILLIPPS, ZACH  left at 16/08/98 19:07:14
33A LSCSO HUCKSTADT, RODNEY  left at 16/08/98 19:07:14
34A LSCSO CAMPBELL, BRUCE  left at 16/08/98 19:07:14
35A LSCSO JOLEJOLE, SHANE  left at 16/08/98 19:07:14
36A LSCSO KEMP, ADAM  left at 16/08/98 19:07:14
37A LSCSO SKEWES, NATHAN  left at 16/08/98 19:07:14
38A LSCSO NEGUS, OWEN  left at 16/08/98 19:07:14
39A LSCSO PENGILLY, WAYNE  left at 16/08/98 19:07:14
40A ABCSO HARRISON, BRIAN  left at 16/08/98 19:07:14
41A ABCSO BARGERBOS, NATHAN  left at 16/08/98 19:07:14
42A ABCSO FITZSIMONS, MARK  left at 16/08/98 19:07:14
43A ABCSO YOUNG, NEIL  left at 16/08/98 19:07:14
44A ABCSO DAVIS, NATHAN  left at 16/08/98 19:07:14
45A SMNCSO GREENE, PAUL  left at 16/08/98 19:07:14
46A ABCSO HARRIS, SHELLEY  left at 16/08/98 19:07:14
47A SMNCSO VANDERTUUK, YOLANDA  left at 16/08/98 19:07:14
48A SMNCSO PRICE, MARTIN  left at 16/08/98 19:07:14
49A ABCSO CLOUGH, ANTHONY  left at 16/08/98 19:07:14
50A SMNCSO LAWS, PAUL  left at 16/08/98 19:07:14
51A ABCSO McGUINNESS, JADE  left at 16/08/98 19:07:14
52A SMNCSO CUSACK, ROWAN  left at 16/08/98 19:07:14
01B POSY BARNES, DAMIEN  left at 16/08/98 19:07:19
01C LCDR ENGLISH, STEPHEN  left at 16/08/98 19:07:19
01D LCDR BASLEY, STEPHEN  left at 16/08/98 19:07:19
01E LCDR GRUNSELL, ADAM  left at 16/08/98 19:07:19
01F LSMED HORSBURGH, KAREN  left at 16/08/98 19:07:19
05A LEUT JONES, JUSTIN  left at 16/08/98 19:07:19
05B SMNSIG MUIR, MARK  left at 16/08/98 19:07:19
05C POMT BRADEN, NICHOLAS  left at 16/08/98 19:07:19
05D POET LLOYD, ROBERT  left at 16/08/98 19:07:19
05E ABSN POLLOCK, MICHAEL  left at 16/08/98 19:07:19
06A SBLT JONES, TRAVIS  left at 16/08/98 19:07:19
06B ABSIG PARKER, ARRON  left at 16/08/98 19:07:20
06C LSMT KARAM, JONATHON  left at 16/08/98 19:07:20
06D LSET NORRIS, DAMEON  left at 16/08/98 19:07:20
06E ABSN HENSCHKE, PATRICIA  left at 16/08/98 19:07:20
07A LEUT O'GRADY, PAUL  left at 16/08/98 19:07:20
07B ABSIG FISHER, KIM  left at 16/08/98 19:07:20
07C ABMT WALSH, MATTHEW  left at 16/08/98 19:07:20
07D ABET HANNEMANN, TONY  left at 16/08/98 19:07:20
07E LSSN BARTON-ANCLIFFE, KATHERINE  left at 16/08/98 19:07:20
08B PORS DUMMETT, STEPHEN  left at 16/08/98 19:07:20
08C ABMT BRIGGS, ANDREW  left at 16/08/98 19:07:20
08D CPOET WALKER, JOHN  left at 16/08/98 19:07:20
08E ABSN KING, ANTHONY  left at 16/08/98 19:07:20
09A SBLT BAIRD, PETER  left at 16/08/98 19:07:20
09B LSRO FAWCETT, DONALD  left at 16/08/98 19:07:20
09C POMT PARRY, CAMERON  left at 16/08/98 19:07:20
09D POET GROSE, CHRISTOPHER  left at 16/08/98 19:07:20
09E CPOCK HARNETT, GARY  left at 16/08/98 19:07:20
10A SBLT ROSSER, NARELLE  left at 16/08/98 19:07:20
10B LSRO ELLIOTT, KENNETH  left at 16/08/98 19:07:20
10C LSMT OLIVER, JOHN  left at 16/08/98 19:07:20
10D POET THOMASON, DAVID  left at 16/08/98 19:07:20
10E LSCK CHEYNE, SANDRA  left at 16/08/98 19:07:20
11B ABRO EGAN, WARREN  left at 16/08/98 19:07:20
11C ABMT SALAMON, FRANK  left at 16/08/98 19:07:20
11D LSET ROBINSON, DAVID  left at 16/08/98 19:07:20
11E LSCK CUTLER, GRAEME  left at 16/08/98 19:07:20
12C ABMT YORK, BENJAMIN  left at 16/08/98 19:07:20
12D LSET SMITH, DANIEL  left at 16/08/98 19:07:20
13B ABRO HINDER, CHRISTOPHER  left at 16/08/98 19:07:20
13C LSMT RAJECKI, PAUL  left at 16/08/98 19:07:20
13D LSET SHELTON, KENNETH  left at 16/08/98 19:07:20
13E ABCK KELLEHER, ANTHONY  left at 16/08/98 19:07:20
14A CPONPC LENNOX, DAVID  left at 16/08/98 19:07:20
14B ABRO TELFORD, DIANNE  left at 16/08/98 19:07:20
14C LSMT WINN, SCOTT  left at 16/08/98 19:07:20
14D ABET STONE, ADRIAN  left at 16/08/98 19:07:20
14E ABCK GERLACH, TIMITHY  left at 16/08/98 19:07:20
15A LSNPC CHAPMAN, MARY  left at 16/08/98 19:07:20
15B ABEWL ELLIOTT, PAUL  left at 16/08/98 19:07:20
15C POMT COCKERILL, EWEN  left at 16/08/98 19:07:20
15D ABET GOODALL, DAVID  left at 16/08/98 19:07:20
15E ABCK MCCULLOCH, ANDREW  left at 16/08/98 19:07:20
16A LSCD GRAVES, MICHAEL  left at 16/08/98 19:07:20
16B ABEWT MAXWELL, KENT  left at 16/08/98 19:07:20
16C ABMT HARTLEY, LEON  left at 16/08/98 19:07:20
16D ABET WIGHT, JACQUELINE  left at 16/08/98 19:07:20
16E POWTR POLLARD, STEWART  left at 16/08/98 19:07:20
17A LSPT DUNCAN, JASON  left at 16/08/98 19:07:20
17C CPOMT DAVIES, ADRIAN  left at 16/08/98 19:07:20
17D ABET KELEY, DARREN  left at 16/08/98 19:07:20
17E LSWTR SCRASE, JANELLE  left at 16/08/98 19:07:20
18A LSBM(SE) STUART, CHRISTOPHER  left at 16/08/98 19:07:20
18C POMT HORNE, NIGEL  left at 16/08/98 19:07:20
18D ABET BRENNAN, MICHAEL  left at 16/08/98 19:07:20
18E ABWTR PURCELL, MALCOLM  left at 16/08/98 19:07:20
19A CPOB TRAVIS, DENE  left at 16/08/98 19:07:20
19C LSMT CAINES, BRETT  left at 16/08/98 19:07:20
19D POET SCHARF, ANTHONY  left at 16/08/98 19:07:20
19E POSTD TRENT, ALAN  left at 16/08/98 19:07:20
20A POB CARR, RITSON  left at 16/08/98 19:07:20
20C ABMT MOORE, SHANE  left at 16/08/98 19:07:20
20D LSET BAYLISS, ANDREW  left at 16/08/98 19:07:20
20E LSSTD WINSHIP, TIMOTHY  left at 16/08/98 19:07:20
21C ABMT TURNHAM, MARK  left at 16/08/98 19:07:20
21E LSSTD SPOONER, MARINA  left at 16/08/98 19:07:20
22A ABBM SANTOS, ALFONSO  left at 16/08/98 19:07:20
22C LSMT KREINDL, STEVEN  left at 16/08/98 19:07:20
22D ABET FULLERTON, SEAN  left at 16/08/98 19:07:20
22D ABET GRENFELL, SCOTT  left at 16/08/98 19:07:20
22E ABSTD O'MALLEY, SANDRA  left at 16/08/98 19:07:20
23A SMNBM FITZGERALD, DEAN  left at 16/08/98 19:07:20
23C POMT SCHREUDERS, GREGORY  left at 16/08/98 19:07:20
23D ABET O'SHEA, ANDREW  left at 16/08/98 19:07:20
23E ABSTD ZANONI, MARK  left at 16/08/98 19:07:20
24A SMNBM PIKKERT, MARCEL  left at 16/08/98 19:07:20
24C ABMT HUMPHRIES, PAUL  left at 16/08/98 19:07:20
24D POET JOHNSON, MICHAEL  left at 16/08/98 19:07:20
24E ABSTD KING, MATTHEW  left at 16/08/98 19:07:20
25A ABBM DORWARD, MARK  left at 16/08/98 19:07:20
25C POMT SHEARING, GARRY  left at 16/08/98 19:07:20
25D LSET ROULSTON, JASON  left at 16/08/98 19:07:20
26A ABBM FOLEY, JOANNE  left at 16/08/98 19:07:20
26C ABMT GAVIN, MICHAEL  left at 16/08/98 19:07:20
26D ABET CRICK, DAMIEN  left at 16/08/98 19:07:20
27A ABBM MANSER, GEOFFREY  left at 16/08/98 19:07:20
27C ABMT RADZIEVIC, CHRISTOPHER  left at 16/08/98 19:07:20
27D SMNET MITCHELL, KABLE  left at 16/08/98 19:07:20
28C ABMT TROTTER, ANTHONY  left at 16/08/98 19:07:20
28D ABET CLIFTON, KEVIN  left at 16/08/98 19:07:20
29A CPOCSM HILL, STEPHEN  left at 16/08/98 19:07:20
29C ABMT CLARK, SHANE  left at 16/08/98 19:07:20
30A POCSS DANIELS, WAYNE  left at 16/08/98 19:07:20
30C ABMT PATTERSON, STEPHEN  left at 16/08/98 19:07:20
31A POCSS FERGUSON, ALLAN  left at 16/08/98 19:07:20
32A LSCSO LAWRIE, GLENN  left at 16/08/98 19:07:20
32C SBLT PHILLIPPS, ZACH  left at 16/08/98 19:07:20
33A LSCSO HUCKSTADT, RODNEY  left at 16/08/98 19:07:20
34A LSCSO CAMPBELL, BRUCE  left at 16/08/98 19:07:20
35A LSCSO JOLEJOLE, SHANE  left at 16/08/98 19:07:20
36A LSCSO KEMP, ADAM  left at 16/08/98 19:07:20
37A LSCSO SKEWES, NATHAN  left at 16/08/98 19:07:20
38A LSCSO NEGUS, OWEN  left at 16/08/98 19:07:20
39A LSCSO PENGILLY, WAYNE  left at 16/08/98 19:07:20
40A ABCSO HARRISON, BRIAN  left at 16/08/98 19:07:20
41A ABCSO BARGERBOS, NATHAN  left at 16/08/98 19:07:20
42A ABCSO FITZSIMONS, MARK  left at 16/08/98 19:07:20
43A ABCSO YOUNG, NEIL  left at 16/08/98 19:07:20
44A ABCSO DAVIS, NATHAN  left at 16/08/98 19:07:20
45A SMNCSO GREENE, PAUL  left at 16/08/98 19:07:20
46A ABCSO HARRIS, SHELLEY  left at 16/08/98 19:07:20
47A SMNCSO VANDERTUUK, YOLANDA  left at 16/08/98 19:07:20
48A SMNCSO PRICE, MARTIN  left at 16/08/98 19:07:20
49A ABCSO CLOUGH, ANTHONY  left at 16/08/98 19:07:20
50A SMNCSO LAWS, PAUL  left at 16/08/98 19:07:20
51A ABCSO McGUINNESS, JADE  left at 16/08/98 19:07:20
52A SMNCSO CUSACK, ROWAN  left at 16/08/98 19:07:20
01B POSY BARNES, DAMIEN  left at 16/08/98 19:07:21
01C LCDR ENGLISH, STEPHEN  left at 16/08/98 19:07:21
01D LCDR BASLEY, STEPHEN  left at 16/08/98 19:07:21
01E LCDR GRUNSELL, ADAM  left at 16/08/98 19:07:21
01F LSMED HORSBURGH, KAREN  left at 16/08/98 19:07:21
05A LEUT JONES, JUSTIN  left at 16/08/98 19:07:21
05C POMT BRADEN, NICHOLAS  left at 16/08/98 19:07:21
05D POET LLOYD, ROBERT  left at 16/08/98 19:07:21
05E ABSN POLLOCK, MICHAEL  left at 16/08/98 19:07:21
06A SBLT JONES, TRAVIS  left at 16/08/98 19:07:21
06B ABSIG PARKER, ARRON  left at 16/08/98 19:07:21
06C LSMT KARAM, JONATHON  left at 16/08/98 19:07:21
06D LSET NORRIS, DAMEON  left at 16/08/98 19:07:21
06E ABSN HENSCHKE, PATRICIA  left at 16/08/98 19:07:21
07A LEUT O'GRADY, PAUL  left at 16/08/98 19:07:21
07B ABSIG FISHER, KIM  left at 16/08/98 19:07:21
07C ABMT WALSH, MATTHEW  left at 16/08/98 19:07:21
07D ABET HANNEMANN, TONY  left at 16/08/98 19:07:21
07E LSSN BARTON-ANCLIFFE, KATHERINE  left at 16/08/98 19:07:21
08B PORS DUMMETT, STEPHEN  left at 16/08/98 19:07:21
08C ABMT BRIGGS, ANDREW  left at 16/08/98 19:07:21
08D CPOET WALKER, JOHN  left at 16/08/98 19:07:21
08E ABSN KING, ANTHONY  left at 16/08/98 19:07:21
09A SBLT BAIRD, PETER  left at 16/08/98 19:07:21
09B LSRO FAWCETT, DONALD  left at 16/08/98 19:07:21
09C POMT PARRY, CAMERON  left at 16/08/98 19:07:21
09D POET GROSE, CHRISTOPHER  left at 16/08/98 19:07:21
09E CPOCK HARNETT, GARY  left at 16/08/98 19:07:21
10A SBLT ROSSER, NARELLE  left at 16/08/98 19:07:21
10B LSRO ELLIOTT, KENNETH  left at 16/08/98 19:07:21
10C LSMT OLIVER, JOHN  left at 16/08/98 19:07:21
10D POET THOMASON, DAVID  left at 16/08/98 19:07:21
10E LSCK CHEYNE, SANDRA  left at 16/08/98 19:07:21
11B ABRO EGAN, WARREN  left at 16/08/98 19:07:21
11C ABMT SALAMON, FRANK  left at 16/08/98 19:07:21
11D LSET ROBINSON, DAVID  left at 16/08/98 19:07:21
11E LSCK CUTLER, GRAEME  left at 16/08/98 19:07:21
12C ABMT YORK, BENJAMIN  left at 16/08/98 19:07:21
12D LSET SMITH, DANIEL  left at 16/08/98 19:07:21
13B ABRO HINDER, CHRISTOPHER  left at 16/08/98 19:07:21
13C LSMT RAJECKI, PAUL  left at 16/08/98 19:07:21
13D LSET SHELTON, KENNETH  left at 16/08/98 19:07:21
13E ABCK KELLEHER, ANTHONY  left at 16/08/98 19:07:21
14A CPONPC LENNOX, DAVID  left at 16/08/98 19:07:21
14B ABRO TELFORD, DIANNE  left at 16/08/98 19:07:21
14C LSMT WINN, SCOTT  left at 16/08/98 19:07:21
14D ABET STONE, ADRIAN  left at 16/08/98 19:07:21
14E ABCK GERLACH, TIMITHY  left at 16/08/98 19:07:21
15A LSNPC CHAPMAN, MARY  left at 16/08/98 19:07:21
15B ABEWL ELLIOTT, PAUL  left at 16/08/98 19:07:21
15C POMT COCKERILL, EWEN  left at 16/08/98 19:07:21
15D ABET GOODALL, DAVID  left at 16/08/98 19:07:21
15E ABCK MCCULLOCH, ANDREW  left at 16/08/98 19:07:21
16A LSCD GRAVES, MICHAEL  left at 16/08/98 19:07:21
16B ABEWT MAXWELL, KENT  left at 16/08/98 19:07:21
16C ABMT HARTLEY, LEON  left at 16/08/98 19:07:21
16D ABET WIGHT, JACQUELINE  left at 16/08/98 19:07:21
16E POWTR POLLARD, STEWART  left at 16/08/98 19:07:21
17A LSPT DUNCAN, JASON  left at 16/08/98 19:07:21
17C CPOMT DAVIES, ADRIAN  left at 16/08/98 19:07:21
17D ABET KELEY, DARREN  left at 16/08/98 19:07:21
17E LSWTR SCRASE, JANELLE  left at 16/08/98 19:07:21
18A LSBM(SE) STUART, CHRISTOPHER  left at 16/08/98 19:07:21
18C POMT HORNE, NIGEL  left at 16/08/98 19:07:21
18D ABET BRENNAN, MICHAEL  left at 16/08/98 19:07:21
18E ABWTR PURCELL, MALCOLM  left at 16/08/98 19:07:21
19A CPOB TRAVIS, DENE  left at 16/08/98 19:07:21
19C LSMT CAINES, BRETT  left at 16/08/98 19:07:21
19D POET SCHARF, ANTHONY  left at 16/08/98 19:07:21
19E POSTD TRENT, ALAN  left at 16/08/98 19:07:21
20A POB CARR, RITSON  left at 16/08/98 19:07:21
20C ABMT MOORE, SHANE  left at 16/08/98 19:07:21
20D LSET BAYLISS, ANDREW  left at 16/08/98 19:07:21
20E LSSTD WINSHIP, TIMOTHY  left at 16/08/98 19:07:21
21C ABMT TURNHAM, MARK  left at 16/08/98 19:07:21
21E LSSTD SPOONER, MARINA  left at 16/08/98 19:07:21
22A ABBM SANTOS, ALFONSO  left at 16/08/98 19:07:21
22C LSMT KREINDL, STEVEN  left at 16/08/98 19:07:21
22D ABET FULLERTON, SEAN  left at 16/08/98 19:07:21
22D ABET GRENFELL, SCOTT  left at 16/08/98 19:07:21
22E ABSTD O'MALLEY, SANDRA  left at 16/08/98 19:07:21
23A SMNBM FITZGERALD, DEAN  left at 16/08/98 19:07:21
23C POMT SCHREUDERS, GREGORY  left at 16/08/98 19:07:21
23D ABET O'SHEA, ANDREW  left at 16/08/98 19:07:21
23E ABSTD ZANONI, MARK  left at 16/08/98 19:07:21
24A SMNBM PIKKERT, MARCEL  left at 16/08/98 19:07:21
24C ABMT HUMPHRIES, PAUL  left at 16/08/98 19:07:21
24D POET JOHNSON, MICHAEL  left at 16/08/98 19:07:21
24E ABSTD KING, MATTHEW  left at 16/08/98 19:07:21
25A ABBM DORWARD, MARK  left at 16/08/98 19:07:21
25C POMT SHEARING, GARRY  left at 16/08/98 19:07:21
25D LSET ROULSTON, JASON  left at 16/08/98 19:07:21
26A ABBM FOLEY, JOANNE  left at 16/08/98 19:07:21
26C ABMT GAVIN, MICHAEL  left at 16/08/98 19:07:21
26D ABET CRICK, DAMIEN  left at 16/08/98 19:07:21
27A ABBM MANSER, GEOFFREY  left at 16/08/98 19:07:21
27C ABMT RADZIEVIC, CHRISTOPHER  left at 16/08/98 19:07:21
27D SMNET MITCHELL, KABLE  left at 16/08/98 19:07:21
28C ABMT TROTTER, ANTHONY  left at 16/08/98 19:07:21
28D ABET CLIFTON, KEVIN  left at 16/08/98 19:07:21
29A CPOCSM HILL, STEPHEN  left at 16/08/98 19:07:21
29C ABMT CLARK, SHANE  left at 16/08/98 19:07:21
30A POCSS DANIELS, WAYNE  left at 16/08/98 19:07:21
30C ABMT PATTERSON, STEPHEN  left at 16/08/98 19:07:21
31A POCSS FERGUSON, ALLAN  left at 16/08/98 19:07:21
32A LSCSO LAWRIE, GLENN  left at 16/08/98 19:07:21
32C SBLT PHILLIPPS, ZACH  left at 16/08/98 19:07:21
33A LSCSO HUCKSTADT, RODNEY  left at 16/08/98 19:07:21
34A LSCSO CAMPBELL, BRUCE  left at 16/08/98 19:07:21
35A LSCSO JOLEJOLE, SHANE  left at 16/08/98 19:07:21
36A LSCSO KEMP, ADAM  left at 16/08/98 19:07:21
37A LSCSO SKEWES, NATHAN  left at 16/08/98 19:07:21
38A LSCSO NEGUS, OWEN  left at 16/08/98 19:07:21
39A LSCSO PENGILLY, WAYNE  left at 16/08/98 19:07:21
40A ABCSO HARRISON, BRIAN  left at 16/08/98 19:07:21
41A ABCSO BARGERBOS, NATHAN  left at 16/08/98 19:07:21
42A ABCSO FITZSIMONS, MARK  left at 16/08/98 19:07:21
43A ABCSO YOUNG, NEIL  left at 16/08/98 19:07:21
44A ABCSO DAVIS, NATHAN  left at 16/08/98 19:07:21
45A SMNCSO GREENE, PAUL  left at 16/08/98 19:07:21
46A ABCSO HARRIS, SHELLEY  left at 16/08/98 19:07:21
47A SMNCSO VANDERTUUK, YOLANDA  left at 16/08/98 19:07:21
48A SMNCSO PRICE, MARTIN  left at 16/08/98 19:07:21
49A ABCSO CLOUGH, ANTHONY  left at 16/08/98 19:07:21
50A SMNCSO LAWS, PAUL  left at 16/08/98 19:07:21
51A ABCSO McGUINNESS, JADE  left at 16/08/98 19:07:21
52A SMNCSO CUSACK, ROWAN  left at 16/08/98 19:07:21
01B POSY BARNES, DAMIEN  left at 16/08/98 19:07:22
01C LCDR ENGLISH, STEPHEN  left at 16/08/98 19:07:22
01D LCDR BASLEY, STEPHEN  left at 16/08/98 19:07:22
01E LCDR GRUNSELL, ADAM  left at 16/08/98 19:07:22
01F LSMED HORSBURGH, KAREN  left at 16/08/98 19:07:22
05A LEUT JONES, JUSTIN  left at 16/08/98 19:07:22
05C POMT BRADEN, NICHOLAS  left at 16/08/98 19:07:22
05D POET LLOYD, ROBERT  left at 16/08/98 19:07:22
05E ABSN POLLOCK, MICHAEL  left at 16/08/98 19:07:22
06A SBLT JONES, TRAVIS  left at 16/08/98 19:07:22
06C LSMT KARAM, JONATHON  left at 16/08/98 19:07:22
06D LSET NORRIS, DAMEON  left at 16/08/98 19:07:22
06E ABSN HENSCHKE, PATRICIA  left at 16/08/98 19:07:22
07A LEUT O'GRADY, PAUL  left at 16/08/98 19:07:22
07B ABSIG FISHER, KIM  left at 16/08/98 19:07:22
07C ABMT WALSH, MATTHEW  left at 16/08/98 19:07:22
07D ABET HANNEMANN, TONY  left at 16/08/98 19:07:22
07E LSSN BARTON-ANCLIFFE, KATHERINE  left at 16/08/98 19:07:22
08B PORS DUMMETT, STEPHEN  left at 16/08/98 19:07:22
08C ABMT BRIGGS, ANDREW  left at 16/08/98 19:07:22
08D CPOET WALKER, JOHN  left at 16/08/98 19:07:22
08E ABSN KING, ANTHONY  left at 16/08/98 19:07:22
09A SBLT BAIRD, PETER  left at 16/08/98 19:07:22
09B LSRO FAWCETT, DONALD  left at 16/08/98 19:07:22
09C POMT PARRY, CAMERON  left at 16/08/98 19:07:22
09D POET GROSE, CHRISTOPHER  left at 16/08/98 19:07:22
09E CPOCK HARNETT, GARY  left at 16/08/98 19:07:22
10A SBLT ROSSER, NARELLE  left at 16/08/98 19:07:22
10B LSRO ELLIOTT, KENNETH  left at 16/08/98 19:07:22
10C LSMT OLIVER, JOHN  left at 16/08/98 19:07:22
10D POET THOMASON, DAVID  left at 16/08/98 19:07:22
10E LSCK CHEYNE, SANDRA  left at 16/08/98 19:07:22
11B ABRO EGAN, WARREN  left at 16/08/98 19:07:22
11C ABMT SALAMON, FRANK  left at 16/08/98 19:07:22
11D LSET ROBINSON, DAVID  left at 16/08/98 19:07:22
11E LSCK CUTLER, GRAEME  left at 16/08/98 19:07:22
12C ABMT YORK, BENJAMIN  left at 16/08/98 19:07:22
12D LSET SMITH, DANIEL  left at 16/08/98 19:07:22
13B ABRO HINDER, CHRISTOPHER  left at 16/08/98 19:07:22
13C LSMT RAJECKI, PAUL  left at 16/08/98 19:07:22
13D LSET SHELTON, KENNETH  left at 16/08/98 19:07:22
13E ABCK KELLEHER, ANTHONY  left at 16/08/98 19:07:22
14A CPONPC LENNOX, DAVID  left at 16/08/98 19:07:22
14B ABRO TELFORD, DIANNE  left at 16/08/98 19:07:22
14C LSMT WINN, SCOTT  left at 16/08/98 19:07:22
14D ABET STONE, ADRIAN  left at 16/08/98 19:07:22
14E ABCK GERLACH, TIMITHY  left at 16/08/98 19:07:22
15A LSNPC CHAPMAN, MARY  left at 16/08/98 19:07:22
15B ABEWL ELLIOTT, PAUL  left at 16/08/98 19:07:22
15C POMT COCKERILL, EWEN  left at 16/08/98 19:07:22
15D ABET GOODALL, DAVID  left at 16/08/98 19:07:22
15E ABCK MCCULLOCH, ANDREW  left at 16/08/98 19:07:22
16A LSCD GRAVES, MICHAEL  left at 16/08/98 19:07:22
16B ABEWT MAXWELL, KENT  left at 16/08/98 19:07:22
16C ABMT HARTLEY, LEON  left at 16/08/98 19:07:22
16D ABET WIGHT, JACQUELINE  left at 16/08/98 19:07:22
16E POWTR POLLARD, STEWART  left at 16/08/98 19:07:22
17A LSPT DUNCAN, JASON  left at 16/08/98 19:07:22
17C CPOMT DAVIES, ADRIAN  left at 16/08/98 19:07:22
17D ABET KELEY, DARREN  left at 16/08/98 19:07:22
17E LSWTR SCRASE, JANELLE  left at 16/08/98 19:07:22
18A LSBM(SE) STUART, CHRISTOPHER  left at 16/08/98 19:07:22
18C POMT HORNE, NIGEL  left at 16/08/98 19:07:22
18D ABET BRENNAN, MICHAEL  left at 16/08/98 19:07:22
18E ABWTR PURCELL, MALCOLM  left at 16/08/98 19:07:22
19A CPOB TRAVIS, DENE  left at 16/08/98 19:07:22
19C LSMT CAINES, BRETT  left at 16/08/98 19:07:22
19D POET SCHARF, ANTHONY  left at 16/08/98 19:07:22
19E POSTD TRENT, ALAN  left at 16/08/98 19:07:22
20A POB CARR, RITSON  left at 16/08/98 19:07:22
20C ABMT MOORE, SHANE  left at 16/08/98 19:07:22
20D LSET BAYLISS, ANDREW  left at 16/08/98 19:07:22
20E LSSTD WINSHIP, TIMOTHY  left at 16/08/98 19:07:22
21C ABMT TURNHAM, MARK  left at 16/08/98 19:07:22
21E LSSTD SPOONER, MARINA  left at 16/08/98 19:07:22
22A ABBM SANTOS, ALFONSO  left at 16/08/98 19:07:22
22C LSMT KREINDL, STEVEN  left at 16/08/98 19:07:22
22D ABET FULLERTON, SEAN  left at 16/08/98 19:07:22
22D ABET GRENFELL, SCOTT  left at 16/08/98 19:07:22
22E ABSTD O'MALLEY, SANDRA  left at 16/08/98 19:07:22
23A SMNBM FITZGERALD, DEAN  left at 16/08/98 19:07:22
23C POMT SCHREUDERS, GREGORY  left at 16/08/98 19:07:22
23D ABET O'SHEA, ANDREW  left at 16/08/98 19:07:22
23E ABSTD ZANONI, MARK  left at 16/08/98 19:07:22
24A SMNBM PIKKERT, MARCEL  left at 16/08/98 19:07:22
24C ABMT HUMPHRIES, PAUL  left at 16/08/98 19:07:22
24D POET JOHNSON, MICHAEL  left at 16/08/98 19:07:22
24E ABSTD KING, MATTHEW  left at 16/08/98 19:07:22
25A ABBM DORWARD, MARK  left at 16/08/98 19:07:22
25C POMT SHEARING, GARRY  left at 16/08/98 19:07:22
25D LSET ROULSTON, JASON  left at 16/08/98 19:07:22
26A ABBM FOLEY, JOANNE  left at 16/08/98 19:07:22
26C ABMT GAVIN, MICHAEL  left at 16/08/98 19:07:22
26D ABET CRICK, DAMIEN  left at 16/08/98 19:07:22
27A ABBM MANSER, GEOFFREY  left at 16/08/98 19:07:22
27C ABMT RADZIEVIC, CHRISTOPHER  left at 16/08/98 19:07:22
27D SMNET MITCHELL, KABLE  left at 16/08/98 19:07:22
28C ABMT TROTTER, ANTHONY  left at 16/08/98 19:07:22
28D ABET CLIFTON, KEVIN  left at 16/08/98 19:07:22
29A CPOCSM HILL, STEPHEN  left at 16/08/98 19:07:22
29C ABMT CLARK, SHANE  left at 16/08/98 19:07:22
30A POCSS DANIELS, WAYNE  left at 16/08/98 19:07:22
30C ABMT PATTERSON, STEPHEN  left at 16/08/98 19:07:22
31A POCSS FERGUSON, ALLAN  left at 16/08/98 19:07:22
32A LSCSO LAWRIE, GLENN  left at 16/08/98 19:07:22
32C SBLT PHILLIPPS, ZACH  left at 16/08/98 19:07:22
33A LSCSO HUCKSTADT, RODNEY  left at 16/08/98 19:07:22
34A LSCSO CAMPBELL, BRUCE  left at 16/08/98 19:07:22
35A LSCSO JOLEJOLE, SHANE  left at 16/08/98 19:07:22
36A LSCSO KEMP, ADAM  left at 16/08/98 19:07:22
37A LSCSO SKEWES, NATHAN  left at 16/08/98 19:07:22
38A LSCSO NEGUS, OWEN  left at 16/08/98 19:07:22
39A LSCSO PENGILLY, WAYNE  left at 16/08/98 19:07:22
40A ABCSO HARRISON, BRIAN  left at 16/08/98 19:07:22
41A ABCSO BARGERBOS, NATHAN  left at 16/08/98 19:07:22
42A ABCSO FITZSIMONS, MARK  left at 16/08/98 19:07:22
43A ABCSO YOUNG, NEIL  left at 16/08/98 19:07:22
44A ABCSO DAVIS, NATHAN  left at 16/08/98 19:07:22
45A SMNCSO GREENE, PAUL  left at 16/08/98 19:07:22
46A ABCSO HARRIS, SHELLEY  left at 16/08/98 19:07:22
47A SMNCSO VANDERTUUK, YOLANDA  left at 16/08/98 19:07:22
48A SMNCSO PRICE, MARTIN  left at 16/08/98 19:07:22
49A ABCSO CLOUGH, ANTHONY  left at 16/08/98 19:07:22
50A SMNCSO LAWS, PAUL  left at 16/08/98 19:07:22
51A ABCSO McGUINNESS, JADE  left at 16/08/98 19:07:22
52A SMNCSO CUSACK, ROWAN  left at 16/08/98 19:07:22
01B POSY BARNES, DAMIEN  left at 16/08/98 19:07:23
01C LCDR ENGLISH, STEPHEN  left at 16/08/98 19:07:23
01D LCDR BASLEY, STEPHEN  left at 16/08/98 19:07:23
01E LCDR GRUNSELL, ADAM  left at 16/08/98 19:07:23
01F LSMED HORSBURGH, KAREN  left at 16/08/98 19:07:23
05A LEUT JONES, JUSTIN  left at 16/08/98 19:07:23
05C POMT BRADEN, NICHOLAS  left at 16/08/98 19:07:23
05D POET LLOYD, ROBERT  left at 16/08/98 19:07:23
05E ABSN POLLOCK, MICHAEL  left at 16/08/98 19:07:23
06A SBLT JONES, TRAVIS  left at 16/08/98 19:07:23
06C LSMT KARAM, JONATHON  left at 16/08/98 19:07:23
06D LSET NORRIS, DAMEON  left at 16/08/98 19:07:23
06E ABSN HENSCHKE, PATRICIA  left at 16/08/98 19:07:23
07A LEUT O'GRADY, PAUL  left at 16/08/98 19:07:23
07B ABSIG FISHER, KIM  left at 16/08/98 19:07:23
07D ABET HANNEMANN, TONY  left at 16/08/98 19:07:23
07E LSSN BARTON-ANCLIFFE, KATHERINE  left at 16/08/98 19:07:23
08B PORS DUMMETT, STEPHEN  left at 16/08/98 19:07:23
08C ABMT BRIGGS, ANDREW  left at 16/08/98 19:07:23
08D CPOET WALKER, JOHN  left at 16/08/98 19:07:23
08E ABSN KING, ANTHONY  left at 16/08/98 19:07:23
09A SBLT BAIRD, PETER  left at 16/08/98 19:07:23
09B LSRO FAWCETT, DONALD  left at 16/08/98 19:07:23
09C POMT PARRY, CAMERON  left at 16/08/98 19:07:23
09D POET GROSE, CHRISTOPHER  left at 16/08/98 19:07:23
09E CPOCK HARNETT, GARY  left at 16/08/98 19:07:23
10A SBLT ROSSER, NARELLE  left at 16/08/98 19:07:23
10B LSRO ELLIOTT, KENNETH  left at 16/08/98 19:07:23
10C LSMT OLIVER, JOHN  left at 16/08/98 19:07:23
10D POET THOMASON, DAVID  left at 16/08/98 19:07:23
10E LSCK CHEYNE, SANDRA  left at 16/08/98 19:07:23
11B ABRO EGAN, WARREN  left at 16/08/98 19:07:23
11C ABMT SALAMON, FRANK  left at 16/08/98 19:07:23
11D LSET ROBINSON, DAVID  left at 16/08/98 19:07:23
11E LSCK CUTLER, GRAEME  left at 16/08/98 19:07:23
12C ABMT YORK, BENJAMIN  left at 16/08/98 19:07:23
12D LSET SMITH, DANIEL  left at 16/08/98 19:07:23
13B ABRO HINDER, CHRISTOPHER  left at 16/08/98 19:07:23
13C LSMT RAJECKI, PAUL  left at 16/08/98 19:07:23
13D LSET SHELTON, KENNETH  left at 16/08/98 19:07:23
13E ABCK KELLEHER, ANTHONY  left at 16/08/98 19:07:23
14A CPONPC LENNOX, DAVID  left at 16/08/98 19:07:23
14B ABRO TELFORD, DIANNE  left at 16/08/98 19:07:23
14C LSMT WINN, SCOTT  left at 16/08/98 19:07:23
14D ABET STONE, ADRIAN  left at 16/08/98 19:07:23
14E ABCK GERLACH, TIMITHY  left at 16/08/98 19:07:23
15A LSNPC CHAPMAN, MARY  left at 16/08/98 19:07:23
15B ABEWL ELLIOTT, PAUL  left at 16/08/98 19:07:23
15C POMT COCKERILL, EWEN  left at 16/08/98 19:07:23
15D ABET GOODALL, DAVID  left at 16/08/98 19:07:23
15E ABCK MCCULLOCH, ANDREW  left at 16/08/98 19:07:23
16A LSCD GRAVES, MICHAEL  left at 16/08/98 19:07:23
16B ABEWT MAXWELL, KENT  left at 16/08/98 19:07:23
16C ABMT HARTLEY, LEON  left at 16/08/98 19:07:23
16D ABET WIGHT, JACQUELINE  left at 16/08/98 19:07:23
16E POWTR POLLARD, STEWART  left at 16/08/98 19:07:23
17A LSPT DUNCAN, JASON  left at 16/08/98 19:07:23
17C CPOMT DAVIES, ADRIAN  left at 16/08/98 19:07:23
17D ABET KELEY, DARREN  left at 16/08/98 19:07:23
17E LSWTR SCRASE, JANELLE  left at 16/08/98 19:07:23
18A LSBM(SE) STUART, CHRISTOPHER  left at 16/08/98 19:07:23
18C POMT HORNE, NIGEL  left at 16/08/98 19:07:23
18D ABET BRENNAN, MICHAEL  left at 16/08/98 19:07:23
18E ABWTR PURCELL, MALCOLM  left at 16/08/98 19:07:23
19A CPOB TRAVIS, DENE  left at 16/08/98 19:07:23
19C LSMT CAINES, BRETT  left at 16/08/98 19:07:23
19D POET SCHARF, ANTHONY  left at 16/08/98 19:07:23
19E POSTD TRENT, ALAN  left at 16/08/98 19:07:23
20A POB CARR, RITSON  left at 16/08/98 19:07:23
20C ABMT MOORE, SHANE  left at 16/08/98 19:07:23
20D LSET BAYLISS, ANDREW  left at 16/08/98 19:07:23
20E LSSTD WINSHIP, TIMOTHY  left at 16/08/98 19:07:23
21C ABMT TURNHAM, MARK  left at 16/08/98 19:07:23
21E LSSTD SPOONER, MARINA  left at 16/08/98 19:07:23
22A ABBM SANTOS, ALFONSO  left at 16/08/98 19:07:23
22C LSMT KREINDL, STEVEN  left at 16/08/98 19:07:23
22D ABET FULLERTON, SEAN  left at 16/08/98 19:07:23
22D ABET GRENFELL, SCOTT  left at 16/08/98 19:07:23
22E ABSTD O'MALLEY, SANDRA  left at 16/08/98 19:07:23
23A SMNBM FITZGERALD, DEAN  left at 16/08/98 19:07:23
23C POMT SCHREUDERS, GREGORY  left at 16/08/98 19:07:23
23D ABET O'SHEA, ANDREW  left at 16/08/98 19:07:23
23E ABSTD ZANONI, MARK  left at 16/08/98 19:07:23
24A SMNBM PIKKERT, MARCEL  left at 16/08/98 19:07:23
24C ABMT HUMPHRIES, PAUL  left at 16/08/98 19:07:23
24D POET JOHNSON, MICHAEL  left at 16/08/98 19:07:23
24E ABSTD KING, MATTHEW  left at 16/08/98 19:07:23
25A ABBM DORWARD, MARK  left at 16/08/98 19:07:23
25C POMT SHEARING, GARRY  left at 16/08/98 19:07:23
25D LSET ROULSTON, JASON  left at 16/08/98 19:07:23
26A ABBM FOLEY, JOANNE  left at 16/08/98 19:07:23
26C ABMT GAVIN, MICHAEL  left at 16/08/98 19:07:23
26D ABET CRICK, DAMIEN  left at 16/08/98 19:07:23
27A ABBM MANSER, GEOFFREY  left at 16/08/98 19:07:23
27C ABMT RADZIEVIC, CHRISTOPHER  left at 16/08/98 19:07:23
27D SMNET MITCHELL, KABLE  left at 16/08/98 19:07:23
28C ABMT TROTTER, ANTHONY  left at 16/08/98 19:07:24
28D ABET CLIFTON, KEVIN  left at 16/08/98 19:07:24
29A CPOCSM HILL, STEPHEN  left at 16/08/98 19:07:24
29C ABMT CLARK, SHANE  left at 16/08/98 19:07:24
30A POCSS DANIELS, WAYNE  left at 16/08/98 19:07:24
30C ABMT PATTERSON, STEPHEN  left at 16/08/98 19:07:24
31A POCSS FERGUSON, ALLAN  left at 16/08/98 19:07:24
32A LSCSO LAWRIE, GLENN  left at 16/08/98 19:07:24
32C SBLT PHILLIPPS, ZACH  left at 16/08/98 19:07:24
33A LSCSO HUCKSTADT, RODNEY  left at 16/08/98 19:07:24
34A LSCSO CAMPBELL, BRUCE  left at 16/08/98 19:07:24
35A LSCSO JOLEJOLE, SHANE  left at 16/08/98 19:07:24
36A LSCSO KEMP, ADAM  left at 16/08/98 19:07:24
37A LSCSO SKEWES, NATHAN  left at 16/08/98 19:07:24
38A LSCSO NEGUS, OWEN  left at 16/08/98 19:07:24
39A LSCSO PENGILLY, WAYNE  left at 16/08/98 19:07:24
40A ABCSO HARRISON, BRIAN  left at 16/08/98 19:07:24
41A ABCSO BARGERBOS, NATHAN  left at 16/08/98 19:07:24
42A ABCSO FITZSIMONS, MARK  left at 16/08/98 19:07:24
43A ABCSO YOUNG, NEIL  left at 16/08/98 19:07:24
44A ABCSO DAVIS, NATHAN  left at 16/08/98 19:07:24
45A SMNCSO GREENE, PAUL  left at 16/08/98 19:07:24
46A ABCSO HARRIS, SHELLEY  left at 16/08/98 19:07:24
47A SMNCSO VANDERTUUK, YOLANDA  left at 16/08/98 19:07:24
48A SMNCSO PRICE, MARTIN  left at 16/08/98 19:07:24
49A ABCSO CLOUGH, ANTHONY  left at 16/08/98 19:07:24
50A SMNCSO LAWS, PAUL  left at 16/08/98 19:07:24
51A ABCSO McGUINNESS, JADE  left at 16/08/98 19:07:24
52A SMNCSO CUSACK, ROWAN  left at 16/08/98 19:07:24
01B POSY BARNES, DAMIEN  left at 16/08/98 19:07:25
01C LCDR ENGLISH, STEPHEN  left at 16/08/98 19:07:25
01D LCDR BASLEY, STEPHEN  left at 16/08/98 19:07:25
01E LCDR GRUNSELL, ADAM  left at 16/08/98 19:07:25
05A LEUT JONES, JUSTIN  left at 16/08/98 19:07:25
05C POMT BRADEN, NICHOLAS  left at 16/08/98 19:07:25
05D POET LLOYD, ROBERT  left at 16/08/98 19:07:25
05E ABSN POLLOCK, MICHAEL  left at 16/08/98 19:07:25
06A SBLT JONES, TRAVIS  left at 16/08/98 19:07:25
06C LSMT KARAM, JONATHON  left at 16/08/98 19:07:25
06D LSET NORRIS, DAMEON  left at 16/08/98 19:07:25
06E ABSN HENSCHKE, PATRICIA  left at 16/08/98 19:07:25
07A LEUT O'GRADY, PAUL  left at 16/08/98 19:07:25
07B ABSIG FISHER, KIM  left at 16/08/98 19:07:25
07D ABET HANNEMANN, TONY  left at 16/08/98 19:07:25
07E LSSN BARTON-ANCLIFFE, KATHERINE  left at 16/08/98 19:07:25
08B PORS DUMMETT, STEPHEN  left at 16/08/98 19:07:25
08C ABMT BRIGGS, ANDREW  left at 16/08/98 19:07:25
08D CPOET WALKER, JOHN  left at 16/08/98 19:07:25
08E ABSN KING, ANTHONY  left at 16/08/98 19:07:25
09A SBLT BAIRD, PETER  left at 16/08/98 19:07:25
09B LSRO FAWCETT, DONALD  left at 16/08/98 19:07:25
09C POMT PARRY, CAMERON  left at 16/08/98 19:07:25
09D POET GROSE, CHRISTOPHER  left at 16/08/98 19:07:25
09E CPOCK HARNETT, GARY  left at 16/08/98 19:07:25
10A SBLT ROSSER, NARELLE  left at 16/08/98 19:07:25
10B LSRO ELLIOTT, KENNETH  left at 16/08/98 19:07:25
10C LSMT OLIVER, JOHN  left at 16/08/98 19:07:25
10D POET THOMASON, DAVID  left at 16/08/98 19:07:25
10E LSCK CHEYNE, SANDRA  left at 16/08/98 19:07:25
11B ABRO EGAN, WARREN  left at 16/08/98 19:07:25
11C ABMT SALAMON, FRANK  left at 16/08/98 19:07:25
11D LSET ROBINSON, DAVID  left at 16/08/98 19:07:25
11E LSCK CUTLER, GRAEME  left at 16/08/98 19:07:25
12C ABMT YORK, BENJAMIN  left at 16/08/98 19:07:25
12D LSET SMITH, DANIEL  left at 16/08/98 19:07:25
13B ABRO HINDER, CHRISTOPHER  left at 16/08/98 19:07:25
13C LSMT RAJECKI, PAUL  left at 16/08/98 19:07:25
13D LSET SHELTON, KENNETH  left at 16/08/98 19:07:25
13E ABCK KELLEHER, ANTHONY  left at 16/08/98 19:07:25
14A CPONPC LENNOX, DAVID  left at 16/08/98 19:07:25
14B ABRO TELFORD, DIANNE  left at 16/08/98 19:07:25
14C LSMT WINN, SCOTT  left at 16/08/98 19:07:25
14D ABET STONE, ADRIAN  left at 16/08/98 19:07:25
14E ABCK GERLACH, TIMITHY  left at 16/08/98 19:07:25
15A LSNPC CHAPMAN, MARY  left at 16/08/98 19:07:25
15B ABEWL ELLIOTT, PAUL  left at 16/08/98 19:07:25
15C POMT COCKERILL, EWEN  left at 16/08/98 19:07:25
15D ABET GOODALL, DAVID  left at 16/08/98 19:07:25
15E ABCK MCCULLOCH, ANDREW  left at 16/08/98 19:07:25
16A LSCD GRAVES, MICHAEL  left at 16/08/98 19:07:25
16B ABEWT MAXWELL, KENT  left at 16/08/98 19:07:25
16C ABMT HARTLEY, LEON  left at 16/08/98 19:07:25
16D ABET WIGHT, JACQUELINE  left at 16/08/98 19:07:25
16E POWTR POLLARD, STEWART  left at 16/08/98 19:07:25
17A LSPT DUNCAN, JASON  left at 16/08/98 19:07:25
17C CPOMT DAVIES, ADRIAN  left at 16/08/98 19:07:25
17D ABET KELEY, DARREN  left at 16/08/98 19:07:25
17E LSWTR SCRASE, JANELLE  left at 16/08/98 19:07:25
18A LSBM(SE) STUART, CHRISTOPHER  left at 16/08/98 19:07:25
18C POMT HORNE, NIGEL  left at 16/08/98 19:07:25
18D ABET BRENNAN, MICHAEL  left at 16/08/98 19:07:25
18E ABWTR PURCELL, MALCOLM  left at 16/08/98 19:07:25
19A CPOB TRAVIS, DENE  left at 16/08/98 19:07:25
19C LSMT CAINES, BRETT  left at 16/08/98 19:07:25
19D POET SCHARF, ANTHONY  left at 16/08/98 19:07:25
19E POSTD TRENT, ALAN  left at 16/08/98 19:07:25
20A POB CARR, RITSON  left at 16/08/98 19:07:25
20C ABMT MOORE, SHANE  left at 16/08/98 19:07:25
20D LSET BAYLISS, ANDREW  left at 16/08/98 19:07:25
20E LSSTD WINSHIP, TIMOTHY  left at 16/08/98 19:07:25
21C ABMT TURNHAM, MARK  left at 16/08/98 19:07:25
21E LSSTD SPOONER, MARINA  left at 16/08/98 19:07:25
22A ABBM SANTOS, ALFONSO  left at 16/08/98 19:07:25
22C LSMT KREINDL, STEVEN  left at 16/08/98 19:07:25
22D ABET FULLERTON, SEAN  left at 16/08/98 19:07:25
22D ABET GRENFELL, SCOTT  left at 16/08/98 19:07:25
22E ABSTD O'MALLEY, SANDRA  left at 16/08/98 19:07:25
23A SMNBM FITZGERALD, DEAN  left at 16/08/98 19:07:25
23C POMT SCHREUDERS, GREGORY  left at 16/08/98 19:07:25
23D ABET O'SHEA, ANDREW  left at 16/08/98 19:07:25
23E ABSTD ZANONI, MARK  left at 16/08/98 19:07:25
24A SMNBM PIKKERT, MARCEL  left at 16/08/98 19:07:25
24C ABMT HUMPHRIES, PAUL  left at 16/08/98 19:07:25
24D POET JOHNSON, MICHAEL  left at 16/08/98 19:07:25
24E ABSTD KING, MATTHEW  left at 16/08/98 19:07:25
25A ABBM DORWARD, MARK  left at 16/08/98 19:07:25
25C POMT SHEARING, GARRY  left at 16/08/98 19:07:25
25D LSET ROULSTON, JASON  left at 16/08/98 19:07:25
26A ABBM FOLEY, JOANNE  left at 16/08/98 19:07:25
26C ABMT GAVIN, MICHAEL  left at 16/08/98 19:07:25
26D ABET CRICK, DAMIEN  left at 16/08/98 19:07:25
27A ABBM MANSER, GEOFFREY  left at 16/08/98 19:07:25
27C ABMT RADZIEVIC, CHRISTOPHER  left at 16/08/98 19:07:25
27D SMNET MITCHELL, KABLE  left at 16/08/98 19:07:25
28C ABMT TROTTER, ANTHONY  left at 16/08/98 19:07:25
28D ABET CLIFTON, KEVIN  left at 16/08/98 19:07:25
29A CPOCSM HILL, STEPHEN  left at 16/08/98 19:07:25
29C ABMT CLARK, SHANE  left at 16/08/98 19:07:25
30A POCSS DANIELS, WAYNE  left at 16/08/98 19:07:25
30C ABMT PATTERSON, STEPHEN  left at 16/08/98 19:07:25
31A POCSS FERGUSON, ALLAN  left at 16/08/98 19:07:25
32A LSCSO LAWRIE, GLENN  left at 16/08/98 19:07:25
32C SBLT PHILLIPPS, ZACH  left at 16/08/98 19:07:25
33A LSCSO HUCKSTADT, RODNEY  left at 16/08/98 19:07:25
34A LSCSO CAMPBELL, BRUCE  left at 16/08/98 19:07:25
35A LSCSO JOLEJOLE, SHANE  left at 16/08/98 19:07:25
36A LSCSO KEMP, ADAM  left at 16/08/98 19:07:25
37A LSCSO SKEWES, NATHAN  left at 16/08/98 19:07:25
38A LSCSO NEGUS, OWEN  left at 16/08/98 19:07:25
39A LSCSO PENGILLY, WAYNE  left at 16/08/98 19:07:25
40A ABCSO HARRISON, BRIAN  left at 16/08/98 19:07:25
41A ABCSO BARGERBOS, NATHAN  left at 16/08/98 19:07:25
42A ABCSO FITZSIMONS, MARK  left at 16/08/98 19:07:25
43A ABCSO YOUNG, NEIL  left at 16/08/98 19:07:25
44A ABCSO DAVIS, NATHAN  left at 16/08/98 19:07:25
45A SMNCSO GREENE, PAUL  left at 16/08/98 19:07:25
46A ABCSO HARRIS, SHELLEY  left at 16/08/98 19:07:25
47A SMNCSO VANDERTUUK, YOLANDA  left at 16/08/98 19:07:25
48A SMNCSO PRICE, MARTIN  left at 16/08/98 19:07:25
49A ABCSO CLOUGH, ANTHONY  left at 16/08/98 19:07:25
50A SMNCSO LAWS, PAUL  left at 16/08/98 19:07:25
51A ABCSO McGUINNESS, JADE  left at 16/08/98 19:07:25
52A SMNCSO CUSACK, ROWAN  left at 16/08/98 19:07:25
01A CMDR YORKE, GREGORY  came onboard at 16/08/98 19:07:30
01F LSMED HORSBURGH, KAREN  came onboard at 16/08/98 19:07:30
02A LCDR VANDYKE, JOHN  came onboard at 16/08/98 19:07:30
02B LSSIG MARSHALL, LEONARD  came onboard at 16/08/98 19:07:30
02C LEUT GRIFFITHS, DARRYL  came onboard at 16/08/98 19:07:30
02D LEUT CHARLES, MARTIN  came onboard at 16/08/98 19:07:30
02E LEUT ROBSON, KELLIE  came onboard at 16/08/98 19:07:30
03A LEUT GODDARD, LEE  came onboard at 16/08/98 19:07:30
03B LSSIG OWEN, CRAIG  came onboard at 16/08/98 19:07:30
03C LEUT WICKHAM, BRETT  came onboard at 16/08/98 19:07:30
03D LEUT DAMM, WAYNE  came onboard at 16/08/98 19:07:30
03E POSN SYMONS, KENNETH  came onboard at 16/08/98 19:07:30
04A LCDR MEAD, JONATHON  came onboard at 16/08/98 19:07:30
04B ABSIG GERDTZ, PAUL  came onboard at 16/08/98 19:07:30
04C CPOMT SCHNEIDEREIT, RALPH  came onboard at 16/08/98 19:07:30
04D CPOET HALL, ADAM  came onboard at 16/08/98 19:07:30
04E LSSN PHILLIPS, PAUL  came onboard at 16/08/98 19:07:30
05B SMNSIG MUIR, MARK  came onboard at 16/08/98 19:07:30
06B ABSIG PARKER, ARRON  came onboard at 16/08/98 19:07:30
07B ABSIG FISHER, KIM  came onboard at 16/08/98 19:07:30
07C ABMT WALSH, MATTHEW  came onboard at 16/08/98 19:07:30
21A LSBM FLEMING, BARRY  came onboard at 16/08/98 19:07:30
01A CMDR YORKE, GREGORY  left at 16/08/98 19:07:33
01B POSY BARNES, DAMIEN  left at 16/08/98 19:07:33
01C LCDR ENGLISH, STEPHEN  left at 16/08/98 19:07:33
01D LCDR BASLEY, STEPHEN  left at 16/08/98 19:07:33
01E LCDR GRUNSELL, ADAM  left at 16/08/98 19:07:33
01F LSMED HORSBURGH, KAREN  left at 16/08/98 19:07:33
02A LCDR VANDYKE, JOHN  left at 16/08/98 19:07:33
02B LSSIG MARSHALL, LEONARD  left at 16/08/98 19:07:33
02C LEUT GRIFFITHS, DARRYL  left at 16/08/98 19:07:33
02D LEUT CHARLES, MARTIN  left at 16/08/98 19:07:33
02E LEUT ROBSON, KELLIE  left at 16/08/98 19:07:33
03A LEUT GODDARD, LEE  left at 16/08/98 19:07:33
03B LSSIG OWEN, CRAIG  left at 16/08/98 19:07:33
03C LEUT WICKHAM, BRETT  left at 16/08/98 19:07:33
03D LEUT DAMM, WAYNE  left at 16/08/98 19:07:33
03E POSN SYMONS, KENNETH  left at 16/08/98 19:07:33
04A LCDR MEAD, JONATHON  left at 16/08/98 19:07:33
04B ABSIG GERDTZ, PAUL  left at 16/08/98 19:07:33
04C CPOMT SCHNEIDEREIT, RALPH  left at 16/08/98 19:07:33
04D CPOET HALL, ADAM  left at 16/08/98 19:07:33
04E LSSN PHILLIPS, PAUL  left at 16/08/98 19:07:33
05A LEUT JONES, JUSTIN  left at 16/08/98 19:07:33
05B SMNSIG MUIR, MARK  left at 16/08/98 19:07:33
05C POMT BRADEN, NICHOLAS  left at 16/08/98 19:07:33
05D POET LLOYD, ROBERT  left at 16/08/98 19:07:33
05E ABSN POLLOCK, MICHAEL  left at 16/08/98 19:07:33
06A SBLT JONES, TRAVIS  left at 16/08/98 19:07:33
06B ABSIG PARKER, ARRON  left at 16/08/98 19:07:33
06C LSMT KARAM, JONATHON  left at 16/08/98 19:07:33
06D LSET NORRIS, DAMEON  left at 16/08/98 19:07:33
06E ABSN HENSCHKE, PATRICIA  left at 16/08/98 19:07:33
07A LEUT O'GRADY, PAUL  left at 16/08/98 19:07:33
07B ABSIG FISHER, KIM  left at 16/08/98 19:07:33
07C ABMT WALSH, MATTHEW  left at 16/08/98 19:07:33
07D ABET HANNEMANN, TONY  left at 16/08/98 19:07:33
07E LSSN BARTON-ANCLIFFE, KATHERINE  left at 16/08/98 19:07:33
08B PORS DUMMETT, STEPHEN  left at 16/08/98 19:07:33
08C ABMT BRIGGS, ANDREW  left at 16/08/98 19:07:33
08D CPOET WALKER, JOHN  left at 16/08/98 19:07:33
08E ABSN KING, ANTHONY  left at 16/08/98 19:07:33
09A SBLT BAIRD, PETER  left at 16/08/98 19:07:33
09B LSRO FAWCETT, DONALD  left at 16/08/98 19:07:33
09C POMT PARRY, CAMERON  left at 16/08/98 19:07:33
09D POET GROSE, CHRISTOPHER  left at 16/08/98 19:07:33
09E CPOCK HARNETT, GARY  left at 16/08/98 19:07:33
10A SBLT ROSSER, NARELLE  left at 16/08/98 19:07:33
10B LSRO ELLIOTT, KENNETH  left at 16/08/98 19:07:33
10C LSMT OLIVER, JOHN  left at 16/08/98 19:07:33
10D POET THOMASON, DAVID  left at 16/08/98 19:07:33
10E LSCK CHEYNE, SANDRA  left at 16/08/98 19:07:33
11B ABRO EGAN, WARREN  left at 16/08/98 19:07:33
11C ABMT SALAMON, FRANK  left at 16/08/98 19:07:33
11D LSET ROBINSON, DAVID  left at 16/08/98 19:07:33
11E LSCK CUTLER, GRAEME  left at 16/08/98 19:07:33
12C ABMT YORK, BENJAMIN  left at 16/08/98 19:07:33
12D LSET SMITH, DANIEL  left at 16/08/98 19:07:33
13B ABRO HINDER, CHRISTOPHER  left at 16/08/98 19:07:33
13C LSMT RAJECKI, PAUL  left at 16/08/98 19:07:33
13D LSET SHELTON, KENNETH  left at 16/08/98 19:07:33
13E ABCK KELLEHER, ANTHONY  left at 16/08/98 19:07:33
14A CPONPC LENNOX, DAVID  left at 16/08/98 19:07:33
14B ABRO TELFORD, DIANNE  left at 16/08/98 19:07:33
14C LSMT WINN, SCOTT  left at 16/08/98 19:07:33
14D ABET STONE, ADRIAN  left at 16/08/98 19:07:33
14E ABCK GERLACH, TIMITHY  left at 16/08/98 19:07:33
15A LSNPC CHAPMAN, MARY  left at 16/08/98 19:07:33
15B ABEWL ELLIOTT, PAUL  left at 16/08/98 19:07:33
15C POMT COCKERILL, EWEN  left at 16/08/98 19:07:33
15D ABET GOODALL, DAVID  left at 16/08/98 19:07:33
15E ABCK MCCULLOCH, ANDREW  left at 16/08/98 19:07:33
16A LSCD GRAVES, MICHAEL  left at 16/08/98 19:07:33
16B ABEWT MAXWELL, KENT  left at 16/08/98 19:07:33
16C ABMT HARTLEY, LEON  left at 16/08/98 19:07:33
16D ABET WIGHT, JACQUELINE  left at 16/08/98 19:07:33
16E POWTR POLLARD, STEWART  left at 16/08/98 19:07:33
17A LSPT DUNCAN, JASON  left at 16/08/98 19:07:33
17C CPOMT DAVIES, ADRIAN  left at 16/08/98 19:07:33
17D ABET KELEY, DARREN  left at 16/08/98 19:07:33
17E LSWTR SCRASE, JANELLE  left at 16/08/98 19:07:33
18A LSBM(SE) STUART, CHRISTOPHER  left at 16/08/98 19:07:33
18C POMT HORNE, NIGEL  left at 16/08/98 19:07:33
18D ABET BRENNAN, MICHAEL  left at 16/08/98 19:07:33
18E ABWTR PURCELL, MALCOLM  left at 16/08/98 19:07:33
19A CPOB TRAVIS, DENE  left at 16/08/98 19:07:33
19C LSMT CAINES, BRETT  left at 16/08/98 19:07:33
19D POET SCHARF, ANTHONY  left at 16/08/98 19:07:33
19E POSTD TRENT, ALAN  left at 16/08/98 19:07:33
20A POB CARR, RITSON  left at 16/08/98 19:07:33
20C ABMT MOORE, SHANE  left at 16/08/98 19:07:33
20D LSET BAYLISS, ANDREW  left at 16/08/98 19:07:33
20E LSSTD WINSHIP, TIMOTHY  left at 16/08/98 19:07:33
21A LSBM FLEMING, BARRY  left at 16/08/98 19:07:33
21C ABMT TURNHAM, MARK  left at 16/08/98 19:07:33
21E LSSTD SPOONER, MARINA  left at 16/08/98 19:07:33
22A ABBM SANTOS, ALFONSO  left at 16/08/98 19:07:33
22C LSMT KREINDL, STEVEN  left at 16/08/98 19:07:33
22D ABET FULLERTON, SEAN  left at 16/08/98 19:07:33
22D ABET GRENFELL, SCOTT  left at 16/08/98 19:07:33
22E ABSTD O'MALLEY, SANDRA  left at 16/08/98 19:07:33
23A SMNBM FITZGERALD, DEAN  left at 16/08/98 19:07:33
23C POMT SCHREUDERS, GREGORY  left at 16/08/98 19:07:33
23D ABET O'SHEA, ANDREW  left at 16/08/98 19:07:33
23E ABSTD ZANONI, MARK  left at 16/08/98 19:07:33
24A SMNBM PIKKERT, MARCEL  left at 16/08/98 19:07:33
24C ABMT HUMPHRIES, PAUL  left at 16/08/98 19:07:33
24D POET JOHNSON, MICHAEL  left at 16/08/98 19:07:33
24E ABSTD KING, MATTHEW  left at 16/08/98 19:07:33
25A ABBM DORWARD, MARK  left at 16/08/98 19:07:33
25C POMT SHEARING, GARRY  left at 16/08/98 19:07:33
25D LSET ROULSTON, JASON  left at 16/08/98 19:07:33
26A ABBM FOLEY, JOANNE  left at 16/08/98 19:07:33
26C ABMT GAVIN, MICHAEL  left at 16/08/98 19:07:33
26D ABET CRICK, DAMIEN  left at 16/08/98 19:07:33
27A ABBM MANSER, GEOFFREY  left at 16/08/98 19:07:33
27C ABMT RADZIEVIC, CHRISTOPHER  left at 16/08/98 19:07:33
27D SMNET MITCHELL, KABLE  left at 16/08/98 19:07:33
28C ABMT TROTTER, ANTHONY  left at 16/08/98 19:07:33
28D ABET CLIFTON, KEVIN  left at 16/08/98 19:07:33
29A CPOCSM HILL, STEPHEN  left at 16/08/98 19:07:33
29C ABMT CLARK, SHANE  left at 16/08/98 19:07:33
30A POCSS DANIELS, WAYNE  left at 16/08/98 19:07:33
30C ABMT PATTERSON, STEPHEN  left at 16/08/98 19:07:33
31A POCSS FERGUSON, ALLAN  left at 16/08/98 19:07:33
32A LSCSO LAWRIE, GLENN  left at 16/08/98 19:07:33
32C SBLT PHILLIPPS, ZACH  left at 16/08/98 19:07:33
33A LSCSO HUCKSTADT, RODNEY  left at 16/08/98 19:07:33
34A LSCSO CAMPBELL, BRUCE  left at 16/08/98 19:07:33
35A LSCSO JOLEJOLE, SHANE  left at 16/08/98 19:07:33
36A LSCSO KEMP, ADAM  left at 16/08/98 19:07:33
37A LSCSO SKEWES, NATHAN  left at 16/08/98 19:07:33
38A LSCSO NEGUS, OWEN  left at 16/08/98 19:07:33
39A LSCSO PENGILLY, WAYNE  left at 16/08/98 19:07:33
40A ABCSO HARRISON, BRIAN  left at 16/08/98 19:07:33
41A ABCSO BARGERBOS, NATHAN  left at 16/08/98 19:07:33
42A ABCSO FITZSIMONS, MARK  left at 16/08/98 19:07:33
43A ABCSO YOUNG, NEIL  left at 16/08/98 19:07:33
44A ABCSO DAVIS, NATHAN  left at 16/08/98 19:07:33
45A SMNCSO GREENE, PAUL  left at 16/08/98 19:07:33
46A ABCSO HARRIS, SHELLEY  left at 16/08/98 19:07:33
47A SMNCSO VANDERTUUK, YOLANDA  left at 16/08/98 19:07:33
48A SMNCSO PRICE, MARTIN  left at 16/08/98 19:07:33
49A ABCSO CLOUGH, ANTHONY  left at 16/08/98 19:07:33
50A SMNCSO LAWS, PAUL  left at 16/08/98 19:07:33
51A ABCSO McGUINNESS, JADE  left at 16/08/98 19:07:33
52A SMNCSO CUSACK, ROWAN  left at 16/08/98 19:07:33
01B POSY BARNES, DAMIEN  left at 16/08/98 19:24:31
01C LCDR ENGLISH, STEPHEN  left at 16/08/98 19:24:31
01D LCDR BASLEY, STEPHEN  left at 16/08/98 19:24:31
01E LCDR GRUNSELL, ADAM  left at 16/08/98 19:24:31
01F LSMED HORSBURGH, KAREN  left at 16/08/98 19:24:31
02A LCDR VANDYKE, JOHN  left at 16/08/98 19:24:31
02B LSSIG MARSHALL, LEONARD  left at 16/08/98 19:24:31
02C LEUT GRIFFITHS, DARRYL  left at 16/08/98 19:24:31
02D LEUT CHARLES, MARTIN  left at 16/08/98 19:24:31
02E LEUT ROBSON, KELLIE  left at 16/08/98 19:24:31
03A LEUT GODDARD, LEE  left at 16/08/98 19:24:31
03B LSSIG OWEN, CRAIG  left at 16/08/98 19:24:31
03C LEUT WICKHAM, BRETT  left at 16/08/98 19:24:31
03D LEUT DAMM, WAYNE  left at 16/08/98 19:24:31
03E POSN SYMONS, KENNETH  left at 16/08/98 19:24:31
04A LCDR MEAD, JONATHON  left at 16/08/98 19:24:31
04B ABSIG GERDTZ, PAUL  left at 16/08/98 19:24:31
04C CPOMT SCHNEIDEREIT, RALPH  left at 16/08/98 19:24:31
04D CPOET HALL, ADAM  left at 16/08/98 19:24:31
04E LSSN PHILLIPS, PAUL  left at 16/08/98 19:24:31
05A LEUT JONES, JUSTIN  left at 16/08/98 19:24:31
05B SMNSIG MUIR, MARK  left at 16/08/98 19:24:31
05C POMT BRADEN, NICHOLAS  left at 16/08/98 19:24:31
05D POET LLOYD, ROBERT  left at 16/08/98 19:24:31
05E ABSN POLLOCK, MICHAEL  left at 16/08/98 19:24:31
06A SBLT JONES, TRAVIS  left at 16/08/98 19:24:31
06B ABSIG PARKER, ARRON  left at 16/08/98 19:24:31
06C LSMT KARAM, JONATHON  left at 16/08/98 19:24:31
06D LSET NORRIS, DAMEON  left at 16/08/98 19:24:31
06E ABSN HENSCHKE, PATRICIA  left at 16/08/98 19:24:31
07A LEUT O'GRADY, PAUL  left at 16/08/98 19:24:31
07B ABSIG FISHER, KIM  left at 16/08/98 19:24:31
07C ABMT WALSH, MATTHEW  left at 16/08/98 19:24:31
07D ABET HANNEMANN, TONY  left at 16/08/98 19:24:31
07E LSSN BARTON-ANCLIFFE, KATHERINE  left at 16/08/98 19:24:31
08B PORS DUMMETT, STEPHEN  left at 16/08/98 19:24:31
08C ABMT BRIGGS, ANDREW  left at 16/08/98 19:24:31
08D CPOET WALKER, JOHN  left at 16/08/98 19:24:31
08E ABSN KING, ANTHONY  left at 16/08/98 19:24:31
09A SBLT BAIRD, PETER  left at 16/08/98 19:24:31
09B LSRO FAWCETT, DONALD  left at 16/08/98 19:24:31
09C POMT PARRY, CAMERON  left at 16/08/98 19:24:31
09D POET GROSE, CHRISTOPHER  left at 16/08/98 19:24:31
09E CPOCK HARNETT, GARY  left at 16/08/98 19:24:31
10A SBLT ROSSER, NARELLE  left at 16/08/98 19:24:31
10B LSRO ELLIOTT, KENNETH  left at 16/08/98 19:24:31
10C LSMT OLIVER, JOHN  left at 16/08/98 19:24:31
10D POET THOMASON, DAVID  left at 16/08/98 19:24:31
10E LSCK CHEYNE, SANDRA  left at 16/08/98 19:24:31
11B ABRO EGAN, WARREN  left at 16/08/98 19:24:31
11C ABMT SALAMON, FRANK  left at 16/08/98 19:24:31
11D LSET ROBINSON, DAVID  left at 16/08/98 19:24:31
11E LSCK CUTLER, GRAEME  left at 16/08/98 19:24:31
12C ABMT YORK, BENJAMIN  left at 16/08/98 19:24:31
12D LSET SMITH, DANIEL  left at 16/08/98 19:24:31
13B ABRO HINDER, CHRISTOPHER  left at 16/08/98 19:24:31
13C LSMT RAJECKI, PAUL  left at 16/08/98 19:24:31
13D LSET SHELTON, KENNETH  left at 16/08/98 19:24:31
13E ABCK KELLEHER, ANTHONY  left at 16/08/98 19:24:31
14A CPONPC LENNOX, DAVID  left at 16/08/98 19:24:31
14B ABRO TELFORD, DIANNE  left at 16/08/98 19:24:31
14C LSMT WINN, SCOTT  left at 16/08/98 19:24:31
14D ABET STONE, ADRIAN  left at 16/08/98 19:24:31
14E ABCK GERLACH, TIMITHY  left at 16/08/98 19:24:31
15A LSNPC CHAPMAN, MARY  left at 16/08/98 19:24:31
15B ABEWL ELLIOTT, PAUL  left at 16/08/98 19:24:31
15C POMT COCKERILL, EWEN  left at 16/08/98 19:24:31
15D ABET GOODALL, DAVID  left at 16/08/98 19:24:31
15E ABCK MCCULLOCH, ANDREW  left at 16/08/98 19:24:31
16A LSCD GRAVES, MICHAEL  left at 16/08/98 19:24:31
16B ABEWT MAXWELL, KENT  left at 16/08/98 19:24:31
16C ABMT HARTLEY, LEON  left at 16/08/98 19:24:31
16D ABET WIGHT, JACQUELINE  left at 16/08/98 19:24:31
16E POWTR POLLARD, STEWART  left at 16/08/98 19:24:31
17A LSPT DUNCAN, JASON  left at 16/08/98 19:24:31
17C CPOMT DAVIES, ADRIAN  left at 16/08/98 19:24:31
17D ABET KELEY, DARREN  left at 16/08/98 19:24:31
17E LSWTR SCRASE, JANELLE  left at 16/08/98 19:24:31
18A LSBM(SE) STUART, CHRISTOPHER  left at 16/08/98 19:24:31
18C POMT HORNE, NIGEL  left at 16/08/98 19:24:31
18D ABET BRENNAN, MICHAEL  left at 16/08/98 19:24:31
18E ABWTR PURCELL, MALCOLM  left at 16/08/98 19:24:31
19A CPOB TRAVIS, DENE  left at 16/08/98 19:24:31
19C LSMT CAINES, BRETT  left at 16/08/98 19:24:31
19D POET SCHARF, ANTHONY  left at 16/08/98 19:24:31
19E POSTD TRENT, ALAN  left at 16/08/98 19:24:31
20A POB CARR, RITSON  left at 16/08/98 19:24:31
20C ABMT MOORE, SHANE  left at 16/08/98 19:24:31
20D LSET BAYLISS, ANDREW  left at 16/08/98 19:24:31
20E LSSTD WINSHIP, TIMOTHY  left at 16/08/98 19:24:31
21C ABMT TURNHAM, MARK  left at 16/08/98 19:24:31
21E LSSTD SPOONER, MARINA  left at 16/08/98 19:24:31
22A ABBM SANTOS, ALFONSO  left at 16/08/98 19:24:31
22C LSMT KREINDL, STEVEN  left at 16/08/98 19:24:31
22D ABET FULLERTON, SEAN  left at 16/08/98 19:24:31
22D ABET GRENFELL, SCOTT  left at 16/08/98 19:24:31
22E ABSTD O'MALLEY, SANDRA  left at 16/08/98 19:24:31
23A SMNBM FITZGERALD, DEAN  left at 16/08/98 19:24:31
23C POMT SCHREUDERS, GREGORY  left at 16/08/98 19:24:31
23D ABET O'SHEA, ANDREW  left at 16/08/98 19:24:31
23E ABSTD ZANONI, MARK  left at 16/08/98 19:24:31
24A SMNBM PIKKERT, MARCEL  left at 16/08/98 19:24:31
24C ABMT HUMPHRIES, PAUL  left at 16/08/98 19:24:31
24D POET JOHNSON, MICHAEL  left at 16/08/98 19:24:31
24E ABSTD KING, MATTHEW  left at 16/08/98 19:24:31
25A ABBM DORWARD, MARK  left at 16/08/98 19:24:31
25C POMT SHEARING, GARRY  left at 16/08/98 19:24:31
25D LSET ROULSTON, JASON  left at 16/08/98 19:24:31
26A ABBM FOLEY, JOANNE  left at 16/08/98 19:24:31
26C ABMT GAVIN, MICHAEL  left at 16/08/98 19:24:31
26D ABET CRICK, DAMIEN  left at 16/08/98 19:24:31
27A ABBM MANSER, GEOFFREY  left at 16/08/98 19:24:31
27C ABMT RADZIEVIC, CHRISTOPHER  left at 16/08/98 19:24:31
27D SMNET MITCHELL, KABLE  left at 16/08/98 19:24:31
28C ABMT TROTTER, ANTHONY  left at 16/08/98 19:24:31
28D ABET CLIFTON, KEVIN  left at 16/08/98 19:24:31
29A CPOCSM HILL, STEPHEN  left at 16/08/98 19:24:31
29C ABMT CLARK, SHANE  left at 16/08/98 19:24:31
30A POCSS DANIELS, WAYNE  left at 16/08/98 19:24:31
30C ABMT PATTERSON, STEPHEN  left at 16/08/98 19:24:31
31A POCSS FERGUSON, ALLAN  left at 16/08/98 19:24:31
32A LSCSO LAWRIE, GLENN  left at 16/08/98 19:24:31
32C SBLT PHILLIPPS, ZACH  left at 16/08/98 19:24:31
33A LSCSO HUCKSTADT, RODNEY  left at 16/08/98 19:24:31
34A LSCSO CAMPBELL, BRUCE  left at 16/08/98 19:24:31
35A LSCSO JOLEJOLE, SHANE  left at 16/08/98 19:24:31
36A LSCSO KEMP, ADAM  left at 16/08/98 19:24:31
37A LSCSO SKEWES, NATHAN  left at 16/08/98 19:24:31
38A LSCSO NEGUS, OWEN  left at 16/08/98 19:24:31
39A LSCSO PENGILLY, WAYNE  left at 16/08/98 19:24:31
40A ABCSO HARRISON, BRIAN  left at 16/08/98 19:24:31
41A ABCSO BARGERBOS, NATHAN  left at 16/08/98 19:24:31
42A ABCSO FITZSIMONS, MARK  left at 16/08/98 19:24:31
43A ABCSO YOUNG, NEIL  left at 16/08/98 19:24:31
44A ABCSO DAVIS, NATHAN  left at 16/08/98 19:24:31
45A SMNCSO GREENE, PAUL  left at 16/08/98 19:24:31
46A ABCSO HARRIS, SHELLEY  left at 16/08/98 19:24:31
47A SMNCSO VANDERTUUK, YOLANDA  left at 16/08/98 19:24:31
48A SMNCSO PRICE, MARTIN  left at 16/08/98 19:24:31
49A ABCSO CLOUGH, ANTHONY  left at 16/08/98 19:24:31
50A SMNCSO LAWS, PAUL  left at 16/08/98 19:24:31
51A ABCSO McGUINNESS, JADE  left at 16/08/98 19:24:31
52A SMNCSO CUSACK, ROWAN  left at 16/08/98 19:24:31
01B POSY BARNES, DAMIEN  left at 16/08/98 19:24:39
01C LCDR ENGLISH, STEPHEN  left at 16/08/98 19:24:39
01D LCDR BASLEY, STEPHEN  left at 16/08/98 19:24:39
01E LCDR GRUNSELL, ADAM  left at 16/08/98 19:24:39
01F LSMED HORSBURGH, KAREN  left at 16/08/98 19:24:39
02A LCDR VANDYKE, JOHN  left at 16/08/98 19:24:39
02B LSSIG MARSHALL, LEONARD  left at 16/08/98 19:24:39
02C LEUT GRIFFITHS, DARRYL  left at 16/08/98 19:24:39
02D LEUT CHARLES, MARTIN  left at 16/08/98 19:24:39
02E LEUT ROBSON, KELLIE  left at 16/08/98 19:24:39
03A LEUT GODDARD, LEE  left at 16/08/98 19:24:39
03B LSSIG OWEN, CRAIG  left at 16/08/98 19:24:39
03C LEUT WICKHAM, BRETT  left at 16/08/98 19:24:39
03D LEUT DAMM, WAYNE  left at 16/08/98 19:24:39
03E POSN SYMONS, KENNETH  left at 16/08/98 19:24:39
04A LCDR MEAD, JONATHON  left at 16/08/98 19:24:39
04B ABSIG GERDTZ, PAUL  left at 16/08/98 19:24:39
04C CPOMT SCHNEIDEREIT, RALPH  left at 16/08/98 19:24:39
04D CPOET HALL, ADAM  left at 16/08/98 19:24:39
04E LSSN PHILLIPS, PAUL  left at 16/08/98 19:24:39
05A LEUT JONES, JUSTIN  left at 16/08/98 19:24:39
05B SMNSIG MUIR, MARK  left at 16/08/98 19:24:39
05C POMT BRADEN, NICHOLAS  left at 16/08/98 19:24:39
05D POET LLOYD, ROBERT  left at 16/08/98 19:24:39
05E ABSN POLLOCK, MICHAEL  left at 16/08/98 19:24:39
06A SBLT JONES, TRAVIS  left at 16/08/98 19:24:39
06B ABSIG PARKER, ARRON  left at 16/08/98 19:24:39
06C LSMT KARAM, JONATHON  left at 16/08/98 19:24:39
06D LSET NORRIS, DAMEON  left at 16/08/98 19:24:39
06E ABSN HENSCHKE, PATRICIA  left at 16/08/98 19:24:39
07A LEUT O'GRADY, PAUL  left at 16/08/98 19:24:39
07B ABSIG FISHER, KIM  left at 16/08/98 19:24:39
07C ABMT WALSH, MATTHEW  left at 16/08/98 19:24:39
07D ABET HANNEMANN, TONY  left at 16/08/98 19:24:39
07E LSSN BARTON-ANCLIFFE, KATHERINE  left at 16/08/98 19:24:39
08B PORS DUMMETT, STEPHEN  left at 16/08/98 19:24:39
08C ABMT BRIGGS, ANDREW  left at 16/08/98 19:24:39
08D CPOET WALKER, JOHN  left at 16/08/98 19:24:39
08E ABSN KING, ANTHONY  left at 16/08/98 19:24:39
09A SBLT BAIRD, PETER  left at 16/08/98 19:24:39
09B LSRO FAWCETT, DONALD  left at 16/08/98 19:24:39
09C POMT PARRY, CAMERON  left at 16/08/98 19:24:39
09D POET GROSE, CHRISTOPHER  left at 16/08/98 19:24:39
09E CPOCK HARNETT, GARY  left at 16/08/98 19:24:39
10A SBLT ROSSER, NARELLE  left at 16/08/98 19:24:39
10B LSRO ELLIOTT, KENNETH  left at 16/08/98 19:24:39
10C LSMT OLIVER, JOHN  left at 16/08/98 19:24:39
10D POET THOMASON, DAVID  left at 16/08/98 19:24:39
10E LSCK CHEYNE, SANDRA  left at 16/08/98 19:24:39
11B ABRO EGAN, WARREN  left at 16/08/98 19:24:39
11C ABMT SALAMON, FRANK  left at 16/08/98 19:24:39
11D LSET ROBINSON, DAVID  left at 16/08/98 19:24:39
11E LSCK CUTLER, GRAEME  left at 16/08/98 19:24:39
12C ABMT YORK, BENJAMIN  left at 16/08/98 19:24:39
12D LSET SMITH, DANIEL  left at 16/08/98 19:24:39
13B ABRO HINDER, CHRISTOPHER  left at 16/08/98 19:24:39
13C LSMT RAJECKI, PAUL  left at 16/08/98 19:24:39
13D LSET SHELTON, KENNETH  left at 16/08/98 19:24:39
13E ABCK KELLEHER, ANTHONY  left at 16/08/98 19:24:39
14A CPONPC LENNOX, DAVID  left at 16/08/98 19:24:39
14B ABRO TELFORD, DIANNE  left at 16/08/98 19:24:39
14C LSMT WINN, SCOTT  left at 16/08/98 19:24:39
14D ABET STONE, ADRIAN  left at 16/08/98 19:24:39
14E ABCK GERLACH, TIMITHY  left at 16/08/98 19:24:39
15A LSNPC CHAPMAN, MARY  left at 16/08/98 19:24:39
15B ABEWL ELLIOTT, PAUL  left at 16/08/98 19:24:39
15C POMT COCKERILL, EWEN  left at 16/08/98 19:24:39
15D ABET GOODALL, DAVID  left at 16/08/98 19:24:39
15E ABCK MCCULLOCH, ANDREW  left at 16/08/98 19:24:39
16A LSCD GRAVES, MICHAEL  left at 16/08/98 19:24:39
16B ABEWT MAXWELL, KENT  left at 16/08/98 19:24:39
16C ABMT HARTLEY, LEON  left at 16/08/98 19:24:39
16D ABET WIGHT, JACQUELINE  left at 16/08/98 19:24:39
16E POWTR POLLARD, STEWART  left at 16/08/98 19:24:39
17A LSPT DUNCAN, JASON  left at 16/08/98 19:24:39
20E LSSTD WINSHIP, TIMOTHY  left at 16/08/98 19:24:39
21C ABMT TURNHAM, MARK  left at 16/08/98 19:24:39
21E LSSTD SPOONER, MARINA  left at 16/08/98 19:24:39
22A ABBM SANTOS, ALFONSO  left at 16/08/98 19:24:39
22C LSMT KREINDL, STEVEN  left at 16/08/98 19:24:39
22D ABET FULLERTON, SEAN  left at 16/08/98 19:24:39
22D ABET GRENFELL, SCOTT  left at 16/08/98 19:24:39
22E ABSTD O'MALLEY, SANDRA  left at 16/08/98 19:24:39
23A SMNBM FITZGERALD, DEAN  left at 16/08/98 19:24:39
23C POMT SCHREUDERS, GREGORY  left at 16/08/98 19:24:39
23D ABET O'SHEA, ANDREW  left at 16/08/98 19:24:39
23E ABSTD ZANONI, MARK  left at 16/08/98 19:24:39
24A SMNBM PIKKERT, MARCEL  left at 16/08/98 19:24:39
24C ABMT HUMPHRIES, PAUL  left at 16/08/98 19:24:39
24D POET JOHNSON, MICHAEL  left at 16/08/98 19:24:39
24E ABSTD KING, MATTHEW  left at 16/08/98 19:24:39
25A ABBM DORWARD, MARK  left at 16/08/98 19:24:39
25C POMT SHEARING, GARRY  left at 16/08/98 19:24:39
25D LSET ROULSTON, JASON  left at 16/08/98 19:24:39
26A ABBM FOLEY, JOANNE  left at 16/08/98 19:24:39
26C ABMT GAVIN, MICHAEL  left at 16/08/98 19:24:39
26D ABET CRICK, DAMIEN  left at 16/08/98 19:24:39
27A ABBM MANSER, GEOFFREY  left at 16/08/98 19:24:39
27C ABMT RADZIEVIC, CHRISTOPHER  left at 16/08/98 19:24:39
27D SMNET MITCHELL, KABLE  left at 16/08/98 19:24:39
28C ABMT TROTTER, ANTHONY  left at 16/08/98 19:24:39
28D ABET CLIFTON, KEVIN  left at 16/08/98 19:24:39
29A CPOCSM HILL, STEPHEN  left at 16/08/98 19:24:39
29C ABMT CLARK, SHANE  left at 16/08/98 19:24:39
30A POCSS DANIELS, WAYNE  left at 16/08/98 19:24:39
30C ABMT PATTERSON, STEPHEN  left at 16/08/98 19:24:39
31A POCSS FERGUSON, ALLAN  left at 16/08/98 19:24:39
32A LSCSO LAWRIE, GLENN  left at 16/08/98 19:24:39
32C SBLT PHILLIPPS, ZACH  left at 16/08/98 19:24:39
33A LSCSO HUCKSTADT, RODNEY  left at 16/08/98 19:24:39
34A LSCSO CAMPBELL, BRUCE  left at 16/08/98 19:24:39
35A LSCSO JOLEJOLE, SHANE  left at 16/08/98 19:24:39
36A LSCSO KEMP, ADAM  left at 16/08/98 19:24:39
37A LSCSO SKEWES, NATHAN  left at 16/08/98 19:24:39
38A LSCSO NEGUS, OWEN  left at 16/08/98 19:24:39
39A LSCSO PENGILLY, WAYNE  left at 16/08/98 19:24:39
40A ABCSO HARRISON, BRIAN  left at 16/08/98 19:24:39
41A ABCSO BARGERBOS, NATHAN  left at 16/08/98 19:24:39
42A ABCSO FITZSIMONS, MARK  left at 16/08/98 19:24:39
43A ABCSO YOUNG, NEIL  left at 16/08/98 19:24:39
44A ABCSO DAVIS, NATHAN  left at 16/08/98 19:24:39
45A SMNCSO GREENE, PAUL  left at 16/08/98 19:24:39
46A ABCSO HARRIS, SHELLEY  left at 16/08/98 19:24:39
47A SMNCSO VANDERTUUK, YOLANDA  left at 16/08/98 19:24:39
48A SMNCSO PRICE, MARTIN  left at 16/08/98 19:24:39
49A ABCSO CLOUGH, ANTHONY  left at 16/08/98 19:24:39
50A SMNCSO LAWS, PAUL  left at 16/08/98 19:24:39
51A ABCSO McGUINNESS, JADE  left at 16/08/98 19:24:39
52A SMNCSO CUSACK, ROWAN  left at 16/08/98 19:24:39
01A CMDR YORKE, GREGORY  came onboard at 16/08/98 19:24:41
17C CPOMT DAVIES, ADRIAN  came onboard at 16/08/98 19:24:41
17D ABET KELEY, DARREN  came onboard at 16/08/98 19:24:41
17E LSWTR SCRASE, JANELLE  came onboard at 16/08/98 19:24:41
18A LSBM(SE) STUART, CHRISTOPHER  came onboard at 16/08/98 19:24:41
18C POMT HORNE, NIGEL  came onboard at 16/08/98 19:24:41
18D ABET BRENNAN, MICHAEL  came onboard at 16/08/98 19:24:41
18E ABWTR PURCELL, MALCOLM  came onboard at 16/08/98 19:24:41
19A CPOB TRAVIS, DENE  came onboard at 16/08/98 19:24:41
19C LSMT CAINES, BRETT  came onboard at 16/08/98 19:24:41
19D POET SCHARF, ANTHONY  came onboard at 16/08/98 19:24:41
19E POSTD TRENT, ALAN  came onboard at 16/08/98 19:24:41
20A POB CARR, RITSON  came onboard at 16/08/98 19:24:41
20C ABMT MOORE, SHANE  came onboard at 16/08/98 19:24:41
20D LSET BAYLISS, ANDREW  came onboard at 16/08/98 19:24:41
21A LSBM FLEMING, BARRY  came onboard at 16/08/98 19:24:41
22E ABSTD O'MALLEY, SANDRA  came onboard at 16/08/98 19:24:41
23A SMNBM FITZGERALD, DEAN  came onboard at 16/08/98 19:24:41
23C POMT SCHREUDERS, GREGORY  came onboard at 16/08/98 19:24:41
23D ABET O'SHEA, ANDREW  came onboard at 16/08/98 19:24:41
23E ABSTD ZANONI, MARK  came onboard at 16/08/98 19:24:41
24A SMNBM PIKKERT, MARCEL  came onboard at 16/08/98 19:24:41
24C ABMT HUMPHRIES, PAUL  came onboard at 16/08/98 19:24:41
24D POET JOHNSON, MICHAEL  came onboard at 16/08/98 19:24:41
24E ABSTD KING, MATTHEW  came onboard at 16/08/98 19:24:41
25A ABBM DORWARD, MARK  came onboard at 16/08/98 19:24:41
25C POMT SHEARING, GARRY  came onboard at 16/08/98 19:24:41
25D LSET ROULSTON, JASON  came onboard at 16/08/98 19:24:41
26A ABBM FOLEY, JOANNE  came onboard at 16/08/98 19:24:41
01A CMDR YORKE, GREGORY  came onboard at 16/08/98 19:24:43
17C CPOMT DAVIES, ADRIAN  came onboard at 16/08/98 19:24:43
17D ABET KELEY, DARREN  came onboard at 16/08/98 19:24:43
17E LSWTR SCRASE, JANELLE  came onboard at 16/08/98 19:24:43
18A LSBM(SE) STUART, CHRISTOPHER  came onboard at 16/08/98 19:24:43
18C POMT HORNE, NIGEL  came onboard at 16/08/98 19:24:43
18D ABET BRENNAN, MICHAEL  came onboard at 16/08/98 19:24:43
23C POMT SCHREUDERS, GREGORY  came onboard at 16/08/98 19:24:43
23D ABET O'SHEA, ANDREW  came onboard at 16/08/98 19:24:43
23E ABSTD ZANONI, MARK  came onboard at 16/08/98 19:24:43
24A SMNBM PIKKERT, MARCEL  came onboard at 16/08/98 19:24:43
24C ABMT HUMPHRIES, PAUL  came onboard at 16/08/98 19:24:43
24D POET JOHNSON, MICHAEL  came onboard at 16/08/98 19:24:43
24E ABSTD KING, MATTHEW  came onboard at 16/08/98 19:24:43
25A ABBM DORWARD, MARK  came onboard at 16/08/98 19:24:43
25C POMT SHEARING, GARRY  came onboard at 16/08/98 19:24:43
25D LSET ROULSTON, JASON  came onboard at 16/08/98 19:24:43
26A ABBM FOLEY, JOANNE  came onboard at 16/08/98 19:24:43
01A CMDR YORKE, GREGORY  came onboard at 16/08/98 19:24:45
17C CPOMT DAVIES, ADRIAN  came onboard at 16/08/98 19:24:45
17D ABET KELEY, DARREN  came onboard at 16/08/98 19:24:45
17E LSWTR SCRASE, JANELLE  came onboard at 16/08/98 19:24:45
18A LSBM(SE) STUART, CHRISTOPHER  came onboard at 16/08/98 19:24:45
18C POMT HORNE, NIGEL  came onboard at 16/08/98 19:24:45
18D ABET BRENNAN, MICHAEL  came onboard at 16/08/98 19:24:45
23C POMT SCHREUDERS, GREGORY  came onboard at 16/08/98 19:24:45
01A CMDR YORKE, GREGORY  came onboard at 16/08/98 19:24:46
17C CPOMT DAVIES, ADRIAN  came onboard at 16/08/98 19:24:46
17D ABET KELEY, DARREN  came onboard at 16/08/98 19:24:46
17E LSWTR SCRASE, JANELLE  came onboard at 16/08/98 19:24:46
18A LSBM(SE) STUART, CHRISTOPHER  came onboard at 16/08/98 19:24:46
18C POMT HORNE, NIGEL  came onboard at 16/08/98 19:24:46
18D ABET BRENNAN, MICHAEL  came onboard at 16/08/98 19:24:46
23C POMT SCHREUDERS, GREGORY  came onboard at 16/08/98 19:24:46
01B POSY BARNES, DAMIEN  left at 16/08/98 19:24:50
01C LCDR ENGLISH, STEPHEN  left at 16/08/98 19:24:50
01D LCDR BASLEY, STEPHEN  left at 16/08/98 19:24:50
01E LCDR GRUNSELL, ADAM  left at 16/08/98 19:24:50
01F LSMED HORSBURGH, KAREN  left at 16/08/98 19:24:50
02A LCDR VANDYKE, JOHN  left at 16/08/98 19:24:50
02B LSSIG MARSHALL, LEONARD  left at 16/08/98 19:24:50
02C LEUT GRIFFITHS, DARRYL  left at 16/08/98 19:24:50
02D LEUT CHARLES, MARTIN  left at 16/08/98 19:24:50
02E LEUT ROBSON, KELLIE  left at 16/08/98 19:24:50
03A LEUT GODDARD, LEE  left at 16/08/98 19:24:50
03B LSSIG OWEN, CRAIG  left at 16/08/98 19:24:50
03C LEUT WICKHAM, BRETT  left at 16/08/98 19:24:50
03D LEUT DAMM, WAYNE  left at 16/08/98 19:24:50
03E POSN SYMONS, KENNETH  left at 16/08/98 19:24:50
04A LCDR MEAD, JONATHON  left at 16/08/98 19:24:50
04B ABSIG GERDTZ, PAUL  left at 16/08/98 19:24:50
04C CPOMT SCHNEIDEREIT, RALPH  left at 16/08/98 19:24:50
04D CPOET HALL, ADAM  left at 16/08/98 19:24:50
04E LSSN PHILLIPS, PAUL  left at 16/08/98 19:24:50
05A LEUT JONES, JUSTIN  left at 16/08/98 19:24:50
05B SMNSIG MUIR, MARK  left at 16/08/98 19:24:50
05C POMT BRADEN, NICHOLAS  left at 16/08/98 19:24:50
05D POET LLOYD, ROBERT  left at 16/08/98 19:24:50
05E ABSN POLLOCK, MICHAEL  left at 16/08/98 19:24:50
06A SBLT JONES, TRAVIS  left at 16/08/98 19:24:50
06B ABSIG PARKER, ARRON  left at 16/08/98 19:24:50
06C LSMT KARAM, JONATHON  left at 16/08/98 19:24:50
06D LSET NORRIS, DAMEON  left at 16/08/98 19:24:50
06E ABSN HENSCHKE, PATRICIA  left at 16/08/98 19:24:50
07A LEUT O'GRADY, PAUL  left at 16/08/98 19:24:50
07B ABSIG FISHER, KIM  left at 16/08/98 19:24:50
07C ABMT WALSH, MATTHEW  left at 16/08/98 19:24:50
07D ABET HANNEMANN, TONY  left at 16/08/98 19:24:50
07E LSSN BARTON-ANCLIFFE, KATHERINE  left at 16/08/98 19:24:50
08B PORS DUMMETT, STEPHEN  left at 16/08/98 19:24:50
08C ABMT BRIGGS, ANDREW  left at 16/08/98 19:24:50
08D CPOET WALKER, JOHN  left at 16/08/98 19:24:50
08E ABSN KING, ANTHONY  left at 16/08/98 19:24:50
09A SBLT BAIRD, PETER  left at 16/08/98 19:24:50
09B LSRO FAWCETT, DONALD  left at 16/08/98 19:24:50
09C POMT PARRY, CAMERON  left at 16/08/98 19:24:50
09D POET GROSE, CHRISTOPHER  left at 16/08/98 19:24:50
09E CPOCK HARNETT, GARY  left at 16/08/98 19:24:50
10A SBLT ROSSER, NARELLE  left at 16/08/98 19:24:50
10B LSRO ELLIOTT, KENNETH  left at 16/08/98 19:24:50
10C LSMT OLIVER, JOHN  left at 16/08/98 19:24:50
10D POET THOMASON, DAVID  left at 16/08/98 19:24:50
10E LSCK CHEYNE, SANDRA  left at 16/08/98 19:24:50
11B ABRO EGAN, WARREN  left at 16/08/98 19:24:50
11C ABMT SALAMON, FRANK  left at 16/08/98 19:24:50
11D LSET ROBINSON, DAVID  left at 16/08/98 19:24:50
11E LSCK CUTLER, GRAEME  left at 16/08/98 19:24:50
12C ABMT YORK, BENJAMIN  left at 16/08/98 19:24:50
12D LSET SMITH, DANIEL  left at 16/08/98 19:24:50
13B ABRO HINDER, CHRISTOPHER  left at 16/08/98 19:24:50
13C LSMT RAJECKI, PAUL  left at 16/08/98 19:24:50
13D LSET SHELTON, KENNETH  left at 16/08/98 19:24:50
13E ABCK KELLEHER, ANTHONY  left at 16/08/98 19:24:50
14A CPONPC LENNOX, DAVID  left at 16/08/98 19:24:50
14B ABRO TELFORD, DIANNE  left at 16/08/98 19:24:50
14C LSMT WINN, SCOTT  left at 16/08/98 19:24:50
14D ABET STONE, ADRIAN  left at 16/08/98 19:24:50
14E ABCK GERLACH, TIMITHY  left at 16/08/98 19:24:50
15A LSNPC CHAPMAN, MARY  left at 16/08/98 19:24:50
15B ABEWL ELLIOTT, PAUL  left at 16/08/98 19:24:50
15C POMT COCKERILL, EWEN  left at 16/08/98 19:24:50
15D ABET GOODALL, DAVID  left at 16/08/98 19:24:50
15E ABCK MCCULLOCH, ANDREW  left at 16/08/98 19:24:50
16A LSCD GRAVES, MICHAEL  left at 16/08/98 19:24:50
16B ABEWT MAXWELL, KENT  left at 16/08/98 19:24:50
16C ABMT HARTLEY, LEON  left at 16/08/98 19:24:50
16D ABET WIGHT, JACQUELINE  left at 16/08/98 19:24:50
16E POWTR POLLARD, STEWART  left at 16/08/98 19:24:50
17A LSPT DUNCAN, JASON  left at 16/08/98 19:24:50
17E LSWTR SCRASE, JANELLE  left at 16/08/98 19:24:50
18A LSBM(SE) STUART, CHRISTOPHER  left at 16/08/98 19:24:50
18C POMT HORNE, NIGEL  left at 16/08/98 19:24:50
18D ABET BRENNAN, MICHAEL  left at 16/08/98 19:24:50
18E ABWTR PURCELL, MALCOLM  left at 16/08/98 19:24:50
19A CPOB TRAVIS, DENE  left at 16/08/98 19:24:50
19C LSMT CAINES, BRETT  left at 16/08/98 19:24:50
19D POET SCHARF, ANTHONY  left at 16/08/98 19:24:50
19E POSTD TRENT, ALAN  left at 16/08/98 19:24:50
20A POB CARR, RITSON  left at 16/08/98 19:24:50
20C ABMT MOORE, SHANE  left at 16/08/98 19:24:50
20D LSET BAYLISS, ANDREW  left at 16/08/98 19:24:50
20E LSSTD WINSHIP, TIMOTHY  left at 16/08/98 19:24:50
21A LSBM FLEMING, BARRY  left at 16/08/98 19:24:50
21C ABMT TURNHAM, MARK  left at 16/08/98 19:24:50
21E LSSTD SPOONER, MARINA  left at 16/08/98 19:24:50
22A ABBM SANTOS, ALFONSO  left at 16/08/98 19:24:50
22C LSMT KREINDL, STEVEN  left at 16/08/98 19:24:50
22D ABET FULLERTON, SEAN  left at 16/08/98 19:24:50
22D ABET GRENFELL, SCOTT  left at 16/08/98 19:24:50
22E ABSTD O'MALLEY, SANDRA  left at 16/08/98 19:24:50
23A SMNBM FITZGERALD, DEAN  left at 16/08/98 19:24:50
23C POMT SCHREUDERS, GREGORY  left at 16/08/98 19:24:50
23D ABET O'SHEA, ANDREW  left at 16/08/98 19:24:50
23E ABSTD ZANONI, MARK  left at 16/08/98 19:24:50
24A SMNBM PIKKERT, MARCEL  left at 16/08/98 19:24:50
24C ABMT HUMPHRIES, PAUL  left at 16/08/98 19:24:50
24D POET JOHNSON, MICHAEL  left at 16/08/98 19:24:50
24E ABSTD KING, MATTHEW  left at 16/08/98 19:24:50
25A ABBM DORWARD, MARK  left at 16/08/98 19:24:50
25C POMT SHEARING, GARRY  left at 16/08/98 19:24:50
25D LSET ROULSTON, JASON  left at 16/08/98 19:24:50
26A ABBM FOLEY, JOANNE  left at 16/08/98 19:24:50
26C ABMT GAVIN, MICHAEL  left at 16/08/98 19:24:50
26D ABET CRICK, DAMIEN  left at 16/08/98 19:24:50
27A ABBM MANSER, GEOFFREY  left at 16/08/98 19:24:50
27C ABMT RADZIEVIC, CHRISTOPHER  left at 16/08/98 19:24:50
27D SMNET MITCHELL, KABLE  left at 16/08/98 19:24:50
28C ABMT TROTTER, ANTHONY  left at 16/08/98 19:24:50
28D ABET CLIFTON, KEVIN  left at 16/08/98 19:24:50
29A CPOCSM HILL, STEPHEN  left at 16/08/98 19:24:50
29C ABMT CLARK, SHANE  left at 16/08/98 19:24:50
30A POCSS DANIELS, WAYNE  left at 16/08/98 19:24:50
30C ABMT PATTERSON, STEPHEN  left at 16/08/98 19:24:50
31A POCSS FERGUSON, ALLAN  left at 16/08/98 19:24:50
32A LSCSO LAWRIE, GLENN  left at 16/08/98 19:24:50
32C SBLT PHILLIPPS, ZACH  left at 16/08/98 19:24:50
33A LSCSO HUCKSTADT, RODNEY  left at 16/08/98 19:24:50
34A LSCSO CAMPBELL, BRUCE  left at 16/08/98 19:24:50
35A LSCSO JOLEJOLE, SHANE  left at 16/08/98 19:24:50
36A LSCSO KEMP, ADAM  left at 16/08/98 19:24:50
37A LSCSO SKEWES, NATHAN  left at 16/08/98 19:24:50
38A LSCSO NEGUS, OWEN  left at 16/08/98 19:24:50
39A LSCSO PENGILLY, WAYNE  left at 16/08/98 19:24:50
40A ABCSO HARRISON, BRIAN  left at 16/08/98 19:24:50
41A ABCSO BARGERBOS, NATHAN  left at 16/08/98 19:24:50
42A ABCSO FITZSIMONS, MARK  left at 16/08/98 19:24:50
43A ABCSO YOUNG, NEIL  left at 16/08/98 19:24:50
44A ABCSO DAVIS, NATHAN  left at 16/08/98 19:24:50
45A SMNCSO GREENE, PAUL  left at 16/08/98 19:24:50
46A ABCSO HARRIS, SHELLEY  left at 16/08/98 19:24:50
47A SMNCSO VANDERTUUK, YOLANDA  left at 16/08/98 19:24:50
48A SMNCSO PRICE, MARTIN  left at 16/08/98 19:24:50
49A ABCSO CLOUGH, ANTHONY  left at 16/08/98 19:24:50
50A SMNCSO LAWS, PAUL  left at 16/08/98 19:24:50
51A ABCSO McGUINNESS, JADE  left at 16/08/98 19:24:50
52A SMNCSO CUSACK, ROWAN  left at 16/08/98 19:24:50
01A CMDR YORKE, GREGORY (143) came onboard at 16/08/98 20:07:03
21A LSBM FLEMING, BARRY (39) came onboard at 16/08/98 20:07:03
21A LSBM FLEMING, BARRY (39) came onboard at 16/08/98 20:07:17
